0	0	0	0	0	0
255	0	0	216	10	4
511	0	0	451	28	12
767	0	0	686	58	25
1023	0	0	921	100	43
1279	0	0	1156	157	67
1535	0	0	1391	222	98
1791	0	0	1626	287	136
2047	0	0	1861	352	181
2303	0	0	2096	417	226
2559	0	0	2331	482	272
2815	0	0	2566	547	318
3071	0	0	2802	612	364
3327	0	0	3037	677	409
3583	0	0	3272	742	455
3839	0	0	3507	807	501
4095	0	0	3742	872	547
0	255	0	57	242	22
255	255	0	260	250	26
511	255	0	476	263	34
767	255	0	703	284	47
1023	255	0	933	312	65
1279	255	0	1166	346	89
1535	255	0	1399	386	120
1791	255	0	1632	430	158
2047	255	0	1867	477	200
2303	255	0	2101	528	244
2559	255	0	2335	581	287
2815	255	0	2570	636	331
3071	255	0	2805	693	376
3327	255	0	3039	751	420
3583	255	0	3274	809	465
3839	255	0	3509	869	510
4095	255	0	3744	929	555
0	511	0	158	492	61
255	511	0	327	496	66
511	511	0	518	503	73
767	511	0	732	515	86
1023	511	0	955	532	104
1279	511	0	1182	554	129
1535	511	0	1412	580	160
1791	511	0	1644	611	195
2047	511	0	1876	646	233
2303	511	0	2109	684	272
2559	511	0	2343	725	313
2815	511	0	2576	770	354
3071	511	0	2810	816	396
3327	511	0	3045	865	439
3583	511	0	3279	916	482
3839	511	0	3513	969	526
4095	511	0	3748	1022	569
0	767	0	292	741	125
255	767	0	417	744	130
511	767	0	581	749	137
767	767	0	777	757	150
1023	767	0	989	768	168
1279	767	0	1209	783	191
1535	767	0	1434	802	218
1791	767	0	1662	824	248
2047	767	0	1891	849	280
2303	767	0	2122	878	315
2559	767	0	2354	910	351
2815	767	0	2587	945	389
3071	767	0	2820	983	428
3327	767	0	3053	1023	468
3583	767	0	3286	1065	509
3839	767	0	3520	1110	550
4095	767	0	3754	1156	592
0	1023	0	425	990	213
255	1023	0	521	992	216
511	1023	0	660	996	223
767	1023	0	837	1002	233
1023	1023	0	1035	1010	247
1279	1023	0	1246	1021	265
1535	1023	0	1464	1035	286
1791	1023	0	1687	1052	311
2047	1023	0	1913	1071	338
2303	1023	0	2141	1094	368
2559	1023	0	2371	1119	401
2815	1023	0	2601	1147	435
3071	1023	0	2833	1177	470
3327	1023	0	3065	1210	507
3583	1023	0	3297	1245	545
3839	1023	0	3530	1282	584
4095	1023	0	3763	1321	624
0	1279	0	558	1240	302
255	1279	0	635	1241	305
511	1279	0	752	1244	310
767	1279	0	910	1248	318
1023	1279	0	1094	1255	329
1279	1279	0	1294	1264	344
1535	1279	0	1504	1274	361
1791	1279	0	1721	1288	382
2047	1279	0	1942	1303	405
2303	1279	0	2166	1321	431
2559	1279	0	2393	1341	459
2815	1279	0	2621	1364	489
3071	1279	0	2850	1388	521
3327	1279	0	3080	1415	555
3583	1279	0	3312	1445	590
3839	1279	0	3543	1476	626
4095	1279	0	3775	1509	663
0	1535	0	691	1489	392
255	1535	0	754	1490	394
511	1535	0	855	1492	398
767	1535	0	995	1496	405
1023	1535	0	1163	1501	414
1279	1535	0	1351	1508	426
1535	1535	0	1552	1517	440
1791	1535	0	1762	1528	458
2047	1535	0	1977	1540	478
2303	1535	0	2197	1555	500
2559	1535	0	2420	1571	525
2815	1535	0	2645	1590	552
3071	1535	0	2872	1611	580
3327	1535	0	3100	1633	610
3583	1535	0	3330	1658	642
3839	1535	0	3560	1685	675
4095	1535	0	3791	1713	710
0	1791	0	825	1738	482
255	1791	0	877	1739	484
511	1791	0	964	1741	487
767	1791	0	1088	1744	492
1023	1791	0	1243	1748	500
1279	1791	0	1418	1754	510
1535	1791	0	1609	1761	522
1791	1791	0	1811	1770	537
2047	1791	0	2020	1781	554
2303	1791	0	2235	1793	574
2559	1791	0	2453	1807	596
2815	1791	0	2675	1823	619
3071	1791	0	2899	1840	645
3327	1791	0	3124	1860	672
3583	1791	0	3352	1881	701
3839	1791	0	3580	1903	731
4095	1791	0	3809	1928	763
0	2047	0	958	1987	572
255	2047	0	1003	1988	573
511	2047	0	1078	1990	576
767	2047	0	1189	1992	581
1023	2047	0	1330	1996	587
1279	2047	0	1494	2001	596
1535	2047	0	1674	2007	606
1791	2047	0	1867	2015	619
2047	2047	0	2069	2024	634
2303	2047	0	2278	2034	651
2559	2047	0	2492	2046	670
2815	2047	0	2710	2060	691
3071	2047	0	2930	2075	714
3327	2047	0	3153	2091	739
3583	2047	0	3378	2109	765
3839	2047	0	3604	2129	793
4095	2047	0	3831	2150	822
0	2303	0	1091	2237	661
255	2303	0	1130	2238	663
511	2303	0	1196	2239	665
767	2303	0	1296	2241	669
1023	2303	0	1424	2244	675
1279	2303	0	1576	2248	682
1535	2303	0	1747	2254	691
1791	2303	0	1931	2260	703
2047	2303	0	2125	2268	716
2303	2303	0	2328	2277	731
2559	2303	0	2536	2287	748
2815	2303	0	2750	2299	767
3071	2303	0	2966	2312	787
3327	2303	0	3186	2327	809
3583	2303	0	3408	2343	833
3839	2303	0	3631	2360	859
4095	2303	0	3857	2379	885
0	2559	0	1225	2486	751
255	2559	0	1259	2487	752
511	2559	0	1317	2488	755
767	2559	0	1407	2490	758
1023	2559	0	1524	2493	763
1279	2559	0	1665	2496	769
1535	2559	0	1825	2501	778
1791	2559	0	2001	2507	787
2047	2559	0	2188	2513	799
2303	2559	0	2384	2521	813
2559	2559	0	2586	2530	828
2815	2559	0	2795	2541	845
3071	2559	0	3007	2552	863
3327	2559	0	3223	2565	883
3583	2559	0	3442	2579	905
3839	2559	0	3663	2594	928
4095	2559	0	3886	2611	953
0	2815	0	1358	2735	841
255	2815	0	1388	2736	842
511	2815	0	1441	2737	844
767	2815	0	1521	2739	847
1023	2815	0	1629	2741	851
1279	2815	0	1760	2744	857
1535	2815	0	1910	2749	864
1791	2815	0	2077	2754	873
2047	2815	0	2256	2760	884
2303	2815	0	2445	2767	896
2559	2815	0	2642	2775	909
2815	2815	0	2845	2784	924
3071	2815	0	3053	2794	941
3327	2815	0	3265	2805	960
3583	2815	0	3480	2818	979
3839	2815	0	3698	2832	1001
4095	2815	0	3919	2846	1023
0	3071	0	1491	2985	931
255	3071	0	1519	2985	932
511	3071	0	1566	2986	933
767	3071	0	1639	2988	936
1023	3071	0	1738	2990	940
1279	3071	0	1859	2993	945
1535	3071	0	2001	2996	952
1791	3071	0	2159	3001	960
2047	3071	0	2330	3006	969
2303	3071	0	2512	3013	980
2559	3071	0	2702	3020	992
2815	3071	0	2900	3028	1006
3071	3071	0	3103	3037	1021
3327	3071	0	3311	3047	1038
3583	3071	0	3523	3059	1056
3839	3071	0	3738	3071	1076
4095	3071	0	3955	3084	1097
0	3327	0	1625	3234	1021
255	3327	0	1649	3234	1021
511	3327	0	1692	3235	1023
767	3327	0	1759	3237	1025
1023	3327	0	1850	3239	1029
1279	3327	0	1963	3241	1034
1535	3327	0	2096	3245	1040
1791	3327	0	2245	3249	1047
2047	3327	0	2409	3253	1055
2303	3327	0	2584	3259	1065
2559	3327	0	2768	3266	1076
2815	3327	0	2960	3273	1089
3071	3327	0	3158	3281	1103
3327	3327	0	3362	3291	1118
3583	3327	0	3570	3301	1135
3839	3327	0	3781	3312	1153
4095	3327	0	3995	3324	1172
0	3583	0	1758	3483	1110
255	3583	0	1780	3484	1111
511	3583	0	1819	3484	1113
767	3583	0	1880	3486	1115
1023	3583	0	1964	3487	1118
1279	3583	0	2070	3490	1122
1535	3583	0	2195	3493	1128
1791	3583	0	2336	3497	1134
2047	3583	0	2492	3501	1142
2303	3583	0	2660	3506	1151
2559	3583	0	2838	3512	1161
2815	3583	0	3025	3519	1173
3071	3583	0	3218	3526	1185
3327	3583	0	3417	3535	1200
3583	3583	0	3621	3544	1215
3839	3583	0	3828	3554	1232
4095	3583	0	4039	3565	1249
0	3839	0	1891	3733	1200
255	3839	0	1912	3733	1201
511	3839	0	1947	3734	1202
767	3839	0	2004	3735	1204
1023	3839	0	2082	3736	1207
1279	3839	0	2180	3739	1211
1535	3839	0	2297	3741	1216
1791	3839	0	2431	3745	1222
2047	3839	0	2580	3749	1229
2303	3839	0	2741	3753	1237
2559	3839	0	2913	3759	1247
2815	3839	0	3094	3765	1257
3071	3839	0	3282	3772	1269
3327	3839	0	3476	3780	1282
3583	3839	0	3675	3788	1296
3839	3839	0	3879	3797	1312
4095	3839	0	4087	3807	1328
0	4095	0	2025	3982	1290
255	4095	0	2043	3982	1291
511	4095	0	2076	3983	1292
767	4095	0	2128	3984	1294
1023	4095	0	2201	3985	1296
1279	4095	0	2293	3987	1300
1535	4095	0	2403	3990	1304
1791	4095	0	2530	3993	1310
2047	4095	0	2672	3997	1316
2303	4095	0	2826	4001	1324
2559	4095	0	2992	4006	1333
2815	4095	0	3167	4012	1343
3071	4095	0	3349	4018	1353
3327	4095	0	3539	4025	1366
3583	4095	0	3734	4033	1379
3839	4095	0	3934	4041	1393
4095	4095	0	4095	4009	1394
0	0	255	11	3	219
255	0	255	225	13	223
511	0	255	456	31	229
767	0	255	689	61	239
1023	0	255	923	103	253
1279	0	255	1158	160	270
1535	0	255	1393	224	291
1791	0	255	1627	289	316
2047	0	255	1862	354	343
2303	0	255	2097	418	373
2559	0	255	2332	483	405
2815	0	255	2567	548	438
3071	0	255	2802	613	474
3327	0	255	3037	678	510
3583	0	255	3272	743	548
3839	0	255	3507	808	587
4095	0	255	3742	873	626
0	255	255	68	245	237
255	255	255	268	252	240
511	255	255	481	265	246
767	255	255	706	286	256
1023	255	255	936	314	269
1279	255	255	1167	348	286
1535	255	255	1400	387	306
1791	255	255	1634	431	329
2047	255	255	1868	479	356
2303	255	255	2102	529	385
2559	255	255	2336	582	416
2815	255	255	2571	637	449
3071	255	255	2805	694	483
3327	255	255	3040	751	519
3583	255	255	3275	810	556
3839	255	255	3510	870	594
4095	255	255	3744	930	633
0	511	255	169	493	266
255	511	255	333	497	269
511	511	255	523	505	275
767	511	255	735	517	283
1023	511	255	957	533	295
1279	511	255	1184	555	311
1535	511	255	1414	581	330
1791	511	255	1645	612	352
2047	511	255	1877	646	377
2303	511	255	2110	685	405
2559	511	255	2343	726	435
2815	511	255	2577	770	466
3071	511	255	2811	817	500
3327	511	255	3045	866	535
3583	511	255	3279	917	571
3839	511	255	3514	969	608
4095	511	255	3748	1023	646
0	767	255	299	742	309
255	767	255	422	745	312
511	767	255	585	750	317
767	767	255	780	758	325
1023	767	255	991	769	335
1279	767	255	1211	784	350
1535	767	255	1435	802	367
1791	767	255	1663	824	387
2047	767	255	1892	850	410
2303	767	255	2123	879	436
2559	767	255	2355	911	464
2815	767	255	2587	946	494
3071	767	255	2820	983	526
3327	767	255	3053	1024	559
3583	767	255	3287	1066	594
3839	767	255	3521	1110	629
4095	767	255	3755	1157	666
0	1023	255	430	991	364
255	1023	255	526	993	366
511	1023	255	663	997	370
767	1023	255	839	1002	377
1023	1023	255	1037	1011	387
1279	1023	255	1248	1022	399
1535	1023	255	1466	1036	415
1791	1023	255	1688	1052	433
2047	1023	255	1914	1072	454
2303	1023	255	2142	1094	478
2559	1023	255	2372	1119	503
2815	1023	255	2602	1147	531
3071	1023	255	2833	1177	561
3327	1023	255	3065	1210	592
3583	1023	255	3298	1245	625
3839	1023	255	3531	1283	659
4095	1023	255	3764	1322	694
0	1279	255	562	1240	427
255	1279	255	639	1242	429
511	1279	255	755	1244	433
767	1279	255	913	1249	439
1023	1279	255	1096	1255	447
1279	1279	255	1295	1264	458
1535	1279	255	1505	1275	472
1791	1279	255	1722	1288	488
2047	1279	255	1943	1303	507
2303	1279	255	2167	1321	528
2559	1279	255	2393	1341	552
2815	1279	255	2621	1364	577
3071	1279	255	2851	1389	604
3327	1279	255	3081	1416	634
3583	1279	255	3312	1445	664
3839	1279	255	3544	1476	696
4095	1279	255	3776	1510	730
0	1535	255	695	1489	496
255	1535	255	757	1491	498
511	1535	255	857	1493	501
767	1535	255	997	1496	507
1023	1535	255	1165	1502	514
1279	1535	255	1353	1509	524
1535	1535	255	1554	1517	536
1791	1535	255	1763	1528	550
2047	1535	255	1978	1541	567
2303	1535	255	2198	1555	586
2559	1535	255	2421	1572	607
2815	1535	255	2646	1590	631
3071	1535	255	2873	1611	656
3327	1535	255	3101	1634	683
3583	1535	255	3330	1658	711
3839	1535	255	3560	1685	741
4095	1535	255	3791	1713	772
0	1791	255	827	1738	571
255	1791	255	880	1740	572
511	1791	255	966	1741	575
767	1791	255	1090	1744	580
1023	1791	255	1244	1749	586
1279	1791	255	1420	1754	595
1535	1791	255	1611	1762	605
1791	1791	255	1812	1771	618
2047	1791	255	2021	1781	633
2303	1791	255	2235	1793	650
2559	1791	255	2454	1807	669
2815	1791	255	2675	1823	690
3071	1791	255	2899	1841	713
3327	1791	255	3125	1860	738
3583	1791	255	3352	1881	764
3839	1791	255	3580	1904	792
4095	1791	255	3809	1928	821
0	2047	255	960	1988	648
255	2047	255	1005	1989	650
511	2047	255	1080	1990	652
767	2047	255	1191	1993	656
1023	2047	255	1331	1996	662
1279	2047	255	1495	2001	669
1535	2047	255	1675	2007	679
1791	2047	255	1868	2015	690
2047	2047	255	2070	2024	704
2303	2047	255	2279	2034	719
2559	2047	255	2493	2046	736
2815	2047	255	2710	2060	755
3071	2047	255	2931	2075	776
3327	2047	255	3153	2091	799
3583	2047	255	3378	2110	823
3839	2047	255	3604	2129	849
4095	2047	255	3831	2151	876
0	2303	255	1093	2237	728
255	2303	255	1132	2238	730
511	2303	255	1198	2239	732
767	2303	255	1297	2241	735
1023	2303	255	1425	2244	740
1279	2303	255	1577	2249	747
1535	2303	255	1748	2254	756
1791	2303	255	1932	2261	766
2047	2303	255	2126	2268	778
2303	2303	255	2329	2277	791
2559	2303	255	2537	2288	807
2815	2303	255	2750	2299	824
3071	2303	255	2967	2312	843
3327	2303	255	3186	2327	864
3583	2303	255	3408	2343	886
3839	2303	255	3632	2360	910
4095	2303	255	3857	2379	935
0	2559	255	1226	2486	810
255	2559	255	1261	2487	811
511	2559	255	1319	2488	813
767	2559	255	1408	2490	816
1023	2559	255	1525	2493	821
1279	2559	255	1666	2496	827
1535	2559	255	1827	2501	835
1791	2559	255	2002	2507	844
2047	2559	255	2189	2514	855
2303	2559	255	2384	2522	867
2559	2559	255	2587	2531	881
2815	2559	255	2795	2541	897
3071	2559	255	3008	2552	914
3327	2559	255	3224	2565	933
3583	2559	255	3442	2579	954
3839	2559	255	3663	2595	975
4095	2559	255	3886	2611	999
0	2815	255	1360	2736	894
255	2815	255	1390	2736	895
511	2815	255	1442	2737	896
767	2815	255	1523	2739	899
1023	2815	255	1630	2741	903
1279	2815	255	1761	2745	909
1535	2815	255	1911	2749	915
1791	2815	255	2078	2754	924
2047	2815	255	2257	2760	934
2303	2815	255	2446	2767	945
2559	2815	255	2643	2775	958
2815	2815	255	2846	2784	972
3071	2815	255	3054	2794	988
3327	2815	255	3266	2806	1005
3583	2815	255	3481	2818	1024
3839	2815	255	3699	2832	1044
4095	2815	255	3919	2847	1066
0	3071	255	1493	2985	978
255	3071	255	1520	2985	979
511	3071	255	1567	2986	981
767	3071	255	1640	2988	983
1023	3071	255	1739	2990	987
1279	3071	255	1860	2993	992
1535	3071	255	2002	2997	998
1791	3071	255	2159	3001	1005
2047	3071	255	2331	3006	1014
2303	3071	255	2512	3013	1025
2559	3071	255	2703	3020	1036
2815	3071	255	2901	3028	1049
3071	3071	255	3104	3037	1064
3327	3071	255	3312	3048	1080
3583	3071	255	3523	3059	1097
3839	3071	255	3738	3071	1116
4095	3071	255	3955	3084	1136
0	3327	255	1626	3234	1063
255	3327	255	1650	3235	1064
511	3327	255	1693	3235	1066
767	3327	255	1760	3237	1068
1023	3327	255	1851	3239	1071
1279	3327	255	1964	3241	1076
1535	3327	255	2096	3245	1081
1791	3327	255	2246	3249	1088
2047	3327	255	2409	3254	1096
2303	3327	255	2584	3259	1106
2559	3327	255	2769	3266	1116
2815	3327	255	2961	3273	1129
3071	3327	255	3159	3281	1142
3327	3327	255	3362	3291	1157
3583	3327	255	3570	3301	1173
3839	3327	255	3781	3312	1190
4095	3327	255	3996	3324	1209
0	3583	255	1759	3483	1149
255	3583	255	1781	3484	1150
511	3583	255	1820	3485	1151
767	3583	255	1881	3486	1153
1023	3583	255	1965	3488	1157
1279	3583	255	2071	3490	1161
1535	3583	255	2195	3493	1166
1791	3583	255	2337	3497	1172
2047	3583	255	2493	3501	1180
2303	3583	255	2661	3506	1188
2559	3583	255	2839	3512	1198
2815	3583	255	3025	3519	1209
3071	3583	255	3218	3526	1222
3327	3583	255	3417	3535	1235
3583	3583	255	3621	3544	1250
3839	3583	255	3829	3554	1266
4095	3583	255	4039	3565	1283
0	3839	255	1892	3733	1236
255	3839	255	1913	3733	1236
511	3839	255	1948	3734	1238
767	3839	255	2005	3735	1240
1023	3839	255	2082	3736	1242
1279	3839	255	2181	3739	1246
1535	3839	255	2298	3741	1251
1791	3839	255	2432	3745	1257
2047	3839	255	2581	3749	1264
2303	3839	255	2742	3754	1272
2559	3839	255	2914	3759	1281
2815	3839	255	3094	3765	1291
3071	3839	255	3282	3772	1302
3327	3839	255	3476	3780	1315
3583	3839	255	3676	3788	1329
3839	3839	255	3879	3797	1344
4095	3839	255	4087	3808	1360
0	4095	255	2026	3982	1323
255	4095	255	2044	3982	1323
511	4095	255	2077	3983	1324
767	4095	255	2129	3984	1326
1023	4095	255	2202	3985	1329
1279	4095	255	2293	3987	1332
1535	4095	255	2404	3990	1337
1791	4095	255	2531	3993	1342
2047	4095	255	2672	3997	1348
2303	4095	255	2827	4001	1356
2559	4095	255	2992	4006	1364
2815	4095	255	3167	4012	1374
3071	4095	255	3350	4018	1384
3327	4095	255	3539	4025	1396
3583	4095	255	3734	4033	1409
3839	4095	255	3934	4042	1423
4095	4095	255	4095	4009	1423
0	0	511	30	8	456
255	0	511	240	18	458
511	0	511	464	36	462
767	0	511	695	66	467
1023	0	511	927	108	475
1279	0	511	1161	165	486
1535	0	511	1395	229	499
1791	0	511	1630	292	514
2047	0	511	1864	357	532
2303	0	511	2099	421	552
2559	0	511	2334	486	575
2815	0	511	2568	550	599
3071	0	511	2803	615	626
3327	0	511	3038	680	654
3583	0	511	3273	744	684
3839	0	511	3508	809	715
4095	0	511	3743	874	747
0	255	511	87	249	466
255	255	511	281	256	468
511	255	511	489	269	471
767	255	511	711	290	477
1023	255	511	940	317	485
1279	255	511	1171	351	495
1535	255	511	1403	390	508
1791	255	511	1636	434	523
2047	255	511	1869	481	540
2303	255	511	2103	531	560
2559	255	511	2338	584	583
2815	255	511	2572	639	607
3071	255	511	2806	695	633
3327	255	511	3041	753	661
3583	255	511	3276	811	690
3839	255	511	3510	871	721
4095	255	511	3745	931	753
0	511	511	187	495	483
255	511	511	345	499	485
511	511	511	530	507	488
767	511	511	740	519	494
1023	511	511	961	535	501
1279	511	511	1187	557	511
1535	511	511	1416	583	523
1791	511	511	1647	614	538
2047	511	511	1879	648	555
2303	511	511	2112	686	575
2559	511	511	2345	728	596
2815	511	511	2578	772	620
3071	511	511	2812	819	646
3327	511	511	3046	867	673
3583	511	511	3280	918	702
3839	511	511	3515	970	732
4095	511	511	3749	1024	764
0	767	511	311	743	510
255	767	511	431	746	511
511	767	511	591	751	515
767	767	511	785	759	520
1023	767	511	995	770	527
1279	767	511	1214	785	536
1535	767	511	1438	804	548
1791	767	511	1665	826	562
2047	767	511	1894	851	579
2303	767	511	2125	880	597
2559	767	511	2356	912	618
2815	767	511	2589	947	641
3071	767	511	2821	984	666
3327	767	511	3054	1025	692
3583	767	511	3288	1067	720
3839	767	511	3521	1111	750
4095	767	511	3755	1157	781
0	1023	511	439	992	546
255	1023	511	533	994	548
511	1023	511	669	998	550
767	1023	511	844	1003	555
1023	1023	511	1041	1012	562
1279	1023	511	1251	1023	571
1535	1023	511	1468	1037	582
1791	1023	511	1691	1053	595
2047	1023	511	1916	1073	611
2303	1023	511	2144	1095	629
2559	1023	511	2373	1120	648
2815	1023	511	2603	1148	670
3071	1023	511	2834	1178	694
3327	1023	511	3066	1211	719
3583	1023	511	3299	1246	746
3839	1023	511	3531	1283	775
4095	1023	511	3764	1323	805
0	1279	511	569	1241	591
255	1279	511	645	1242	592
511	1279	511	761	1245	595
767	1279	511	917	1250	599
1023	1279	511	1099	1256	606
1279	1279	511	1298	1265	614
1535	1279	511	1508	1276	624
1791	1279	511	1724	1289	637
2047	1279	511	1945	1304	651
2303	1279	511	2168	1322	668
2559	1279	511	2395	1342	686
2815	1279	511	2623	1365	707
3071	1279	511	2852	1389	729
3327	1279	511	3082	1416	753
3583	1279	511	3313	1446	779
3839	1279	511	3544	1477	806
4095	1279	511	3776	1510	835
0	1535	511	700	1490	643
255	1535	511	763	1491	644
511	1535	511	862	1493	647
767	1535	511	1001	1497	651
1023	1535	511	1168	1502	657
1279	1535	511	1356	1509	664
1535	1535	511	1556	1518	674
1791	1535	511	1765	1529	685
2047	1535	511	1980	1541	699
2303	1535	511	2200	1556	714
2559	1535	511	2422	1572	732
2815	1535	511	2647	1591	751
3071	1535	511	2874	1612	772
3327	1535	511	3102	1634	795
3583	1535	511	3331	1659	819
3839	1535	511	3561	1685	845
4095	1535	511	3792	1714	872
0	1791	511	832	1739	702
255	1791	511	884	1740	703
511	1791	511	970	1742	705
767	1791	511	1094	1745	709
1023	1791	511	1247	1749	714
1279	1791	511	1422	1755	721
1535	1791	511	1613	1762	730
1791	1791	511	1814	1771	740
2047	1791	511	2023	1782	753
2303	1791	511	2237	1794	767
2559	1791	511	2455	1808	783
2815	1791	511	2677	1824	801
3071	1791	511	2900	1841	821
3327	1791	511	3126	1860	842
3583	1791	511	3353	1881	865
3839	1791	511	3581	1904	889
4095	1791	511	3810	1928	915
0	2047	511	964	1988	766
255	2047	511	1009	1989	767
511	2047	511	1084	1991	769
767	2047	511	1194	1993	772
1023	2047	511	1334	1997	777
1279	2047	511	1497	2002	783
1535	2047	511	1677	2008	791
1791	2047	511	1870	2015	801
2047	2047	511	2072	2024	813
2303	2047	511	2280	2035	826
2559	2047	511	2494	2047	841
2815	2047	511	2711	2060	857
3071	2047	511	2932	2075	875
3327	2047	511	3154	2092	895
3583	2047	511	3379	2110	917
3839	2047	511	3605	2130	939
4095	2047	511	3832	2151	964
0	2303	511	1097	2237	834
255	2303	511	1136	2238	835
511	2303	511	1201	2239	837
767	2303	511	1300	2242	840
1023	2303	511	1428	2245	844
1279	2303	511	1580	2249	850
1535	2303	511	1750	2254	857
1791	2303	511	1933	2261	866
2047	2303	511	2128	2269	877
2303	2303	511	2330	2278	889
2559	2303	511	2538	2288	903
2815	2303	511	2751	2300	918
3071	2303	511	2968	2313	935
3327	2303	511	3187	2327	953
3583	2303	511	3409	2343	973
3839	2303	511	3633	2360	995
4095	2303	511	3858	2379	1017
0	2559	511	1229	2487	905
255	2559	511	1263	2487	906
511	2559	511	1322	2488	908
767	2559	511	1411	2490	911
1023	2559	511	1528	2493	915
1279	2559	511	1668	2497	920
1535	2559	511	1828	2501	927
1791	2559	511	2003	2507	935
2047	2559	511	2190	2514	945
2303	2559	511	2386	2522	956
2559	2559	511	2588	2531	969
2815	2559	511	2796	2541	983
3071	2559	511	3009	2553	998
3327	2559	511	3225	2566	1016
3583	2559	511	3443	2580	1034
3839	2559	511	3664	2595	1054
4095	2559	511	3887	2611	1076
0	2815	511	1362	2736	980
255	2815	511	1392	2736	981
511	2815	511	1445	2737	982
767	2815	511	1525	2739	985
1023	2815	511	1632	2742	989
1279	2815	511	1763	2745	993
1535	2815	511	1913	2749	1000
1791	2815	511	2079	2754	1007
2047	2815	511	2258	2760	1016
2303	2815	511	2447	2767	1026
2559	2815	511	2644	2775	1038
2815	2815	511	2847	2784	1051
3071	2815	511	3055	2795	1066
3327	2815	511	3266	2806	1081
3583	2815	511	3482	2818	1099
3839	2815	511	3700	2832	1117
4095	2815	511	3920	2847	1137
0	3071	511	1495	2985	1057
255	3071	511	1522	2986	1057
511	3071	511	1569	2987	1059
767	3071	511	1642	2988	1061
1023	3071	511	1741	2990	1065
1279	3071	511	1862	2993	1069
1535	3071	511	2003	2997	1075
1791	3071	511	2161	3001	1082
2047	3071	511	2332	3007	1090
2303	3071	511	2514	3013	1099
2559	3071	511	2704	3020	1110
2815	3071	511	2902	3028	1122
3071	3071	511	3105	3038	1136
3327	3071	511	3313	3048	1150
3583	3071	511	3524	3059	1167
3839	3071	511	3739	3071	1184
4095	3071	511	3956	3085	1203
0	3327	511	1628	3234	1135
255	3327	511	1652	3235	1136
511	3327	511	1695	3236	1137
767	3327	511	1762	3237	1139
1023	3327	511	1852	3239	1142
1279	3327	511	1965	3242	1147
1535	3327	511	2098	3245	1152
1791	3327	511	2247	3249	1158
2047	3327	511	2411	3254	1166
2303	3327	511	2586	3260	1175
2559	3327	511	2770	3266	1185
2815	3327	511	2962	3273	1196
3071	3327	511	3160	3282	1208
3327	3327	511	3363	3291	1222
3583	3327	511	3571	3301	1237
3839	3327	511	3782	3312	1253
4095	3327	511	3996	3324	1271
0	3583	511	1761	3484	1215
255	3583	511	1783	3484	1216
511	3583	511	1822	3485	1217
767	3583	511	1883	3486	1219
1023	3583	511	1967	3488	1222
1279	3583	511	2072	3490	1226
1535	3583	511	2197	3493	1231
1791	3583	511	2338	3497	1237
2047	3583	511	2494	3501	1244
2303	3583	511	2662	3506	1252
2559	3583	511	2840	3512	1261
2815	3583	511	3026	3519	1271
3071	3583	511	3219	3527	1283
3327	3583	511	3418	3535	1296
3583	3583	511	3622	3544	1310
3839	3583	511	3829	3554	1325
4095	3583	511	4040	3565	1342
0	3839	511	1894	3733	1297
255	3839	511	1914	3733	1297
511	3839	511	1950	3734	1298
767	3839	511	2006	3735	1300
1023	3839	511	2084	3737	1303
1279	3839	511	2182	3739	1306
1535	3839	511	2299	3742	1311
1791	3839	511	2433	3745	1316
2047	3839	511	2582	3749	1323
2303	3839	511	2743	3754	1330
2559	3839	511	2915	3759	1339
2815	3839	511	3095	3765	1349
3071	3839	511	3283	3772	1360
3327	3839	511	3477	3780	1372
3583	3839	511	3676	3788	1385
3839	3839	511	3880	3798	1399
4095	3839	511	4088	3808	1414
0	4095	511	2027	3982	1379
255	4095	511	2046	3982	1380
511	4095	511	2079	3983	1381
767	4095	511	2131	3984	1382
1023	4095	511	2203	3986	1385
1279	4095	511	2295	3988	1388
1535	4095	511	2405	3990	1392
1791	4095	511	2532	3993	1397
2047	4095	511	2674	3997	1403
2303	4095	511	2828	4001	1411
2559	4095	511	2993	4006	1419
2815	4095	511	3168	4012	1428
3071	4095	511	3351	4018	1438
3327	4095	511	3540	4025	1449
3583	4095	511	3735	4033	1461
3839	4095	511	3935	4042	1475
4095	4095	511	4095	4008	1473
0	0	767	62	17	693
255	0	767	263	27	694
511	0	767	478	45	697
767	0	767	704	75	700
1023	0	767	934	117	706
1279	0	767	1166	173	713
1535	0	767	1399	235	722
1791	0	767	1633	298	732
2047	0	767	1867	361	745
2303	0	767	2101	425	759
2559	0	767	2336	489	776
2815	0	767	2570	553	794
3071	0	767	2805	618	813
3327	0	767	3040	682	835
3583	0	767	3274	747	858
3839	0	767	3509	811	883
4095	0	767	3744	876	909
0	255	767	118	255	699
255	255	767	302	262	701
511	255	767	502	275	703
767	255	767	721	295	707
1023	255	767	946	322	712
1279	255	767	1176	356	719
1535	255	767	1407	394	728
1791	255	767	1639	438	738
2047	255	767	1872	485	751
2303	255	767	2106	535	765
2559	255	767	2340	587	781
2815	255	767	2574	642	799
3071	255	767	2808	698	819
3327	255	767	3043	755	840
3583	255	767	3277	814	863
3839	255	767	3512	873	888
4095	255	767	3746	933	913
0	511	767	215	499	711
255	511	767	363	503	712
511	511	767	542	510	714
767	511	767	749	522	718
1023	511	767	968	539	723
1279	511	767	1192	560	730
1535	511	767	1420	586	739
1791	511	767	1650	617	749
2047	511	767	1882	651	762
2303	511	767	2114	689	776
2559	511	767	2347	730	792
2815	511	767	2580	774	809
3071	511	767	2814	821	829
3327	511	767	3048	869	850
3583	511	767	3282	920	872
3839	511	767	3516	972	896
4095	511	767	3750	1026	922
0	767	767	330	746	729
255	767	767	446	748	730
511	767	767	602	753	733
767	767	767	793	761	736
1023	767	767	1001	773	741
1279	767	767	1219	788	748
1535	767	767	1442	806	756
1791	767	767	1668	828	767
2047	767	767	1897	853	779
2303	767	767	2127	882	792
2559	767	767	2359	914	808
2815	767	767	2590	949	825
3071	767	767	2823	986	844
3327	767	767	3056	1026	865
3583	767	767	3289	1068	887
3839	767	767	3523	1113	911
4095	767	767	3757	1159	936
0	1023	767	454	994	755
255	1023	767	545	996	756
511	1023	767	679	999	758
767	1023	767	852	1005	761
1023	1023	767	1047	1013	766
1279	1023	767	1256	1025	773
1535	1023	767	1472	1038	781
1791	1023	767	1694	1055	791
2047	1023	767	1919	1074	802
2303	1023	767	2146	1097	816
2559	1023	767	2375	1122	831
2815	1023	767	2605	1149	848
3071	1023	767	2836	1180	866
3327	1023	767	3068	1212	886
3583	1023	767	3300	1247	908
3839	1023	767	3533	1285	931
4095	1023	767	3766	1324	955
0	1279	767	581	1242	787
255	1279	767	655	1244	788
511	1279	767	769	1247	790
767	1279	767	924	1251	794
1023	1279	767	1105	1258	798
1279	1279	767	1303	1266	805
1535	1279	767	1511	1277	812
1791	1279	767	1727	1290	822
2047	1279	767	1947	1305	833
2303	1279	767	2171	1323	846
2559	1279	767	2397	1343	860
2815	1279	767	2625	1366	876
3071	1279	767	2854	1391	894
3327	1279	767	3084	1418	914
3583	1279	767	3314	1447	934
3839	1279	767	3546	1478	957
4095	1279	767	3778	1511	981
0	1535	767	710	1491	827
255	1535	767	771	1492	828
511	1535	767	869	1494	830
767	1535	767	1007	1498	833
1023	1535	767	1174	1503	837
1279	1535	767	1360	1510	843
1535	1535	767	1560	1519	850
1791	1535	767	1768	1530	859
2047	1535	767	1983	1542	870
2303	1535	767	2202	1557	882
2559	1535	767	2424	1573	896
2815	1535	767	2649	1592	912
3071	1535	767	2875	1613	929
3327	1535	767	3103	1635	947
3583	1535	767	3332	1660	967
3839	1535	767	3562	1686	989
4095	1535	767	3793	1715	1012
0	1791	767	840	1740	872
255	1791	767	892	1741	873
511	1791	767	976	1743	875
767	1791	767	1099	1746	878
1023	1791	767	1252	1750	882
1279	1791	767	1426	1756	888
1535	1791	767	1616	1763	895
1791	1791	767	1817	1772	903
2047	1791	767	2025	1783	913
2303	1791	767	2239	1795	925
2559	1791	767	2457	1809	938
2815	1791	767	2678	1824	953
3071	1791	767	2902	1842	969
3327	1791	767	3127	1861	987
3583	1791	767	3354	1882	1006
3839	1791	767	3582	1905	1026
4095	1791	767	3811	1929	1048
0	2047	767	971	1989	923
255	2047	767	1015	1990	924
511	2047	767	1089	1991	926
767	2047	767	1199	1994	929
1023	2047	767	1339	1998	933
1279	2047	767	1501	2002	938
1535	2047	767	1681	2009	945
1791	2047	767	1873	2016	953
2047	2047	767	2074	2025	962
2303	2047	767	2283	2036	973
2559	2047	767	2496	2047	985
2815	2047	767	2713	2061	999
3071	2047	767	2933	2076	1015
3327	2047	767	3156	2093	1031
3583	2047	767	3380	2111	1050
3839	2047	767	3606	2130	1069
4095	2047	767	3833	2152	1090
0	2303	767	1102	2238	980
255	2303	767	1141	2239	981
511	2303	767	1206	2240	982
767	2303	767	1305	2242	985
1023	2303	767	1432	2245	988
1279	2303	767	1583	2250	993
1535	2303	767	1753	2255	999
1791	2303	767	1936	2262	1007
2047	2303	767	2130	2269	1016
2303	2303	767	2332	2278	1026
2559	2303	767	2540	2289	1038
2815	2303	767	2753	2300	1051
3071	2303	767	2969	2313	1065
3327	2303	767	3189	2328	1081
3583	2303	767	3410	2344	1099
3839	2303	767	3634	2361	1117
4095	2303	767	3859	2380	1137
0	2559	767	1234	2487	1040
255	2559	767	1268	2488	1041
511	2559	767	1326	2489	1042
767	2559	767	1415	2491	1045
1023	2559	767	1531	2494	1048
1279	2559	767	1672	2497	1053
1535	2559	767	1831	2502	1059
1791	2559	767	2006	2508	1066
2047	2559	767	2192	2515	1074
2303	2559	767	2388	2522	1084
2559	2559	767	2590	2532	1095
2815	2559	767	2798	2542	1107
3071	2559	767	3010	2553	1121
3327	2559	767	3226	2566	1136
3583	2559	767	3445	2580	1152
3839	2559	767	3665	2595	1170
4095	2559	767	3888	2612	1189
0	2815	767	1367	2736	1104
255	2815	767	1397	2737	1105
511	2815	767	1449	2738	1107
767	2815	767	1529	2740	1109
1023	2815	767	1636	2742	1112
1279	2815	767	1766	2745	1116
1535	2815	767	1916	2749	1122
1791	2815	767	2082	2755	1128
2047	2815	767	2261	2761	1136
2303	2815	767	2449	2768	1145
2559	2815	767	2646	2776	1155
2815	2815	767	2848	2785	1167
3071	2815	767	3056	2795	1180
3327	2815	767	3268	2806	1194
3583	2815	767	3483	2819	1209
3839	2815	767	3701	2833	1226
4095	2815	767	3921	2847	1244
0	3071	767	1499	2986	1172
255	3071	767	1526	2986	1173
511	3071	767	1573	2987	1174
767	3071	767	1646	2988	1176
1023	3071	767	1744	2991	1179
1279	3071	767	1865	2994	1183
1535	3071	767	2006	2997	1188
1791	3071	767	2163	3002	1194
2047	3071	767	2334	3007	1201
2303	3071	767	2516	3013	1210
2559	3071	767	2706	3021	1220
2815	3071	767	2903	3029	1230
3071	3071	767	3107	3038	1243
3327	3071	767	3314	3048	1256
3583	3071	767	3526	3059	1270
3839	3071	767	3740	3072	1286
4095	3071	767	3957	3085	1303
0	3327	767	1632	3235	1242
255	3327	767	1656	3235	1243
511	3327	767	1698	3236	1244
767	3327	767	1765	3237	1246
1023	3327	767	1855	3239	1249
1279	3327	767	1968	3242	1252
1535	3327	767	2101	3245	1257
1791	3327	767	2250	3249	1263
2047	3327	767	2413	3254	1270
2303	3327	767	2587	3260	1278
2559	3327	767	2772	3266	1287
2815	3327	767	2963	3274	1297
3071	3327	767	3161	3282	1308
3327	3327	767	3365	3291	1321
3583	3327	767	3572	3302	1335
3839	3327	767	3783	3313	1349
4095	3327	767	3997	3325	1365
0	3583	767	1764	3484	1315
255	3583	767	1786	3484	1315
511	3583	767	1825	3485	1316
767	3583	767	1886	3486	1318
1023	3583	767	1970	3488	1321
1279	3583	767	2075	3491	1324
1535	3583	767	2199	3494	1329
1791	3583	767	2341	3497	1334
2047	3583	767	2496	3502	1340
2303	3583	767	2664	3507	1348
2559	3583	767	2842	3513	1356
2815	3583	767	3028	3519	1366
3071	3583	767	3221	3527	1377
3327	3583	767	3420	3535	1388
3583	3583	767	3623	3545	1401
3839	3583	767	3830	3555	1415
4095	3583	767	4041	3566	1431
0	3839	767	1897	3733	1389
255	3839	767	1917	3734	1390
511	3839	767	1953	3734	1391
767	3839	767	2009	3735	1392
1023	3839	767	2087	3737	1395
1279	3839	767	2185	3739	1398
1535	3839	767	2302	3742	1402
1791	3839	767	2435	3745	1407
2047	3839	767	2584	3749	1413
2303	3839	767	2745	3754	1420
2559	3839	767	2916	3759	1428
2815	3839	767	3097	3766	1437
3071	3839	767	3284	3773	1447
3327	3839	767	3478	3780	1459
3583	3839	767	3678	3789	1471
3839	3839	767	3881	3798	1484
4095	3839	767	4089	3808	1498
0	4095	767	2030	3982	1465
255	4095	767	2049	3983	1466
511	4095	767	2081	3983	1467
767	4095	767	2133	3984	1468
1023	4095	767	2205	3986	1471
1279	4095	767	2297	3988	1474
1535	4095	767	2407	3990	1478
1791	4095	767	2534	3994	1482
2047	4095	767	2675	3997	1488
2303	4095	767	2830	4002	1495
2559	4095	767	2995	4007	1502
2815	4095	767	3170	4012	1511
3071	4095	767	3352	4019	1520
3327	4095	767	3541	4026	1531
3583	4095	767	3736	4033	1542
3839	4095	767	3936	4042	1555
4095	4095	767	4095	4008	1551
0	0	1023	107	29	930
255	0	1023	295	39	931
511	0	1023	497	57	933
767	0	1023	717	87	935
1023	0	1023	944	129	939
1279	0	1023	1174	185	944
1535	0	1023	1405	245	951
1791	0	1023	1638	306	959
2047	0	1023	1871	368	968
2303	0	1023	2105	431	979
2559	0	1023	2339	494	991
2815	0	1023	2573	558	1005
3071	0	1023	2807	622	1020
3327	0	1023	3042	686	1037
3583	0	1023	3277	750	1055
3839	0	1023	3511	815	1075
4095	0	1023	3746	879	1096
0	255	1023	164	264	935
255	255	1023	330	271	936
511	255	1023	520	284	937
767	255	1023	733	303	940
1023	255	1023	956	330	944
1279	255	1023	1183	362	949
1535	255	1023	1413	401	955
1791	255	1023	1644	443	963
2047	255	1023	1877	490	973
2303	255	1023	2110	540	983
2559	255	1023	2343	592	996
2815	255	1023	2577	646	1009
3071	255	1023	2811	701	1025
3327	255	1023	3045	758	1041
3583	255	1023	3279	817	1059
3839	255	1023	3514	876	1079
4095	255	1023	3748	935	1100
0	511	1023	250	504	943
255	511	1023	387	508	944
511	511	1023	559	515	946
767	511	1023	761	527	948
1023	511	1023	977	543	952
1279	511	1023	1200	565	957
1535	511	1023	1426	590	964
1791	511	1023	1655	621	971
2047	511	1023	1886	655	981
2303	511	1023	2118	693	991
2559	511	1023	2350	734	1003
2815	511	1023	2583	777	1017
3071	511	1023	2816	824	1032
3327	511	1023	3050	872	1049
3583	511	1023	3284	923	1067
3839	511	1023	3518	975	1086
4095	511	1023	3752	1028	1107
0	767	1023	357	749	956
255	767	1023	467	752	957
511	767	1023	618	757	959
767	767	1023	804	765	962
1023	767	1023	1010	776	965
1279	767	1023	1226	791	970
1535	767	1023	1448	809	977
1791	767	1023	1673	831	984
2047	767	1023	1901	856	994
2303	767	1023	2131	885	1004
2559	767	1023	2362	917	1016
2815	767	1023	2593	951	1030
3071	767	1023	2825	989	1044
3327	767	1023	3058	1029	1061
3583	767	1023	3291	1071	1078
3839	767	1023	3525	1115	1097
4095	767	1023	3758	1161	1118
0	1023	1023	474	996	976
255	1023	1023	562	998	976
511	1023	1023	693	1002	978
767	1023	1023	862	1008	981
1023	1023	1023	1055	1016	984
1279	1023	1023	1262	1027	989
1535	1023	1023	1478	1041	995
1791	1023	1023	1699	1057	1003
2047	1023	1023	1923	1077	1012
2303	1023	1023	2150	1099	1022
2559	1023	1023	2378	1124	1034
2815	1023	1023	2608	1151	1047
3071	1023	1023	2839	1182	1062
3327	1023	1023	3070	1214	1078
3583	1023	1023	3302	1249	1095
3839	1023	1023	3535	1286	1114
4095	1023	1023	3767	1326	1134
0	1279	1023	597	1244	1000
255	1279	1023	669	1246	1001
511	1279	1023	781	1248	1003
767	1279	1023	933	1253	1005
1023	1279	1023	1113	1259	1009
1279	1279	1023	1309	1268	1014
1535	1279	1023	1517	1279	1020
1791	1279	1023	1732	1292	1027
2047	1279	1023	1951	1307	1036
2303	1279	1023	2174	1325	1046
2559	1279	1023	2400	1345	1057
2815	1279	1023	2627	1368	1070
3071	1279	1023	2856	1392	1084
3327	1279	1023	3086	1419	1100
3583	1279	1023	3316	1448	1117
3839	1279	1023	3548	1480	1135
4095	1279	1023	3779	1513	1155
0	1535	1023	723	1492	1031
255	1535	1023	783	1494	1032
511	1535	1023	880	1496	1033
767	1535	1023	1016	1500	1035
1023	1535	1023	1181	1505	1039
1279	1535	1023	1366	1512	1044
1535	1535	1023	1565	1520	1049
1791	1535	1023	1773	1531	1056
2047	1535	1023	1987	1544	1065
2303	1535	1023	2205	1558	1075
2559	1535	1023	2427	1575	1086
2815	1535	1023	2652	1593	1098
3071	1535	1023	2878	1614	1112
3327	1535	1023	3106	1637	1127
3583	1535	1023	3334	1661	1144
3839	1535	1023	3564	1688	1161
4095	1535	1023	3795	1716	1181
0	1791	1023	851	1741	1067
255	1791	1023	902	1742	1067
511	1791	1023	986	1744	1069
767	1791	1023	1107	1747	1071
1023	1791	1023	1259	1751	1075
1279	1791	1023	1432	1757	1079
1535	1791	1023	1621	1764	1085
1791	1791	1023	1821	1773	1091
2047	1791	1023	2029	1784	1099
2303	1791	1023	2243	1796	1109
2559	1791	1023	2460	1810	1120
2815	1791	1023	2681	1826	1132
3071	1791	1023	2904	1843	1145
3327	1791	1023	3130	1862	1160
3583	1791	1023	3356	1883	1176
3839	1791	1023	3584	1906	1193
4095	1791	1023	3813	1930	1211
0	2047	1023	980	1990	1108
255	2047	1023	1024	1991	1109
511	2047	1023	1097	1992	1110
767	2047	1023	1206	1995	1112
1023	2047	1023	1345	1999	1115
1279	2047	1023	1507	2004	1120
1535	2047	1023	1686	2010	1125
1791	2047	1023	1877	2017	1132
2047	2047	1023	2078	2026	1139
2303	2047	1023	2286	2037	1148
2559	2047	1023	2499	2049	1159
2815	2047	1023	2716	2062	1170
3071	2047	1023	2936	2077	1183
3327	2047	1023	3158	2094	1197
3583	2047	1023	3382	2112	1213
3839	2047	1023	3608	2131	1229
4095	2047	1023	3835	2153	1247
0	2303	1023	1110	2239	1154
255	2303	1023	1149	2240	1155
511	2303	1023	1213	2241	1156
767	2303	1023	1311	2243	1158
1023	2303	1023	1438	2246	1161
1279	2303	1023	1588	2251	1165
1535	2303	1023	1757	2256	1170
1791	2303	1023	1940	2262	1177
2047	2303	1023	2134	2270	1184
2303	2303	1023	2335	2279	1193
2559	2303	1023	2543	2290	1202
2815	2303	1023	2756	2301	1213
3071	2303	1023	2972	2314	1226
3327	2303	1023	3191	2329	1239
3583	2303	1023	3412	2345	1254
3839	2303	1023	3636	2362	1270
4095	2303	1023	3861	2381	1287
0	2559	1023	1241	2488	1204
255	2559	1023	1275	2489	1205
511	2559	1023	1333	2490	1206
767	2559	1023	1421	2492	1208
1023	2559	1023	1537	2494	1211
1279	2559	1023	1677	2498	1215
1535	2559	1023	1836	2503	1220
1791	2559	1023	2010	2509	1226
2047	2559	1023	2196	2515	1233
2303	2559	1023	2391	2523	1241
2559	2559	1023	2593	2532	1251
2815	2559	1023	2801	2543	1261
3071	2559	1023	3013	2554	1273
3327	2559	1023	3228	2567	1286
3583	2559	1023	3447	2581	1300
3839	2559	1023	3667	2596	1315
4095	2559	1023	3890	2613	1332
0	2815	1023	1373	2737	1259
255	2815	1023	1403	2738	1260
511	2815	1023	1454	2739	1261
767	2815	1023	1534	2740	1263
1023	2815	1023	1641	2743	1266
1279	2815	1023	1771	2746	1269
1535	2815	1023	1920	2750	1274
1791	2815	1023	2086	2755	1280
2047	2815	1023	2264	2761	1286
2303	2815	1023	2452	2768	1294
2559	2815	1023	2648	2776	1303
2815	2815	1023	2851	2785	1313
3071	2815	1023	3058	2796	1324
3327	2815	1023	3270	2807	1337
3583	2815	1023	3485	2820	1350
3839	2815	1023	3703	2833	1365
4095	2815	1023	3922	2848	1381
0	3071	1023	1505	2986	1317
255	3071	1023	1531	2987	1318
511	3071	1023	1578	2988	1319
767	3071	1023	1651	2989	1321
1023	3071	1023	1748	2991	1323
1279	3071	1023	1869	2994	1327
1535	3071	1023	2010	2998	1331
1791	3071	1023	2167	3002	1337
2047	3071	1023	2337	3008	1343
2303	3071	1023	2519	3014	1351
2559	3071	1023	2709	3021	1359
2815	3071	1023	2906	3029	1369
3071	3071	1023	3109	3039	1379
3327	3071	1023	3316	3049	1391
3583	3071	1023	3527	3060	1404
3839	3071	1023	3742	3072	1418
4095	3071	1023	3959	3086	1433
0	3327	1023	1637	3235	1379
255	3327	1023	1661	3236	1379
511	3327	1023	1703	3237	1380
767	3327	1023	1769	3238	1382
1023	3327	1023	1860	3240	1385
1279	3327	1023	1972	3243	1388
1535	3327	1023	2104	3246	1392
1791	3327	1023	2253	3250	1397
2047	3327	1023	2416	3255	1403
2303	3327	1023	2590	3260	1410
2559	3327	1023	2774	3267	1418
2815	3327	1023	2966	3274	1427
3071	3327	1023	3164	3283	1438
3327	3327	1023	3367	3292	1449
3583	3327	1023	3574	3302	1461
3839	3327	1023	3785	3313	1475
4095	3327	1023	3999	3325	1489
0	3583	1023	1769	3484	1443
255	3583	1023	1791	3485	1444
511	3583	1023	1829	3486	1445
767	3583	1023	1890	3487	1446
1023	3583	1023	1974	3489	1449
1279	3583	1023	2079	3491	1452
1535	3583	1023	2203	3494	1456
1791	3583	1023	2344	3498	1461
2047	3583	1023	2499	3502	1466
2303	3583	1023	2667	3507	1473
2559	3583	1023	2844	3513	1481
2815	3583	1023	3030	3520	1489
3071	3583	1023	3223	3528	1499
3327	3583	1023	3421	3536	1510
3583	3583	1023	3625	3545	1521
3839	3583	1023	3832	3555	1534
4095	3583	1023	4043	3566	1548
0	3839	1023	1901	3734	1510
255	3839	1023	1921	3734	1511
511	3839	1023	1957	3735	1512
767	3839	1023	2013	3736	1513
1023	3839	1023	2090	3737	1515
1279	3839	1023	2188	3740	1518
1535	3839	1023	2305	3742	1522
1791	3839	1023	2439	3746	1527
2047	3839	1023	2587	3750	1532
2303	3839	1023	2747	3755	1539
2559	3839	1023	2919	3760	1546
2815	3839	1023	3099	3766	1554
3071	3839	1023	3286	3773	1563
3327	3839	1023	3480	3781	1573
3583	3839	1023	3679	3789	1584
3839	3839	1023	3883	3798	1597
4095	3839	1023	4090	3809	1610
0	4095	1023	2034	3983	1580
255	4095	1023	2052	3983	1580
511	4095	1023	2085	3984	1581
767	4095	1023	2137	3985	1582
1023	4095	1023	2209	3986	1584
1279	4095	1023	2300	3988	1587
1535	4095	1023	2410	3991	1591
1791	4095	1023	2537	3994	1595
2047	4095	1023	2678	3998	1600
2303	4095	1023	2832	4002	1606
2559	4095	1023	2997	4007	1613
2815	4095	1023	3172	4013	1621
3071	4095	1023	3354	4019	1630
3327	4095	1023	3543	4026	1639
3583	4095	1023	3738	4034	1650
3839	4095	1023	3937	4042	1661
4095	4095	1023	4095	4007	1655
0	0	1279	167	46	1167
255	0	1279	332	56	1168
511	0	1279	522	74	1169
767	0	1279	734	103	1171
1023	0	1279	957	146	1174
1279	0	1279	1184	200	1178
1535	0	1279	1413	257	1183
1791	0	1279	1645	316	1189
2047	0	1279	1877	377	1196
2303	0	1279	2110	439	1205
2559	0	1279	2343	501	1215
2815	0	1279	2577	564	1226
3071	0	1279	2811	627	1238
3327	0	1279	3045	691	1251
3583	0	1279	3279	755	1266
3839	0	1279	3514	819	1282
4095	0	1279	3748	883	1299
0	255	1279	218	276	1170
255	255	1279	365	283	1171
511	255	1279	544	295	1172
767	255	1279	750	314	1175
1023	255	1279	968	339	1178
1279	255	1279	1193	371	1182
1535	255	1279	1421	409	1187
1791	255	1279	1651	451	1193
2047	255	1279	1882	497	1200
2303	255	1279	2114	546	1208
2559	255	1279	2347	597	1218
2815	255	1279	2580	651	1229
3071	255	1279	2814	706	1241
3327	255	1279	3048	763	1255
3583	255	1279	3282	821	1269
3839	255	1279	3516	879	1285
4095	255	1279	3750	939	1302
0	511	1279	293	511	1177
255	511	1279	418	515	1178
511	511	1279	581	522	1179
767	511	1279	777	533	1181
1023	511	1279	989	550	1184
1279	511	1279	1209	571	1188
1535	511	1279	1434	596	1193
1791	511	1279	1662	626	1199
2047	511	1279	1892	660	1206
2303	511	1279	2123	697	1215
2559	511	1279	2354	738	1224
2815	511	1279	2587	782	1235
3071	511	1279	2820	828	1247
3327	511	1279	3053	876	1261
3583	511	1279	3287	926	1275
3839	511	1279	3520	978	1291
4095	511	1279	3754	1031	1308
0	767	1279	390	754	1187
255	767	1279	493	756	1188
511	767	1279	638	761	1189
767	767	1279	820	769	1191
1023	767	1279	1022	780	1194
1279	767	1279	1235	795	1198
1535	767	1279	1455	813	1203
1791	767	1279	1680	835	1209
2047	767	1279	1907	860	1216
2303	767	1279	2136	889	1225
2559	767	1279	2366	920	1234
2815	767	1279	2597	955	1245
3071	767	1279	2829	992	1257
3327	767	1279	3061	1032	1270
3583	767	1279	3294	1074	1285
3839	767	1279	3527	1118	1300
4095	767	1279	3761	1164	1317
0	1023	1279	499	999	1202
255	1023	1279	584	1001	1203
511	1023	1279	710	1005	1204
767	1023	1279	876	1011	1206
1023	1023	1279	1067	1019	1209
1279	1023	1279	1272	1030	1213
1535	1023	1279	1485	1044	1218
1791	1023	1279	1705	1060	1224
2047	1023	1279	1928	1080	1231
2303	1023	1279	2154	1102	1239
2559	1023	1279	2382	1127	1249
2815	1023	1279	2612	1154	1259
3071	1023	1279	2842	1184	1271
3327	1023	1279	3073	1217	1284
3583	1023	1279	3305	1252	1298
3839	1023	1279	3537	1289	1314
4095	1023	1279	3770	1328	1330
0	1279	1279	617	1247	1222
255	1279	1279	687	1248	1222
511	1279	1279	797	1251	1224
767	1279	1279	946	1255	1226
1023	1279	1279	1123	1262	1229
1279	1279	1279	1318	1270	1232
1535	1279	1279	1524	1281	1237
1791	1279	1279	1738	1294	1243
2047	1279	1279	1957	1310	1250
2303	1279	1279	2179	1327	1258
2559	1279	1279	2404	1347	1267
2815	1279	1279	2631	1370	1278
3071	1279	1279	2859	1394	1289
3327	1279	1279	3089	1421	1302
3583	1279	1279	3319	1451	1316
3839	1279	1279	3550	1482	1331
4095	1279	1279	3782	1515	1347
0	1535	1279	740	1495	1246
255	1535	1279	798	1496	1247
511	1535	1279	893	1498	1248
767	1535	1279	1028	1502	1250
1023	1535	1279	1191	1507	1253
1279	1535	1279	1375	1514	1256
1535	1535	1279	1572	1522	1261
1791	1535	1279	1779	1533	1267
2047	1535	1279	1992	1546	1274
2303	1535	1279	2210	1560	1281
2559	1535	1279	2431	1577	1290
2815	1535	1279	2655	1595	1301
3071	1535	1279	2881	1616	1312
3327	1535	1279	3109	1638	1325
3583	1535	1279	3337	1663	1338
3839	1535	1279	3567	1689	1353
4095	1535	1279	3797	1718	1369
0	1791	1279	865	1743	1275
255	1791	1279	915	1744	1276
511	1791	1279	998	1746	1277
767	1791	1279	1118	1749	1279
1023	1791	1279	1268	1753	1281
1279	1791	1279	1440	1759	1285
1535	1791	1279	1628	1766	1290
1791	1791	1279	1827	1775	1295
2047	1791	1279	2034	1785	1302
2303	1791	1279	2247	1798	1310
2559	1791	1279	2464	1811	1318
2815	1791	1279	2685	1827	1328
3071	1791	1279	2908	1845	1339
3327	1791	1279	3133	1864	1352
3583	1791	1279	3359	1885	1365
3839	1791	1279	3587	1907	1379
4095	1791	1279	3815	1932	1395
0	2047	1279	992	1991	1309
255	2047	1279	1036	1992	1309
511	2047	1279	1108	1994	1310
767	2047	1279	1216	1996	1312
1023	2047	1279	1353	2000	1315
1279	2047	1279	1514	2005	1318
1535	2047	1279	1692	2011	1323
1791	2047	1279	1883	2019	1328
2047	2047	1279	2083	2028	1335
2303	2047	1279	2290	2038	1342
2559	2047	1279	2503	2050	1351
2815	2047	1279	2719	2063	1360
3071	2047	1279	2939	2078	1371
3327	2047	1279	3161	2095	1383
3583	2047	1279	3385	2113	1396
3839	2047	1279	3610	2133	1410
4095	2047	1279	3837	2154	1425
0	2303	1279	1121	2240	1347
255	2303	1279	1159	2241	1347
511	2303	1279	1223	2242	1348
767	2303	1279	1320	2244	1350
1023	2303	1279	1446	2248	1353
1279	2303	1279	1595	2252	1356
1535	2303	1279	1764	2257	1360
1791	2303	1279	1946	2264	1366
2047	2303	1279	2139	2271	1372
2303	2303	1279	2340	2280	1379
2559	2303	1279	2547	2291	1387
2815	2303	1279	2759	2302	1397
3071	2303	1279	2975	2315	1407
3327	2303	1279	3194	2330	1419
3583	2303	1279	3415	2346	1431
3839	2303	1279	3638	2363	1445
4095	2303	1279	3863	2382	1460
0	2559	1279	1251	2489	1389
255	2559	1279	1284	2490	1390
511	2559	1279	1341	2491	1391
767	2559	1279	1429	2493	1392
1023	2559	1279	1544	2496	1395
1279	2559	1279	1683	2499	1398
1535	2559	1279	1842	2504	1402
1791	2559	1279	2015	2510	1407
2047	2559	1279	2201	2516	1413
2303	2559	1279	2395	2524	1420
2559	2559	1279	2597	2533	1428
2815	2559	1279	2804	2544	1437
3071	2559	1279	3016	2555	1447
3327	2559	1279	3231	2568	1459
3583	2559	1279	3449	2582	1471
3839	2559	1279	3670	2597	1484
4095	2559	1279	3892	2614	1498
0	2815	1279	1381	2738	1435
255	2815	1279	1411	2739	1436
511	2815	1279	1462	2740	1437
767	2815	1279	1541	2741	1439
1023	2815	1279	1647	2744	1441
1279	2815	1279	1777	2747	1444
1535	2815	1279	1926	2751	1448
1791	2815	1279	2091	2756	1453
2047	2815	1279	2268	2762	1459
2303	2815	1279	2456	2769	1466
2559	2815	1279	2652	2777	1473
2815	2815	1279	2854	2786	1482
3071	2815	1279	3061	2797	1492
3327	2815	1279	3273	2808	1502
3583	2815	1279	3487	2820	1514
3839	2815	1279	3705	2834	1527
4095	2815	1279	3925	2849	1541
0	3071	1279	1512	2987	1486
255	3071	1279	1539	2988	1486
511	3071	1279	1585	2988	1487
767	3071	1279	1657	2990	1489
1023	3071	1279	1755	2992	1491
1279	3071	1279	1875	2995	1494
1535	3071	1279	2015	2999	1498
1791	3071	1279	2172	3003	1502
2047	3071	1279	2342	3009	1508
2303	3071	1279	2523	3015	1514
2559	3071	1279	2712	3022	1522
2815	3071	1279	2909	3030	1530
3071	3071	1279	3112	3040	1540
3327	3071	1279	3319	3050	1550
3583	3071	1279	3530	3061	1561
3839	3071	1279	3744	3073	1574
4095	3071	1279	3961	3087	1587
0	3327	1279	1643	3236	1539
255	3327	1279	1667	3237	1540
511	3327	1279	1709	3237	1541
767	3327	1279	1776	3239	1542
1023	3327	1279	1865	3241	1544
1279	3327	1279	1977	3243	1547
1535	3327	1279	2109	3247	1551
1791	3327	1279	2258	3251	1555
2047	3327	1279	2420	3256	1561
2303	3327	1279	2594	3261	1567
2559	3327	1279	2778	3268	1574
2815	3327	1279	2969	3275	1582
3071	3327	1279	3167	3283	1591
3327	3327	1279	3369	3293	1601
3583	3327	1279	3577	3303	1612
3839	3327	1279	3787	3314	1624
4095	3327	1279	4001	3326	1636
0	3583	1279	1775	3485	1596
255	3583	1279	1797	3486	1596
511	3583	1279	1835	3486	1597
767	3583	1279	1896	3488	1599
1023	3583	1279	1979	3489	1601
1279	3583	1279	2084	3492	1603
1535	3583	1279	2207	3495	1607
1791	3583	1279	2348	3498	1611
2047	3583	1279	2503	3503	1616
2303	3583	1279	2670	3508	1622
2559	3583	1279	2848	3514	1629
2815	3583	1279	3033	3521	1637
3071	3583	1279	3226	3528	1645
3327	3583	1279	3424	3537	1655
3583	3583	1279	3627	3546	1665
3839	3583	1279	3834	3556	1677
4095	3583	1279	4045	3567	1689
0	3839	1279	1907	3734	1655
255	3839	1279	1927	3735	1656
511	3839	1279	1962	3735	1657
767	3839	1279	2018	3736	1658
1023	3839	1279	2095	3738	1660
1279	3839	1279	2193	3740	1663
1535	3839	1279	2309	3743	1666
1791	3839	1279	2443	3746	1670
2047	3839	1279	2590	3750	1675
2303	3839	1279	2751	3755	1681
2559	3839	1279	2922	3761	1687
2815	3839	1279	3102	3767	1695
3071	3839	1279	3289	3774	1703
3327	3839	1279	3483	3781	1712
3583	3839	1279	3682	3790	1722
3839	3839	1279	3885	3799	1733
4095	3839	1279	4092	3809	1745
0	4095	1279	2039	3983	1718
255	4095	1279	2057	3984	1718
511	4095	1279	2090	3984	1719
767	4095	1279	2142	3985	1720
1023	4095	1279	2213	3987	1722
1279	4095	1279	2305	3989	1725
1535	4095	1279	2414	3991	1728
1791	4095	1279	2541	3995	1732
2047	4095	1279	2682	3998	1736
2303	4095	1279	2836	4003	1742
2559	4095	1279	3000	4008	1748
2815	4095	1279	3175	4013	1755
3071	4095	1279	3357	4020	1763
3327	4095	1279	3546	4027	1772
3583	4095	1279	3740	4034	1781
3839	4095	1279	3940	4043	1792
4095	4095	1279	4095	4005	1782
0	0	1535	234	66	1404
255	0	1535	376	77	1404
511	0	1535	552	95	1405
767	0	1535	756	124	1407
1023	0	1535	973	167	1409
1279	0	1535	1196	217	1413
1535	0	1535	1424	272	1417
1791	0	1535	1653	329	1422
2047	0	1535	1884	388	1428
2303	0	1535	2116	449	1435
2559	0	1535	2349	510	1442
2815	0	1535	2582	572	1451
3071	0	1535	2815	634	1461
3327	0	1535	3049	697	1472
3583	0	1535	3283	760	1484
3839	0	1535	3517	824	1497
4095	0	1535	3751	888	1512
0	255	1535	276	290	1407
255	255	1535	405	297	1407
511	255	1535	572	308	1408
767	255	1535	771	327	1410
1023	255	1535	984	352	1412
1279	255	1535	1205	383	1416
1535	255	1535	1431	419	1420
1791	255	1535	1659	460	1425
2047	255	1535	1889	505	1430
2303	255	1535	2121	554	1437
2559	255	1535	2353	605	1445
2815	255	1535	2585	658	1454
3071	255	1535	2818	712	1464
3327	255	1535	3052	769	1475
3583	255	1535	3285	826	1487
3839	255	1535	3519	884	1500
4095	255	1535	3753	943	1514
0	511	1535	340	519	1412
255	511	1535	454	523	1412
511	511	1535	608	530	1413
767	511	1535	797	542	1415
1023	511	1535	1004	558	1418
1279	511	1535	1221	578	1421
1535	511	1535	1444	603	1425
1791	511	1535	1670	633	1430
2047	511	1535	1899	666	1436
2303	511	1535	2129	704	1442
2559	511	1535	2360	744	1450
2815	511	1535	2592	787	1459
3071	511	1535	2824	833	1469
3327	511	1535	3057	881	1480
3583	511	1535	3290	931	1492
3839	511	1535	3523	982	1505
4095	511	1535	3757	1035	1519
0	767	1535	428	759	1420
255	767	1535	524	762	1421
511	767	1535	662	767	1422
767	767	1535	838	775	1424
1023	767	1535	1036	786	1426
1279	767	1535	1247	800	1429
1535	767	1535	1465	818	1433
1791	767	1535	1688	840	1438
2047	767	1535	1914	865	1444
2303	767	1535	2142	893	1451
2559	767	1535	2371	925	1458
2815	767	1535	2602	959	1467
3071	767	1535	2833	996	1477
3327	767	1535	3065	1036	1488
3583	767	1535	3297	1078	1500
3839	767	1535	3530	1121	1513
4095	767	1535	3763	1167	1527
0	1023	1535	530	1004	1432
255	1023	1535	611	1006	1433
511	1023	1535	732	1009	1434
767	1023	1535	894	1015	1436
1023	1023	1535	1081	1023	1438
1279	1023	1535	1283	1034	1441
1535	1023	1535	1495	1048	1445
1791	1023	1535	1713	1064	1450
2047	1023	1535	1935	1083	1456
2303	1023	1535	2160	1105	1462
2559	1023	1535	2388	1130	1470
2815	1023	1535	2616	1158	1479
3071	1023	1535	2846	1188	1489
3327	1023	1535	3077	1220	1499
3583	1023	1535	3308	1255	1511
3839	1023	1535	3540	1292	1524
4095	1023	1535	3773	1331	1538
0	1279	1535	642	1250	1448
255	1279	1535	710	1251	1449
511	1279	1535	816	1254	1450
767	1279	1535	962	1259	1451
1023	1279	1535	1137	1265	1454
1279	1279	1535	1329	1274	1457
1535	1279	1535	1534	1284	1461
1791	1279	1535	1746	1297	1466
2047	1279	1535	1964	1313	1471
2303	1279	1535	2185	1330	1478
2559	1279	1535	2409	1350	1486
2815	1279	1535	2636	1373	1494
3071	1279	1535	2863	1397	1504
3327	1279	1535	3093	1424	1514
3583	1279	1535	3323	1453	1526
3839	1279	1535	3553	1484	1539
4095	1279	1535	3785	1517	1552
0	1535	1535	761	1497	1468
255	1535	1535	818	1498	1469
511	1535	1535	910	1501	1470
767	1535	1535	1042	1504	1471
1023	1535	1535	1203	1509	1473
1279	1535	1535	1385	1516	1477
1535	1535	1535	1581	1525	1480
1791	1535	1535	1786	1536	1485
2047	1535	1535	1999	1548	1491
2303	1535	1535	2216	1563	1497
2559	1535	1535	2437	1579	1505
2815	1535	1535	2660	1598	1513
3071	1535	1535	2885	1618	1523
3327	1535	1535	3112	1641	1533
3583	1535	1535	3340	1665	1545
3839	1535	1535	3570	1692	1557
4095	1535	1535	3800	1720	1571
0	1791	1535	883	1745	1492
255	1791	1535	932	1746	1492
511	1791	1535	1013	1748	1493
767	1791	1535	1131	1751	1495
1023	1791	1535	1280	1755	1497
1279	1791	1535	1450	1761	1500
1535	1791	1535	1637	1768	1504
1791	1791	1535	1834	1777	1509
2047	1791	1535	2041	1787	1514
2303	1791	1535	2253	1800	1521
2559	1791	1535	2469	1814	1528
2815	1791	1535	2689	1829	1536
3071	1791	1535	2912	1847	1546
3327	1791	1535	3136	1866	1556
3583	1791	1535	3362	1887	1567
3839	1791	1535	3590	1909	1579
4095	1791	1535	3818	1934	1593
0	2047	1535	1008	1993	1520
255	2047	1535	1050	1994	1520
511	2047	1535	1122	1996	1521
767	2047	1535	1228	1998	1523
1023	2047	1535	1364	2002	1525
1279	2047	1535	1523	2007	1528
1535	2047	1535	1700	2013	1532
1791	2047	1535	1890	2020	1536
2047	2047	1535	2089	2029	1542
2303	2047	1535	2296	2040	1548
2559	2047	1535	2508	2052	1555
2815	2047	1535	2724	2065	1563
3071	2047	1535	2943	2080	1572
3327	2047	1535	3165	2097	1582
3583	2047	1535	3388	2115	1594
3839	2047	1535	3614	2134	1606
4095	2047	1535	3840	2156	1619
0	2303	1535	1134	2242	1552
255	2303	1535	1172	2242	1552
511	2303	1535	1235	2244	1553
767	2303	1535	1331	2246	1555
1023	2303	1535	1456	2249	1557
1279	2303	1535	1604	2253	1560
1535	2303	1535	1771	2259	1563
1791	2303	1535	1953	2265	1568
2047	2303	1535	2145	2273	1573
2303	2303	1535	2345	2282	1579
2559	2303	1535	2552	2292	1586
2815	2303	1535	2763	2304	1594
3071	2303	1535	2979	2317	1603
3327	2303	1535	3197	2331	1613
3583	2303	1535	3418	2347	1624
3839	2303	1535	3641	2364	1635
4095	2303	1535	3866	2383	1648
0	2559	1535	1262	2490	1588
255	2559	1535	1295	2491	1588
511	2559	1535	1352	2492	1589
767	2559	1535	1439	2494	1591
1023	2559	1535	1553	2497	1593
1279	2559	1535	1691	2501	1595
1535	2559	1535	1849	2505	1599
1791	2559	1535	2022	2511	1603
2047	2559	1535	2206	2518	1608
2303	2559	1535	2400	2526	1614
2559	2559	1535	2602	2535	1621
2815	2559	1535	2808	2545	1629
3071	2559	1535	3020	2556	1638
3327	2559	1535	3235	2569	1647
3583	2559	1535	3452	2583	1658
3839	2559	1535	3673	2598	1669
4095	2559	1535	3895	2615	1682
0	2815	1535	1391	2739	1627
255	2815	1535	1421	2740	1628
511	2815	1535	1472	2741	1629
767	2815	1535	1550	2743	1630
1023	2815	1535	1656	2745	1632
1279	2815	1535	1784	2748	1635
1535	2815	1535	1933	2752	1638
1791	2815	1535	2097	2757	1642
2047	2815	1535	2274	2763	1647
2303	2815	1535	2461	2770	1653
2559	2815	1535	2657	2778	1660
2815	2815	1535	2858	2788	1667
3071	2815	1535	3065	2798	1676
3327	2815	1535	3276	2809	1685
3583	2815	1535	3491	2822	1695
3839	2815	1535	3708	2835	1706
4095	2815	1535	3927	2850	1719
0	3071	1535	1521	2988	1671
255	3071	1535	1548	2989	1671
511	3071	1535	1594	2990	1672
767	3071	1535	1666	2991	1673
1023	3071	1535	1762	2993	1675
1279	3071	1535	1882	2996	1678
1535	3071	1535	2022	3000	1681
1791	3071	1535	2178	3004	1685
2047	3071	1535	2347	3010	1690
2303	3071	1535	2527	3016	1696
2559	3071	1535	2717	3023	1702
2815	3071	1535	2913	3031	1709
3071	3071	1535	3115	3041	1717
3327	3071	1535	3322	3051	1726
3583	3071	1535	3533	3062	1736
3839	3071	1535	3747	3074	1747
4095	3071	1535	3964	3088	1759
0	3327	1535	1652	3237	1717
255	3327	1535	1676	3237	1718
511	3327	1535	1717	3238	1718
767	3327	1535	1783	3240	1720
1023	3327	1535	1873	3242	1722
1279	3327	1535	1984	3244	1724
1535	3327	1535	2115	3248	1727
1791	3327	1535	2263	3252	1731
2047	3327	1535	2425	3257	1736
2303	3327	1535	2599	3262	1741
2559	3327	1535	2782	3269	1748
2815	3327	1535	2973	3276	1755
3071	3327	1535	3170	3284	1763
3327	3327	1535	3373	3294	1771
3583	3327	1535	3580	3304	1781
3839	3327	1535	3790	3315	1791
4095	3327	1535	4004	3327	1803
0	3583	1535	1783	3486	1767
255	3583	1535	1804	3486	1767
511	3583	1535	1843	3487	1768
767	3583	1535	1903	3488	1769
1023	3583	1535	1986	3490	1771
1279	3583	1535	2090	3493	1774
1535	3583	1535	2213	3496	1777
1791	3583	1535	2353	3499	1781
2047	3583	1535	2508	3504	1785
2303	3583	1535	2675	3509	1790
2559	3583	1535	2852	3515	1796
2815	3583	1535	3037	3522	1803
3071	3583	1535	3229	3529	1811
3327	3583	1535	3427	3537	1819
3583	3583	1535	3630	3547	1829
3839	3583	1535	3837	3557	1839
4095	3583	1535	4048	3568	1850
0	3839	1535	1914	3735	1820
255	3839	1535	1934	3735	1820
511	3839	1535	1969	3736	1821
767	3839	1535	2025	3737	1822
1023	3839	1535	2101	3739	1824
1279	3839	1535	2199	3741	1826
1535	3839	1535	2315	3744	1829
1791	3839	1535	2448	3747	1833
2047	3839	1535	2595	3751	1837
2303	3839	1535	2755	3756	1842
2559	3839	1535	2926	3761	1848
2815	3839	1535	3106	3768	1855
3071	3839	1535	3293	3774	1862
3327	3839	1535	3486	3782	1870
3583	3839	1535	3685	3791	1879
3839	3839	1535	3888	3800	1889
4095	3839	1535	4095	3810	1900
0	4095	1535	2045	3984	1875
255	4095	1535	2064	3985	1876
511	4095	1535	2096	3985	1876
767	4095	1535	2148	3986	1877
1023	4095	1535	2219	3988	1879
1279	4095	1535	2310	3990	1881
1535	4095	1535	2420	3992	1884
1791	4095	1535	2546	3995	1888
2047	4095	1535	2686	3999	1892
2303	4095	1535	2840	4003	1897
2559	4095	1535	3004	4008	1903
2815	4095	1535	3178	4014	1909
3071	4095	1535	3360	4020	1916
3327	4095	1535	3549	4027	1924
3583	4095	1535	3743	4035	1933
3839	4095	1535	3942	4044	1942
4095	4095	1535	4095	4003	1928
0	0	1791	301	92	1641
255	0	1791	424	102	1641
511	0	1791	586	120	1642
767	0	1791	781	150	1643
1023	0	1791	992	191	1645
1279	0	1791	1211	238	1648
1535	0	1791	1436	290	1651
1791	0	1791	1663	344	1656
2047	0	1791	1893	401	1660
2303	0	1791	2124	460	1666
2559	0	1791	2355	520	1673
2815	0	1791	2588	581	1680
3071	0	1791	2820	643	1689
3327	0	1791	3054	705	1698
3583	0	1791	3287	767	1708
3839	0	1791	3521	830	1719
4095	0	1791	3755	893	1731
0	255	1791	336	307	1643
255	255	1791	450	313	1644
511	255	1791	606	324	1644
767	255	1791	795	342	1646
1023	255	1791	1003	366	1648
1279	255	1791	1220	396	1650
1535	255	1791	1443	432	1654
1791	255	1791	1669	472	1658
2047	255	1791	1898	516	1663
2303	255	1791	2128	563	1669
2559	255	1791	2359	613	1675
2815	255	1791	2591	666	1683
3071	255	1791	2824	720	1691
3327	255	1791	3056	775	1700
3583	255	1791	3290	832	1710
3839	255	1791	3523	890	1721
4095	255	1791	3757	949	1733
0	511	1791	392	529	1647
255	511	1791	495	533	1648
511	511	1791	639	540	1649
767	511	1791	821	551	1650
1023	511	1791	1023	567	1652
1279	511	1791	1236	587	1655
1535	511	1791	1456	612	1658
1791	511	1791	1680	641	1662
2047	511	1791	1907	674	1667
2303	511	1791	2136	711	1673
2559	511	1791	2366	751	1679
2815	511	1791	2597	794	1687
3071	511	1791	2829	839	1695
3327	511	1791	3061	887	1704
3583	511	1791	3294	936	1714
3839	511	1791	3527	987	1725
4095	511	1791	3761	1040	1737
0	767	1791	471	766	1654
255	767	1791	560	769	1655
511	767	1791	691	774	1656
767	767	1791	861	781	1657
1023	767	1791	1054	792	1659
1279	767	1791	1261	807	1662
1535	767	1791	1477	825	1665
1791	767	1791	1698	846	1669
2047	767	1791	1922	871	1674
2303	767	1791	2149	899	1680
2559	767	1791	2378	930	1686
2815	767	1791	2608	964	1694
3071	767	1791	2838	1001	1702
3327	767	1791	3070	1041	1711
3583	767	1791	3302	1082	1721
3839	767	1791	3534	1126	1732
4095	767	1791	3767	1171	1744
0	1023	1791	566	1009	1664
255	1023	1791	642	1011	1665
511	1023	1791	758	1014	1666
767	1023	1791	915	1020	1667
1023	1023	1791	1098	1028	1669
1279	1023	1791	1297	1039	1672
1535	1023	1791	1507	1052	1675
1791	1023	1791	1723	1069	1679
2047	1023	1791	1944	1088	1684
2303	1023	1791	2168	1110	1690
2559	1023	1791	2394	1135	1696
2815	1023	1791	2622	1162	1703
3071	1023	1791	2851	1192	1711
3327	1023	1791	3082	1224	1721
3583	1023	1791	3312	1259	1731
3839	1023	1791	3544	1296	1741
4095	1023	1791	3776	1334	1753
0	1279	1791	672	1254	1678
255	1279	1791	737	1255	1678
511	1279	1791	839	1258	1679
767	1279	1791	982	1263	1680
1023	1279	1791	1153	1269	1682
1279	1279	1791	1342	1277	1685
1535	1279	1791	1545	1288	1688
1791	1279	1791	1755	1301	1692
2047	1279	1791	1972	1316	1697
2303	1279	1791	2192	1334	1702
2559	1279	1791	2416	1354	1709
2815	1279	1791	2641	1376	1716
3071	1279	1791	2869	1401	1724
3327	1279	1791	3097	1428	1733
3583	1279	1791	3327	1456	1743
3839	1279	1791	3557	1487	1754
4095	1279	1791	3788	1520	1766
0	1535	1791	785	1500	1694
255	1535	1791	841	1502	1695
511	1535	1791	931	1504	1695
767	1535	1791	1060	1507	1697
1023	1535	1791	1218	1513	1699
1279	1535	1791	1398	1519	1701
1535	1535	1791	1592	1528	1705
1791	1535	1791	1796	1539	1709
2047	1535	1791	2007	1551	1713
2303	1535	1791	2223	1566	1719
2559	1535	1791	2443	1582	1725
2815	1535	1791	2666	1601	1732
3071	1535	1791	2890	1621	1740
3327	1535	1791	3117	1644	1749
3583	1535	1791	3345	1668	1759
3839	1535	1791	3574	1694	1770
4095	1535	1791	3803	1723	1781
0	1791	1791	904	1748	1714
255	1791	1791	952	1749	1715
511	1791	1791	1031	1750	1716
767	1791	1791	1147	1753	1717
1023	1791	1791	1293	1758	1719
1279	1791	1791	1462	1763	1721
1535	1791	1791	1647	1771	1725
1791	1791	1791	1843	1780	1728
2047	1791	1791	2049	1790	1733
2303	1791	1791	2260	1802	1739
2559	1791	1791	2476	1816	1745
2815	1791	1791	2695	1832	1752
3071	1791	1791	2917	1849	1760
3327	1791	1791	3141	1868	1769
3583	1791	1791	3367	1889	1778
3839	1791	1791	3594	1912	1789
4095	1791	1791	3822	1936	1800
0	2047	1791	1026	1995	1738
255	2047	1791	1068	1996	1738
511	2047	1791	1138	1998	1739
767	2047	1791	1243	2000	1740
1023	2047	1791	1377	2004	1742
1279	2047	1791	1535	2009	1745
1535	2047	1791	1710	2015	1748
1791	2047	1791	1899	2023	1752
2047	2047	1791	2097	2031	1756
2303	2047	1791	2303	2042	1762
2559	2047	1791	2514	2054	1768
2815	2047	1791	2729	2067	1775
3071	2047	1791	2948	2082	1783
3327	2047	1791	3169	2099	1791
3583	2047	1791	3392	2117	1801
3839	2047	1791	3617	2136	1811
4095	2047	1791	3844	2158	1822
0	2303	1791	1150	2244	1765
255	2303	1791	1187	2244	1766
511	2303	1791	1249	2246	1766
767	2303	1791	1344	2248	1768
1023	2303	1791	1468	2251	1769
1279	2303	1791	1615	2255	1772
1535	2303	1791	1781	2261	1775
1791	2303	1791	1961	2267	1779
2047	2303	1791	2152	2275	1783
2303	2303	1791	2352	2284	1789
2559	2303	1791	2558	2294	1795
2815	2303	1791	2769	2306	1801
3071	2303	1791	2984	2319	1809
3327	2303	1791	3202	2333	1818
3583	2303	1791	3422	2349	1827
3839	2303	1791	3645	2366	1837
4095	2303	1791	3869	2385	1848
0	2559	1791	1277	2492	1796
255	2559	1791	1309	2493	1796
511	2559	1791	1365	2494	1797
767	2559	1791	1451	2496	1798
1023	2559	1791	1564	2499	1800
1279	2559	1791	1701	2502	1802
1535	2559	1791	1858	2507	1805
1791	2559	1791	2030	2513	1809
2047	2559	1791	2214	2519	1814
2303	2559	1791	2407	2527	1819
2559	2559	1791	2607	2536	1825
2815	2559	1791	2814	2547	1831
3071	2559	1791	3024	2558	1839
3327	2559	1791	3239	2571	1847
3583	2559	1791	3456	2585	1856
3839	2559	1791	3676	2600	1866
4095	2559	1791	3898	2617	1877
0	2815	1791	1404	2741	1830
255	2815	1791	1433	2741	1830
511	2815	1791	1484	2742	1831
767	2815	1791	1562	2744	1832
1023	2815	1791	1666	2746	1834
1279	2815	1791	1794	2750	1836
1535	2815	1791	1941	2754	1839
1791	2815	1791	2104	2759	1843
2047	2815	1791	2281	2765	1847
2303	2815	1791	2467	2772	1852
2559	2815	1791	2662	2780	1858
2815	2815	1791	2863	2789	1865
3071	2815	1791	3070	2799	1872
3327	2815	1791	3281	2811	1880
3583	2815	1791	3495	2823	1889
3839	2815	1791	3712	2837	1899
4095	2815	1791	3931	2851	1909
0	3071	1791	1533	2989	1867
255	3071	1791	1559	2990	1868
511	3071	1791	1604	2991	1869
767	3071	1791	1676	2992	1870
1023	3071	1791	1772	2995	1871
1279	3071	1791	1891	2997	1874
1535	3071	1791	2030	3001	1877
1791	3071	1791	2185	3006	1880
2047	3071	1791	2354	3011	1884
2303	3071	1791	2533	3017	1889
2559	3071	1791	2722	3024	1895
2815	3071	1791	2918	3033	1901
3071	3071	1791	3120	3042	1908
3327	3071	1791	3327	3052	1916
3583	3071	1791	3537	3063	1925
3839	3071	1791	3751	3075	1935
4095	3071	1791	3967	3089	1945
0	3327	1791	1662	3238	1908
255	3327	1791	1686	3239	1909
511	3327	1791	1727	3240	1909
767	3327	1791	1793	3241	1910
1023	3327	1791	1881	3243	1912
1279	3327	1791	1992	3245	1914
1535	3327	1791	2123	3249	1917
1791	3327	1791	2270	3253	1921
2047	3327	1791	2432	3258	1925
2303	3327	1791	2605	3263	1929
2559	3327	1791	2787	3270	1935
2815	3327	1791	2978	3277	1941
3071	3327	1791	3175	3286	1948
3327	3327	1791	3377	3295	1956
3583	3327	1791	3584	3305	1964
3839	3327	1791	3794	3316	1974
4095	3327	1791	4007	3328	1984
0	3583	1791	1792	3487	1952
255	3583	1791	1814	3488	1952
511	3583	1791	1852	3488	1953
767	3583	1791	1912	3490	1954
1023	3583	1791	1994	3491	1956
1279	3583	1791	2098	3494	1958
1535	3583	1791	2220	3497	1961
1791	3583	1791	2360	3500	1964
2047	3583	1791	2514	3505	1968
2303	3583	1791	2680	3510	1973
2559	3583	1791	2857	3516	1978
2815	3583	1791	3042	3523	1984
3071	3583	1791	3234	3530	1991
3327	3583	1791	3431	3539	1998
3583	3583	1791	3634	3548	2007
3839	3583	1791	3841	3558	2016
4095	3583	1791	4051	3569	2026
0	3839	1791	1922	3736	1999
255	3839	1791	1942	3736	1999
511	3839	1791	1977	3737	2000
767	3839	1791	2033	3738	2001
1023	3839	1791	2109	3740	2002
1279	3839	1791	2206	3742	2005
1535	3839	1791	2322	3745	2007
1791	3839	1791	2454	3748	2010
2047	3839	1791	2601	3752	2014
2303	3839	1791	2761	3757	2019
2559	3839	1791	2931	3762	2024
2815	3839	1791	3110	3768	2030
3071	3839	1791	3297	3775	2036
3327	3839	1791	3490	3783	2044
3583	3839	1791	3688	3792	2052
3839	3839	1791	3891	3801	2061
4095	3839	1791	4095	3808	2069
0	4095	1791	2053	3985	2048
255	4095	1791	2071	3985	2049
511	4095	1791	2104	3986	2049
767	4095	1791	2155	3987	2050
1023	4095	1791	2226	3989	2052
1279	4095	1791	2317	3991	2054
1535	4095	1791	2426	3993	2056
1791	4095	1791	2552	3996	2060
2047	4095	1791	2692	4000	2063
2303	4095	1791	2845	4004	2068
2559	4095	1791	3009	4009	2073
2815	4095	1791	3183	4015	2078
3071	4095	1791	3364	4021	2085
3327	4095	1791	3553	4028	2092
3583	4095	1791	3747	4036	2100
3839	4095	1791	3946	4045	2108
4095	4095	1791	4095	4001	2090
0	0	2047	368	123	1878
255	0	2047	475	133	1878
511	0	2047	624	151	1879
767	0	2047	809	180	1880
1023	0	2047	1014	217	1882
1279	0	2047	1229	261	1884
1535	0	2047	1450	310	1887
1791	0	2047	1675	362	1890
2047	0	2047	1903	417	1894
2303	0	2047	2132	474	1899
2559	0	2047	2363	532	1905
2815	0	2047	2594	592	1911
3071	0	2047	2827	652	1918
3327	0	2047	3059	714	1926
3583	0	2047	3292	775	1935
3839	0	2047	3525	838	1944
4095	0	2047	3759	900	1955
0	255	2047	398	326	1880
255	255	2047	499	332	1880
511	255	2047	643	342	1881
767	255	2047	824	359	1882
1023	255	2047	1025	382	1884
1279	255	2047	1238	411	1886
1535	255	2047	1458	446	1889
1791	255	2047	1682	485	1892
2047	255	2047	1908	528	1896
2303	255	2047	2137	574	1901
2559	255	2047	2367	624	1907
2815	255	2047	2598	675	1913
3071	255	2047	2830	728	1920
3327	255	2047	3062	783	1928
3583	255	2047	3295	840	1937
3839	255	2047	3528	897	1946
4095	255	2047	3761	955	1957
0	511	2047	447	541	1883
255	511	2047	540	545	1884
511	511	2047	675	552	1884
767	511	2047	848	563	1886
1023	511	2047	1044	578	1887
1279	511	2047	1253	598	1889
1535	511	2047	1470	622	1892
1791	511	2047	1692	651	1896
2047	511	2047	1918	684	1900
2303	511	2047	2145	720	1905
2559	511	2047	2374	759	1910
2815	511	2047	2604	802	1917
3071	511	2047	2835	846	1924
3327	511	2047	3067	894	1932
3583	511	2047	3299	943	1940
3839	511	2047	3532	993	1950
4095	511	2047	3765	1046	1960
0	767	2047	518	774	1889
255	767	2047	600	777	1890
511	767	2047	723	782	1890
767	767	2047	887	789	1891
1023	767	2047	1075	800	1893
1279	767	2047	1278	814	1895
1535	767	2047	1491	832	1898
1791	767	2047	1710	853	1902
2047	767	2047	1933	878	1906
2303	767	2047	2158	906	1911
2559	767	2047	2385	937	1916
2815	767	2047	2614	971	1923
3071	767	2047	2844	1007	1930
3327	767	2047	3075	1046	1937
3583	767	2047	3307	1088	1946
3839	767	2047	3539	1131	1955
4095	767	2047	3771	1176	1966
0	1023	2047	606	1015	1898
255	1023	2047	677	1017	1898
511	1023	2047	788	1020	1899
767	1023	2047	939	1026	1900
1023	1023	2047	1118	1034	1902
1279	1023	2047	1313	1045	1904
1535	1023	2047	1520	1058	1907
1791	1023	2047	1734	1074	1910
2047	1023	2047	1954	1094	1914
2303	1023	2047	2177	1115	1919
2559	1023	2047	2402	1140	1925
2815	1023	2047	2629	1167	1931
3071	1023	2047	2857	1197	1938
3327	1023	2047	3087	1229	1946
3583	1023	2047	3318	1264	1954
3839	1023	2047	3549	1300	1964
4095	1023	2047	3780	1339	1974
0	1279	2047	706	1258	1909
255	1279	2047	767	1260	1909
511	1279	2047	866	1263	1910
767	1279	2047	1004	1267	1911
1023	1279	2047	1171	1274	1913
1279	1279	2047	1358	1282	1915
1535	1279	2047	1558	1293	1918
1791	1279	2047	1767	1305	1921
2047	1279	2047	1982	1321	1925
2303	1279	2047	2201	1338	1930
2559	1279	2047	2423	1358	1936
2815	1279	2047	2648	1380	1942
3071	1279	2047	2875	1405	1949
3327	1279	2047	3103	1431	1957
3583	1279	2047	3332	1460	1965
3839	1279	2047	3562	1491	1974
4095	1279	2047	3792	1524	1984
0	1535	2047	814	1504	1923
255	1535	2047	867	1505	1923
511	1535	2047	955	1507	1924
767	1535	2047	1080	1511	1925
1023	1535	2047	1236	1516	1927
1279	1535	2047	1413	1523	1929
1535	1535	2047	1604	1532	1932
1791	1535	2047	1807	1542	1935
2047	1535	2047	2016	1555	1939
2303	1535	2047	2231	1569	1944
2559	1535	2047	2450	1586	1950
2815	1535	2047	2672	1604	1956
3071	1535	2047	2896	1624	1963
3327	1535	2047	3122	1647	1970
3583	1535	2047	3350	1671	1979
3839	1535	2047	3578	1698	1988
4095	1535	2047	3807	1726	1998
0	1791	2047	929	1751	1940
255	1791	2047	975	1752	1941
511	1791	2047	1052	1754	1941
767	1791	2047	1166	1757	1942
1023	1791	2047	1310	1761	1944
1279	1791	2047	1476	1767	1946
1535	1791	2047	1659	1774	1949
1791	1791	2047	1854	1783	1952
2047	1791	2047	2058	1793	1956
2303	1791	2047	2268	1805	1961
2559	1791	2047	2483	1819	1966
2815	1791	2047	2701	1835	1973
3071	1791	2047	2923	1852	1979
3327	1791	2047	3146	1871	1987
3583	1791	2047	3371	1892	1995
3839	1791	2047	3598	1914	2004
4095	1791	2047	3826	1939	2014
0	2047	2047	1047	1998	1961
255	2047	2047	1088	1999	1961
511	2047	2047	1157	2001	1962
767	2047	2047	1260	2003	1963
1023	2047	2047	1392	2007	1964
1279	2047	2047	1548	2012	1967
1535	2047	2047	1722	2018	1969
1791	2047	2047	1909	2025	1973
2047	2047	2047	2106	2034	1977
2303	2047	2047	2311	2044	1981
2559	2047	2047	2521	2056	1986
2815	2047	2047	2736	2070	1992
3071	2047	2047	2954	2085	1999
3327	2047	2047	3174	2101	2007
3583	2047	2047	3397	2119	2015
3839	2047	2047	3622	2139	2024
4095	2047	2047	3848	2160	2034
0	2303	2047	1169	2246	1984
255	2303	2047	1205	2247	1984
511	2303	2047	1267	2248	1985
767	2303	2047	1360	2250	1986
1023	2303	2047	1482	2253	1988
1279	2303	2047	1627	2258	1990
1535	2303	2047	1792	2263	1993
1791	2303	2047	1971	2269	1996
2047	2303	2047	2161	2277	2000
2303	2303	2047	2360	2286	2004
2559	2303	2047	2565	2296	2010
2815	2303	2047	2775	2308	2015
3071	2303	2047	2990	2321	2022
3327	2303	2047	3207	2335	2029
3583	2303	2047	3427	2351	2038
3839	2303	2047	3649	2368	2046
4095	2303	2047	3873	2387	2056
0	2559	2047	1293	2494	2011
255	2559	2047	1325	2495	2011
511	2559	2047	1380	2496	2012
767	2559	2047	1465	2498	2013
1023	2559	2047	1577	2501	2014
1279	2559	2047	1713	2504	2016
1535	2559	2047	1868	2509	2019
1791	2559	2047	2039	2515	2022
2047	2559	2047	2222	2521	2026
2303	2559	2047	2414	2529	2031
2559	2559	2047	2614	2538	2036
2815	2559	2047	2820	2549	2042
3071	2559	2047	3030	2560	2048
3327	2559	2047	3244	2573	2055
3583	2559	2047	3461	2587	2063
3839	2559	2047	3681	2602	2072
4095	2559	2047	3902	2618	2082
0	2815	2047	1419	2742	2040
255	2815	2047	1448	2743	2041
511	2815	2047	1497	2744	2041
767	2815	2047	1575	2746	2042
1023	2815	2047	1678	2748	2044
1279	2815	2047	1805	2751	2046
1535	2815	2047	1951	2756	2049
1791	2815	2047	2113	2761	2052
2047	2815	2047	2289	2767	2055
2303	2815	2047	2475	2774	2060
2559	2815	2047	2669	2782	2065
2815	2815	2047	2870	2791	2071
3071	2815	2047	3075	2801	2077
3327	2815	2047	3286	2812	2084
3583	2815	2047	3499	2825	2092
3839	2815	2047	3716	2838	2101
4095	2815	2047	3935	2853	2110
0	3071	2047	1546	2991	2073
255	3071	2047	1572	2991	2073
511	3071	2047	1617	2992	2074
767	3071	2047	1688	2994	2075
1023	3071	2047	1783	2996	2077
1279	3071	2047	1901	2999	2079
1535	3071	2047	2039	3003	2081
1791	3071	2047	2193	3007	2084
2047	3071	2047	2361	3013	2088
2303	3071	2047	2541	3019	2092
2559	3071	2047	2729	3026	2097
2815	3071	2047	2924	3034	2103
3071	3071	2047	3125	3043	2109
3327	3071	2047	3332	3054	2116
3583	3071	2047	3542	3065	2124
3839	3071	2047	3755	3077	2132
4095	3071	2047	3971	3090	2141
0	3327	2047	1674	3240	2109
255	3327	2047	1698	3240	2109
511	3327	2047	1739	3241	2110
767	3327	2047	1804	3242	2111
1023	3327	2047	1892	3244	2112
1279	3327	2047	2002	3247	2114
1535	3327	2047	2132	3250	2117
1791	3327	2047	2278	3254	2120
2047	3327	2047	2439	3259	2123
2303	3327	2047	2611	3265	2128
2559	3327	2047	2794	3271	2133
2815	3327	2047	2984	3279	2138
3071	3327	2047	3180	3287	2144
3327	3327	2047	3382	3296	2151
3583	3327	2047	3588	3306	2159
3839	3327	2047	3798	3317	2167
4095	3327	2047	4011	3329	2176
0	3583	2047	1803	3488	2148
255	3583	2047	1824	3489	2148
511	3583	2047	1862	3490	2149
767	3583	2047	1922	3491	2150
1023	3583	2047	2004	3493	2151
1279	3583	2047	2107	3495	2153
1535	3583	2047	2229	3498	2155
1791	3583	2047	2368	3502	2158
2047	3583	2047	2521	3506	2162
2303	3583	2047	2687	3511	2166
2559	3583	2047	2863	3517	2171
2815	3583	2047	3047	3524	2176
3071	3583	2047	3239	3531	2182
3327	3583	2047	3436	3540	2189
3583	3583	2047	3639	3549	2196
3839	3583	2047	3845	3559	2204
4095	3583	2047	4055	3570	2213
0	3839	2047	1932	3737	2189
255	3839	2047	1952	3738	2190
511	3839	2047	1987	3738	2190
767	3839	2047	2042	3739	2191
1023	3839	2047	2118	3741	2193
1279	3839	2047	2214	3743	2194
1535	3839	2047	2330	3746	2197
1791	3839	2047	2461	3749	2200
2047	3839	2047	2608	3753	2203
2303	3839	2047	2767	3758	2207
2559	3839	2047	2937	3764	2212
2815	3839	2047	3116	3770	2217
3071	3839	2047	3302	3777	2223
3327	3839	2047	3495	3784	2229
3583	3839	2047	3693	3793	2237
3839	3839	2047	3895	3802	2245
4095	3839	2047	4095	3806	2249
0	4095	2047	2062	3986	2233
255	4095	2047	2081	3986	2234
511	4095	2047	2113	3987	2234
767	4095	2047	2164	3988	2235
1023	4095	2047	2235	3990	2237
1279	4095	2047	2325	3992	2239
1535	4095	2047	2434	3994	2241
1791	4095	2047	2559	3997	2244
2047	4095	2047	2698	4001	2247
2303	4095	2047	2851	4005	2251
2559	4095	2047	3015	4010	2255
2815	4095	2047	3188	4016	2261
3071	4095	2047	3369	4022	2266
3327	4095	2047	3557	4029	2273
3583	4095	2047	3751	4037	2280
3839	4095	2047	3950	4046	2287
4095	4095	2047	4095	3999	2264
0	0	2303	435	158	2114
255	0	2303	529	169	2115
511	0	2303	666	186	2115
767	0	2303	842	212	2116
1023	0	2303	1039	245	2118
1279	0	2303	1249	286	2120
1535	0	2303	1467	332	2122
1791	0	2303	1690	381	2125
2047	0	2303	1915	434	2129
2303	0	2303	2143	489	2133
2559	0	2303	2372	546	2138
2815	0	2303	2603	604	2143
3071	0	2303	2834	664	2150
3327	0	2303	3066	724	2156
3583	0	2303	3298	785	2164
3839	0	2303	3531	846	2172
4095	0	2303	3764	908	2181
0	255	2303	461	347	2116
255	255	2303	551	353	2117
511	255	2303	684	363	2117
767	255	2303	855	379	2118
1023	255	2303	1050	401	2120
1279	255	2303	1258	429	2122
1535	255	2303	1474	462	2124
1791	255	2303	1696	500	2127
2047	255	2303	1920	542	2131
2303	255	2303	2147	587	2135
2559	255	2303	2376	635	2140
2815	255	2303	2606	686	2145
3071	255	2303	2837	738	2151
3327	255	2303	3069	793	2158
3583	255	2303	3301	848	2166
3839	255	2303	3533	905	2174
4095	255	2303	3766	963	2183
0	511	2303	504	554	2119
255	511	2303	588	558	2120
511	511	2303	714	565	2120
767	511	2303	879	576	2121
1023	511	2303	1069	591	2123
1279	511	2303	1273	610	2125
1535	511	2303	1487	634	2127
1791	511	2303	1706	662	2130
2047	511	2303	1929	694	2134
2303	511	2303	2155	730	2138
2559	511	2303	2383	769	2143
2815	511	2303	2612	811	2148
3071	511	2303	2843	855	2154
3327	511	2303	3074	902	2161
3583	511	2303	3305	950	2169
3839	511	2303	3537	1001	2177
4095	511	2303	3770	1052	2186
0	767	2303	568	784	2124
255	767	2303	644	786	2125
511	767	2303	760	791	2125
767	767	2303	916	798	2126
1023	767	2303	1099	809	2128
1279	767	2303	1298	823	2130
1535	767	2303	1507	841	2132
1791	767	2303	1723	862	2135
2047	767	2303	1944	886	2139
2303	767	2303	2168	914	2143
2559	767	2303	2395	945	2148
2815	767	2303	2622	978	2153
3071	767	2303	2852	1014	2159
3327	767	2303	3082	1053	2166
3583	767	2303	3313	1094	2174
3839	767	2303	3544	1137	2182
4095	767	2303	3776	1182	2191
0	1023	2303	649	1022	2132
255	1023	2303	716	1024	2132
511	1023	2303	821	1027	2133
767	1023	2303	967	1033	2134
1023	1023	2303	1140	1041	2135
1279	1023	2303	1332	1051	2137
1535	1023	2303	1536	1065	2140
1791	1023	2303	1748	1081	2143
2047	1023	2303	1965	1100	2146
2303	1023	2303	2187	1122	2150
2559	1023	2303	2411	1146	2155
2815	1023	2303	2637	1173	2161
3071	1023	2303	2865	1203	2167
3327	1023	2303	3094	1235	2173
3583	1023	2303	3323	1269	2181
3839	1023	2303	3554	1305	2189
4095	1023	2303	3785	1344	2198
0	1279	2303	743	1264	2142
255	1279	2303	802	1265	2142
511	1279	2303	896	1268	2142
767	1279	2303	1030	1273	2143
1023	1279	2303	1193	1279	2145
1279	1279	2303	1376	1287	2147
1535	1279	2303	1573	1298	2149
1791	1279	2303	1780	1311	2152
2047	1279	2303	1993	1326	2156
2303	1279	2303	2211	1343	2160
2559	1279	2303	2432	1363	2165
2815	1279	2303	2656	1385	2170
3071	1279	2303	2882	1410	2176
3327	1279	2303	3109	1436	2183
3583	1279	2303	3338	1465	2190
3839	1279	2303	3567	1496	2198
4095	1279	2303	3797	1528	2207
0	1535	2303	846	1508	2154
255	1535	2303	898	1510	2154
511	1535	2303	982	1512	2155
767	1535	2303	1104	1515	2156
1023	1535	2303	1256	1521	2157
1279	1535	2303	1430	1527	2159
1535	1535	2303	1619	1536	2161
1791	1535	2303	1819	1547	2164
2047	1535	2303	2028	1559	2168
2303	1535	2303	2241	1573	2172
2559	1535	2303	2459	1590	2177
2815	1535	2303	2680	1608	2182
3071	1535	2303	2903	1628	2188
3327	1535	2303	3129	1651	2195
3583	1535	2303	3355	1675	2202
3839	1535	2303	3583	1701	2210
4095	1535	2303	3812	1729	2219
0	1791	2303	957	1754	2169
255	1791	2303	1002	1755	2169
511	1791	2303	1077	1757	2170
767	1791	2303	1188	1760	2171
1023	1791	2303	1329	1764	2172
1279	1791	2303	1493	1770	2174
1535	1791	2303	1673	1777	2176
1791	1791	2303	1867	1786	2179
2047	1791	2303	2069	1797	2183
2303	1791	2303	2278	1809	2187
2559	1791	2303	2491	1822	2192
2815	1791	2303	2709	1838	2197
3071	1791	2303	2930	1855	2203
3327	1791	2303	3153	1874	2209
3583	1791	2303	3377	1895	2217
3839	1791	2303	3603	1918	2225
4095	1791	2303	3831	1942	2233
0	2047	2303	1072	2001	2186
255	2047	2303	1111	2002	2187
511	2047	2303	1179	2004	2187
767	2047	2303	1280	2006	2188
1023	2047	2303	1410	2010	2190
1279	2047	2303	1564	2015	2192
1535	2047	2303	1735	2021	2194
1791	2047	2303	1921	2028	2197
2047	2047	2303	2117	2037	2200
2303	2047	2303	2320	2047	2204
2559	2047	2303	2529	2059	2209
2815	2047	2303	2743	2073	2214
3071	2047	2303	2961	2088	2220
3327	2047	2303	3181	2104	2227
3583	2047	2303	3403	2122	2234
3839	2047	2303	3627	2142	2242
4095	2047	2303	3853	2163	2250
0	2303	2303	1191	2249	2207
255	2303	2303	1226	2249	2207
511	2303	2303	1286	2251	2208
767	2303	2303	1378	2253	2209
1023	2303	2303	1498	2256	2210
1279	2303	2303	1642	2260	2212
1535	2303	2303	1805	2265	2214
1791	2303	2303	1982	2272	2217
2047	2303	2303	2171	2280	2221
2303	2303	2303	2369	2289	2225
2559	2303	2303	2573	2299	2229
2815	2303	2303	2783	2311	2234
3071	2303	2303	2996	2324	2240
3327	2303	2303	3213	2338	2247
3583	2303	2303	3433	2354	2254
3839	2303	2303	3655	2371	2262
4095	2303	2303	3878	2389	2270
0	2559	2303	1312	2496	2230
255	2559	2303	1344	2497	2230
511	2559	2303	1398	2498	2231
767	2559	2303	1482	2500	2232
1023	2559	2303	1592	2503	2233
1279	2559	2303	1727	2507	2235
1535	2559	2303	1881	2511	2237
1791	2559	2303	2050	2517	2240
2047	2559	2303	2232	2524	2244
2303	2559	2303	2423	2532	2248
2559	2559	2303	2622	2541	2252
2815	2559	2303	2827	2551	2257
3071	2559	2303	3037	2562	2263
3327	2559	2303	3250	2575	2269
3583	2559	2303	3467	2589	2277
3839	2559	2303	3686	2604	2284
4095	2559	2303	3907	2621	2293
0	2815	2303	1436	2744	2256
255	2815	2303	1464	2745	2257
511	2815	2303	1514	2746	2257
767	2815	2303	1590	2748	2258
1023	2815	2303	1692	2750	2259
1279	2815	2303	1817	2753	2261
1535	2815	2303	1963	2758	2263
1791	2815	2303	2124	2763	2266
2047	2815	2303	2299	2769	2270
2303	2815	2303	2483	2776	2273
2559	2815	2303	2677	2784	2278
2815	2815	2303	2877	2793	2283
3071	2815	2303	3082	2803	2289
3327	2815	2303	3292	2814	2295
3583	2815	2303	3505	2827	2302
3839	2815	2303	3721	2840	2310
4095	2815	2303	3940	2855	2318
0	3071	2303	1561	2993	2285
255	3071	2303	1587	2993	2285
511	3071	2303	1632	2994	2286
767	3071	2303	1702	2996	2287
1023	3071	2303	1796	2998	2288
1279	3071	2303	1913	3001	2290
1535	3071	2303	2050	3005	2292
1791	3071	2303	2203	3009	2295
2047	3071	2303	2371	3014	2298
2303	3071	2303	2549	3021	2302
2559	3071	2303	2736	3028	2307
2815	3071	2303	2931	3036	2311
3071	3071	2303	3132	3045	2317
3327	3071	2303	3337	3055	2323
3583	3071	2303	3547	3067	2330
3839	3071	2303	3760	3079	2338
4095	3071	2303	3976	3092	2346
0	3327	2303	1688	3241	2317
255	3327	2303	1711	3242	2317
511	3327	2303	1752	3243	2318
767	3327	2303	1816	3244	2319
1023	3327	2303	1904	3246	2320
1279	3327	2303	2013	3249	2322
1535	3327	2303	2142	3252	2324
1791	3327	2303	2288	3256	2327
2047	3327	2303	2448	3261	2330
2303	3327	2303	2620	3266	2334
2559	3327	2303	2801	3273	2338
2815	3327	2303	2990	3280	2343
3071	3327	2303	3186	3289	2348
3327	3327	2303	3388	3298	2354
3583	3327	2303	3593	3308	2361
3839	3327	2303	3803	3319	2368
4095	3327	2303	4016	3331	2376
0	3583	2303	1816	3490	2351
255	3583	2303	1837	3490	2352
511	3583	2303	1875	3491	2352
767	3583	2303	1934	3492	2353
1023	3583	2303	2015	3494	2354
1279	3583	2303	2117	3496	2356
1535	3583	2303	2239	3499	2358
1791	3583	2303	2377	3503	2361
2047	3583	2303	2530	3508	2364
2303	3583	2303	2695	3513	2368
2559	3583	2303	2870	3519	2372
2815	3583	2303	3054	3525	2377
3071	3583	2303	3245	3533	2382
3327	3583	2303	3442	3541	2388
3583	3583	2303	3644	3550	2395
3839	3583	2303	3850	3561	2402
4095	3583	2303	4059	3572	2410
0	3839	2303	1944	3739	2388
255	3839	2303	1964	3739	2389
511	3839	2303	1998	3740	2389
767	3839	2303	2053	3741	2390
1023	3839	2303	2129	3742	2391
1279	3839	2303	2224	3745	2393
1535	3839	2303	2339	3747	2395
1791	3839	2303	2470	3751	2398
2047	3839	2303	2616	3755	2401
2303	3839	2303	2775	3759	2404
2559	3839	2303	2944	3765	2409
2815	3839	2303	3122	3771	2413
3071	3839	2303	3308	3778	2419
3327	3839	2303	3500	3786	2425
3583	3839	2303	3698	3794	2431
3839	3839	2303	3900	3803	2438
4095	3839	2303	4095	3803	2439
0	4095	2303	2073	3987	2428
255	4095	2303	2091	3988	2428
511	4095	2303	2123	3988	2429
767	4095	2303	2174	3989	2430
1023	4095	2303	2245	3991	2431
1279	4095	2303	2334	3993	2433
1535	4095	2303	2442	3995	2435
1791	4095	2303	2567	3999	2437
2047	4095	2303	2706	4002	2440
2303	4095	2303	2858	4007	2444
2559	4095	2303	3022	4012	2448
2815	4095	2303	3194	4017	2453
3071	4095	2303	3375	4024	2458
3327	4095	2303	3563	4031	2463
3583	4095	2303	3756	4038	2470
3839	4095	2303	3954	4047	2477
4095	4095	2303	4095	3996	2447
0	0	2559	501	197	2351
255	0	2559	586	206	2352
511	0	2559	712	221	2352
767	0	2559	878	245	2353
1023	0	2559	1068	275	2354
1279	0	2559	1272	313	2356
1535	0	2559	1486	356	2358
1791	0	2559	1706	403	2361
2047	0	2559	1929	453	2364
2303	0	2559	2155	506	2368
2559	0	2559	2383	561	2372
2815	0	2559	2612	618	2377
3071	0	2559	2842	676	2382
3327	0	2559	3073	735	2388
3583	0	2559	3305	795	2395
3839	0	2559	3537	856	2402
4095	0	2559	3770	917	2410
0	255	2559	524	370	2353
255	255	2559	606	375	2353
511	255	2559	728	385	2354
767	255	2559	890	400	2355
1023	255	2559	1078	422	2356
1279	255	2559	1281	448	2358
1535	255	2559	1493	480	2360
1791	255	2559	1711	517	2362
2047	255	2559	1934	557	2366
2303	255	2559	2159	602	2369
2559	255	2559	2387	649	2373
2815	255	2559	2615	698	2378
3071	255	2559	2845	750	2384
3327	255	2559	3076	803	2390
3583	255	2559	3308	858	2396
3839	255	2559	3540	914	2403
4095	255	2559	3772	971	2411
0	511	2559	563	570	2356
255	511	2559	639	573	2356
511	511	2559	756	580	2356
767	511	2559	913	590	2357
1023	511	2559	1096	605	2359
1279	511	2559	1296	624	2360
1535	511	2559	1506	648	2362
1791	511	2559	1722	675	2365
2047	511	2559	1943	707	2368
2303	511	2559	2167	742	2372
2559	511	2559	2394	780	2376
2815	511	2559	2622	821	2381
3071	511	2559	2851	865	2386
3327	511	2559	3081	911	2392
3583	511	2559	3312	959	2399
3839	511	2559	3544	1009	2406
4095	511	2559	3776	1060	2414
0	767	2559	621	794	2360
255	767	2559	691	797	2360
511	767	2559	800	801	2361
767	767	2559	949	809	2362
1023	767	2559	1125	820	2363
1279	767	2559	1320	833	2365
1535	767	2559	1526	851	2367
1791	767	2559	1739	872	2370
2047	767	2559	1958	896	2373
2303	767	2559	2180	923	2376
2559	767	2559	2405	953	2381
2815	767	2559	2632	986	2385
3071	767	2559	2860	1022	2391
3327	767	2559	3089	1061	2397
3583	767	2559	3320	1102	2403
3839	767	2559	3551	1144	2411
4095	767	2559	3782	1189	2418
0	1023	2559	696	1030	2367
255	1023	2559	758	1031	2367
511	1023	2559	858	1035	2367
767	1023	2559	997	1041	2368
1023	1023	2559	1166	1049	2370
1279	1023	2559	1353	1059	2371
1535	1023	2559	1554	1072	2373
1791	1023	2559	1763	1088	2376
2047	1023	2559	1979	1107	2379
2303	1023	2559	2198	1129	2383
2559	1023	2559	2421	1153	2387
2815	1023	2559	2646	1180	2392
3071	1023	2559	2873	1209	2397
3327	1023	2559	3101	1241	2403
3583	1023	2559	3330	1275	2410
3839	1023	2559	3560	1311	2417
4095	1023	2559	3791	1350	2425
0	1279	2559	784	1270	2375
255	1279	2559	839	1272	2375
511	1279	2559	929	1274	2376
767	1279	2559	1059	1279	2377
1023	1279	2559	1217	1285	2378
1279	1279	2559	1397	1293	2380
1535	1279	2559	1591	1304	2382
1791	1279	2559	1795	1317	2384
2047	1279	2559	2006	1332	2388
2303	1279	2559	2222	1349	2391
2559	1279	2559	2442	1369	2395
2815	1279	2559	2665	1391	2400
3071	1279	2559	2890	1415	2405
3327	1279	2559	3117	1441	2411
3583	1279	2559	3344	1470	2418
3839	1279	2559	3573	1501	2425
4095	1279	2559	3803	1533	2433
0	1535	2559	882	1513	2386
255	1535	2559	931	1515	2386
511	1535	2559	1012	1517	2387
767	1535	2559	1131	1520	2388
1023	1535	2559	1279	1526	2389
1279	1535	2559	1450	1532	2390
1535	1535	2559	1636	1541	2393
1791	1535	2559	1834	1551	2395
2047	1535	2559	2040	1564	2398
2303	1535	2559	2252	1578	2402
2559	1535	2559	2469	1594	2406
2815	1535	2559	2689	1613	2411
3071	1535	2559	2912	1633	2416
3327	1535	2559	3136	1655	2422
3583	1535	2559	3362	1680	2428
3839	1535	2559	3590	1706	2436
4095	1535	2559	3818	1734	2443
0	1791	2559	988	1759	2399
255	1791	2559	1031	1760	2399
511	1791	2559	1104	1761	2400
767	1791	2559	1212	1764	2401
1023	1791	2559	1350	1769	2402
1279	1791	2559	1511	1774	2404
1535	1791	2559	1690	1781	2406
1791	1791	2559	1881	1790	2408
2047	1791	2559	2081	1801	2411
2303	1791	2559	2289	1813	2415
2559	1791	2559	2501	1826	2419
2815	1791	2559	2718	1842	2424
3071	1791	2559	2938	1859	2429
3327	1791	2559	3160	1878	2435
3583	1791	2559	3384	1899	2441
3839	1791	2559	3610	1921	2448
4095	1791	2559	3836	1946	2456
0	2047	2559	1099	2005	2414
255	2047	2559	1138	2006	2415
511	2047	2559	1203	2007	2415
767	2047	2559	1302	2010	2416
1023	2047	2559	1430	2013	2417
1279	2047	2559	1581	2018	2419
1535	2047	2559	1751	2024	2421
1791	2047	2559	1935	2032	2424
2047	2047	2559	2129	2041	2427
2303	2047	2559	2331	2051	2430
2559	2047	2559	2539	2063	2434
2815	2047	2559	2752	2076	2439
3071	2047	2559	2969	2091	2444
3327	2047	2559	3188	2107	2450
3583	2047	2559	3410	2125	2456
3839	2047	2559	3633	2145	2463
4095	2047	2559	3858	2166	2471
0	2303	2559	1215	2252	2433
255	2303	2559	1249	2252	2433
511	2303	2559	1308	2254	2433
767	2303	2559	1398	2256	2434
1023	2303	2559	1516	2259	2435
1279	2303	2559	1658	2263	2437
1535	2303	2559	1819	2269	2439
1791	2303	2559	1995	2275	2442
2047	2303	2559	2183	2283	2445
2303	2303	2559	2379	2292	2448
2559	2303	2559	2583	2302	2452
2815	2303	2559	2791	2314	2457
3071	2303	2559	3004	2326	2462
3327	2303	2559	3220	2341	2468
3583	2303	2559	3439	2357	2474
3839	2303	2559	3661	2374	2481
4095	2303	2559	3884	2392	2489
0	2559	2559	1334	2499	2453
255	2559	2559	1365	2500	2453
511	2559	2559	1418	2501	2454
767	2559	2559	1500	2503	2455
1023	2559	2559	1610	2506	2456
1279	2559	2559	1742	2509	2458
1535	2559	2559	1895	2514	2460
1791	2559	2559	2063	2520	2462
2047	2559	2559	2243	2526	2465
2303	2559	2559	2434	2534	2469
2559	2559	2559	2631	2543	2473
2815	2559	2559	2836	2553	2477
3071	2559	2559	3044	2565	2482
3327	2559	2559	3257	2578	2488
3583	2559	2559	3473	2591	2494
3839	2559	2559	3692	2607	2501
4095	2559	2559	3912	2623	2509
0	2815	2559	1456	2747	2476
255	2815	2559	1484	2747	2477
511	2815	2559	1532	2748	2477
767	2815	2559	1607	2750	2478
1023	2815	2559	1708	2753	2479
1279	2815	2559	1832	2756	2481
1535	2815	2559	1976	2760	2483
1791	2815	2559	2136	2765	2485
2047	2815	2559	2309	2771	2488
2303	2815	2559	2493	2778	2492
2559	2815	2559	2686	2786	2496
2815	2815	2559	2885	2795	2500
3071	2815	2559	3089	2805	2505
3327	2815	2559	3299	2817	2511
3583	2815	2559	3511	2829	2517
3839	2815	2559	3727	2843	2524
4095	2815	2559	3945	2857	2531
0	3071	2559	1579	2995	2502
255	3071	2559	1604	2995	2502
511	3071	2559	1649	2996	2503
767	3071	2559	1717	2998	2504
1023	3071	2559	1811	3000	2505
1279	3071	2559	1927	3003	2506
1535	3071	2559	2063	3007	2508
1791	3071	2559	2215	3011	2511
2047	3071	2559	2381	3016	2514
2303	3071	2559	2559	3023	2517
2559	3071	2559	2745	3030	2521
2815	3071	2559	2939	3038	2525
3071	3071	2559	3139	3047	2530
3327	3071	2559	3344	3057	2536
3583	3071	2559	3553	3069	2542
3839	3071	2559	3766	3081	2549
4095	3071	2559	3981	3094	2556
0	3327	2559	1704	3243	2530
255	3327	2559	1727	3244	2531
511	3327	2559	1768	3244	2531
767	3327	2559	1831	3246	2532
1023	3327	2559	1918	3248	2533
1279	3327	2559	2026	3250	2535
1535	3327	2559	2154	3254	2537
1791	3327	2559	2299	3258	2539
2047	3327	2559	2458	3263	2542
2303	3327	2559	2629	3268	2545
2559	3327	2559	2809	3275	2549
2815	3327	2559	2998	3282	2553
3071	3327	2559	3193	3290	2558
3327	3327	2559	3394	3300	2564
3583	3327	2559	3600	3310	2570
3839	3327	2559	3809	3321	2576
4095	3327	2559	4021	3333	2584
0	3583	2559	1830	3492	2561
255	3583	2559	1852	3492	2561
511	3583	2559	1889	3493	2562
767	3583	2559	1947	3494	2563
1023	3583	2559	2028	3496	2564
1279	3583	2559	2129	3498	2565
1535	3583	2559	2250	3501	2567
1791	3583	2559	2387	3505	2570
2047	3583	2559	2539	3509	2572
2303	3583	2559	2704	3514	2576
2559	3583	2559	2878	3520	2580
2815	3583	2559	3062	3527	2584
3071	3583	2559	3252	3535	2589
3327	3583	2559	3448	3543	2594
3583	3583	2559	3650	3552	2600
3839	3583	2559	3855	3562	2607
4095	3583	2559	4064	3573	2614
0	3839	2559	1958	3740	2594
255	3839	2559	1977	3741	2595
511	3839	2559	2011	3741	2595
767	3839	2559	2066	3742	2596
1023	3839	2559	2141	3744	2597
1279	3839	2559	2236	3746	2599
1535	3839	2559	2349	3749	2600
1791	3839	2559	2480	3752	2603
2047	3839	2559	2625	3756	2606
2303	3839	2559	2783	3761	2609
2559	3839	2559	2952	3766	2613
2815	3839	2559	3129	3773	2617
3071	3839	2559	3315	3779	2622
3327	3839	2559	3507	3787	2627
3583	3839	2559	3704	3796	2633
3839	3839	2559	3906	3805	2639
4095	3839	2559	4095	3800	2636
0	4095	2559	2086	3989	2630
255	4095	2559	2104	3989	2630
511	4095	2559	2135	3990	2631
767	4095	2559	2186	3991	2632
1023	4095	2559	2256	3992	2633
1279	4095	2559	2345	3994	2634
1535	4095	2559	2452	3997	2636
1791	4095	2559	2576	4000	2638
2047	4095	2559	2715	4004	2641
2303	4095	2559	2867	4008	2644
2559	4095	2559	3029	4013	2648
2815	4095	2559	3201	4019	2652
3071	4095	2559	3382	4025	2657
3327	4095	2559	3569	4032	2662
3583	4095	2559	3762	4040	2668
3839	4095	2559	3960	4048	2674
4095	4095	2559	4095	3992	2638
0	0	2815	568	236	2588
255	0	2815	644	244	2589
511	0	2815	760	258	2589
767	0	2815	916	279	2590
1023	0	2815	1099	307	2591
1279	0	2815	1298	341	2592
1535	0	2815	1507	381	2594
1791	0	2815	1724	426	2597
2047	0	2815	1944	474	2599
2303	0	2815	2168	525	2603
2559	0	2815	2395	578	2606
2815	0	2815	2622	634	2611
3071	0	2815	2852	690	2616
3327	0	2815	3082	748	2621
3583	0	2815	3313	807	2627
3839	0	2815	3544	867	2633
4095	0	2815	3776	927	2640
0	255	2815	589	395	2590
255	255	2815	662	400	2590
511	255	2815	775	409	2590
767	255	2815	929	424	2591
1023	255	2815	1109	444	2592
1279	255	2815	1306	469	2594
1535	255	2815	1514	500	2596
1791	255	2815	1729	535	2598
2047	255	2815	1949	575	2601
2303	255	2815	2173	617	2604
2559	255	2815	2398	663	2608
2815	255	2815	2626	712	2612
3071	255	2815	2855	762	2617
3327	255	2815	3085	815	2622
3583	255	2815	3315	869	2628
3839	255	2815	3547	924	2634
4095	255	2815	3778	981	2641
0	511	2815	623	587	2592
255	511	2815	693	590	2592
511	511	2815	801	596	2593
767	511	2815	950	607	2594
1023	511	2815	1127	621	2595
1279	511	2815	1321	640	2596
1535	511	2815	1526	662	2598
1791	511	2815	1740	689	2600
2047	511	2815	1958	720	2603
2303	511	2815	2181	754	2606
2559	511	2815	2405	792	2610
2815	511	2815	2632	832	2614
3071	511	2815	2860	876	2619
3327	511	2815	3090	921	2625
3583	511	2815	3320	969	2630
3839	511	2815	3551	1018	2637
4095	511	2815	3782	1069	2644
0	767	2815	676	806	2596
255	767	2815	740	809	2596
511	767	2815	842	813	2597
767	767	2815	984	821	2598
1023	767	2815	1155	831	2599
1279	767	2815	1344	845	2600
1535	767	2815	1546	862	2602
1791	767	2815	1757	882	2604
2047	767	2815	1973	906	2607
2303	767	2815	2193	933	2610
2559	767	2815	2417	963	2614
2815	767	2815	2642	996	2618
3071	767	2815	2869	1031	2623
3327	767	2815	3098	1069	2628
3583	767	2815	3327	1110	2634
3839	767	2815	3558	1152	2641
4095	767	2815	3789	1197	2648
0	1023	2815	745	1038	2602
255	1023	2815	803	1040	2602
511	1023	2815	898	1044	2602
767	1023	2815	1031	1049	2603
1023	1023	2815	1194	1057	2604
1279	1023	2815	1377	1068	2606
1535	1023	2815	1574	1081	2608
1791	1023	2815	1781	1097	2610
2047	1023	2815	1994	1115	2613
2303	1023	2815	2211	1137	2616
2559	1023	2815	2433	1161	2620
2815	1023	2815	2656	1188	2624
3071	1023	2815	2882	1217	2629
3327	1023	2815	3109	1248	2634
3583	1023	2815	3338	1282	2640
3839	1023	2815	3567	1318	2646
4095	1023	2815	3798	1356	2653
0	1279	2815	827	1277	2609
255	1279	2815	880	1279	2609
511	1279	2815	966	1281	2610
767	1279	2815	1090	1286	2611
1023	1279	2815	1244	1292	2612
1279	1279	2815	1420	1300	2613
1535	1279	2815	1610	1311	2615
1791	1279	2815	1812	1323	2618
2047	1279	2815	2021	1338	2620
2303	1279	2815	2235	1356	2624
2559	1279	2815	2454	1375	2627
2815	1279	2815	2675	1397	2631
3071	1279	2815	2899	1421	2636
3327	1279	2815	3125	1448	2641
3583	1279	2815	3352	1476	2647
3839	1279	2815	3580	1507	2654
4095	1279	2815	3809	1539	2661
0	1535	2815	920	1519	2619
255	1535	2815	967	1520	2619
511	1535	2815	1045	1523	2620
767	1535	2815	1160	1526	2620
1023	1535	2815	1304	1531	2621
1279	1535	2815	1471	1538	2623
1535	1535	2815	1655	1547	2625
1791	1535	2815	1851	1557	2627
2047	1535	2815	2055	1569	2630
2303	1535	2815	2265	1584	2633
2559	1535	2815	2480	1600	2637
2815	1535	2815	2699	1618	2641
3071	1535	2815	2921	1638	2646
3327	1535	2815	3144	1660	2651
3583	1535	2815	3370	1685	2657
3839	1535	2815	3597	1711	2663
4095	1535	2815	3824	1739	2670
0	1791	2815	1022	1763	2630
255	1791	2815	1064	1764	2631
511	1791	2815	1134	1766	2631
767	1791	2815	1239	1769	2632
1023	1791	2815	1374	1773	2633
1279	1791	2815	1532	1779	2635
1535	1791	2815	1708	1786	2636
1791	1791	2815	1897	1795	2639
2047	1791	2815	2095	1805	2641
2303	1791	2815	2301	1817	2645
2559	1791	2815	2512	1831	2648
2815	1791	2815	2728	1846	2652
3071	1791	2815	2947	1864	2657
3327	1791	2815	3168	1883	2662
3583	1791	2815	3391	1903	2668
3839	1791	2815	3616	1926	2674
4095	1791	2815	3843	1950	2681
0	2047	2815	1129	2009	2644
255	2047	2815	1167	2010	2645
511	2047	2815	1231	2011	2645
767	2047	2815	1327	2014	2646
1023	2047	2815	1452	2017	2647
1279	2047	2815	1601	2022	2648
1535	2047	2815	1768	2028	2650
1791	2047	2815	1950	2036	2652
2047	2047	2815	2143	2045	2655
2303	2047	2815	2343	2055	2658
2559	2047	2815	2550	2067	2662
2815	2047	2815	2762	2080	2666
3071	2047	2815	2977	2095	2671
3327	2047	2815	3196	2111	2676
3583	2047	2815	3417	2129	2682
3839	2047	2815	3640	2149	2688
4095	2047	2815	3865	2170	2695
0	2303	2815	1242	2255	2660
255	2303	2815	1276	2256	2661
511	2303	2815	1333	2257	2661
767	2303	2815	1421	2259	2662
1023	2303	2815	1537	2263	2663
1279	2303	2815	1677	2267	2664
1535	2303	2815	1836	2272	2666
1791	2303	2815	2010	2278	2668
2047	2303	2815	2196	2286	2671
2303	2303	2815	2391	2295	2674
2559	2303	2815	2593	2305	2678
2815	2303	2815	2801	2317	2682
3071	2303	2815	3013	2330	2687
3327	2303	2815	3228	2344	2692
3583	2303	2815	3447	2360	2697
3839	2303	2815	3667	2377	2704
4095	2303	2815	3890	2396	2710
0	2559	2815	1358	2502	2679
255	2559	2815	1389	2503	2679
511	2559	2815	1441	2504	2679
767	2559	2815	1521	2506	2680
1023	2559	2815	1629	2509	2681
1279	2559	2815	1760	2512	2683
1535	2559	2815	1911	2517	2684
1791	2559	2815	2077	2523	2687
2047	2559	2815	2256	2529	2689
2303	2559	2815	2445	2537	2693
2559	2559	2815	2642	2546	2696
2815	2559	2815	2845	2556	2700
3071	2559	2815	3053	2568	2705
3327	2559	2815	3265	2580	2710
3583	2559	2815	3480	2594	2716
3839	2559	2815	3698	2610	2722
4095	2559	2815	3919	2626	2728
0	2815	2815	1477	2750	2699
255	2815	2815	1505	2750	2700
511	2815	2815	1552	2751	2700
767	2815	2815	1626	2753	2701
1023	2815	2815	1726	2755	2702
1279	2815	2815	1849	2759	2703
1535	2815	2815	1991	2763	2705
1791	2815	2815	2150	2768	2707
2047	2815	2815	2322	2774	2710
2303	2815	2815	2505	2781	2713
2559	2815	2815	2696	2789	2717
2815	2815	2815	2894	2798	2721
3071	2815	2815	3098	2808	2725
3327	2815	2815	3306	2819	2730
3583	2815	2815	3518	2832	2736
3839	2815	2815	3733	2845	2742
4095	2815	2815	3951	2860	2749
0	3071	2815	1599	2997	2722
255	3071	2815	1624	2998	2723
511	3071	2815	1667	2999	2723
767	3071	2815	1735	3000	2724
1023	3071	2815	1828	3002	2725
1279	3071	2815	1942	3005	2726
1535	3071	2815	2077	3009	2728
1791	3071	2815	2228	3014	2730
2047	3071	2815	2393	3019	2733
2303	3071	2815	2569	3025	2736
2559	3071	2815	2755	3032	2740
2815	3071	2815	2948	3040	2743
3071	3071	2815	3147	3050	2748
3327	3071	2815	3352	3060	2753
3583	3071	2815	3560	3071	2758
3839	3071	2815	3772	3083	2765
4095	3071	2815	3987	3096	2771
0	3327	2815	1722	3245	2748
255	3327	2815	1745	3246	2748
511	3327	2815	1785	3247	2748
767	3327	2815	1848	3248	2749
1023	3327	2815	1933	3250	2750
1279	3327	2815	2041	3253	2752
1535	3327	2815	2168	3256	2753
1791	3327	2815	2311	3260	2756
2047	3327	2815	2469	3265	2758
2303	3327	2815	2639	3270	2761
2559	3327	2815	2819	3277	2765
2815	3327	2815	3007	3284	2769
3071	3327	2815	3202	3293	2773
3327	3327	2815	3402	3302	2778
3583	3327	2815	3606	3312	2783
3839	3327	2815	3815	3323	2789
4095	3327	2815	4027	3335	2796
0	3583	2815	1847	3494	2776
255	3583	2815	1868	3494	2776
511	3583	2815	1905	3495	2776
767	3583	2815	1963	3496	2777
1023	3583	2815	2042	3498	2778
1279	3583	2815	2143	3500	2779
1535	3583	2815	2263	3503	2781
1791	3583	2815	2399	3507	2783
2047	3583	2815	2550	3511	2786
2303	3583	2815	2714	3516	2789
2559	3583	2815	2888	3522	2792
2815	3583	2815	3070	3529	2796
3071	3583	2815	3260	3537	2800
3327	3583	2815	3456	3545	2805
3583	3583	2815	3657	3554	2811
3839	3583	2815	3862	3564	2817
4095	3583	2815	4070	3575	2823
0	3839	2815	1973	3742	2806
255	3839	2815	1992	3742	2806
511	3839	2815	2026	3743	2806
767	3839	2815	2080	3744	2807
1023	3839	2815	2154	3746	2808
1279	3839	2815	2249	3748	2809
1535	3839	2815	2362	3751	2811
1791	3839	2815	2491	3754	2813
2047	3839	2815	2636	3758	2816
2303	3839	2815	2793	3763	2819
2559	3839	2815	2961	3768	2822
2815	3839	2815	3138	3774	2826
3071	3839	2815	3323	3781	2830
3327	3839	2815	3514	3789	2835
3583	3839	2815	3711	3797	2840
3839	3839	2815	3912	3807	2846
4095	3839	2815	4095	3796	2837
0	4095	2815	2100	3991	2838
255	4095	2815	2118	3991	2838
511	4095	2815	2149	3992	2839
767	4095	2815	2199	3993	2839
1023	4095	2815	2269	3994	2840
1279	4095	2815	2357	3996	2842
1535	4095	2815	2464	3999	2843
1791	4095	2815	2587	4002	2845
2047	4095	2815	2725	4005	2848
2303	4095	2815	2876	4010	2851
2559	4095	2815	3038	4015	2854
2815	4095	2815	3210	4020	2858
3071	4095	2815	3389	4027	2862
3327	4095	2815	3576	4034	2867
3583	4095	2815	3768	4041	2872
3839	4095	2815	3966	4050	2878
4095	4095	2815	4095	3988	2834
0	0	3071	635	275	2825
255	0	3071	703	282	2825
511	0	3071	810	294	2826
767	0	3071	958	313	2827
1023	0	3071	1133	339	2828
1279	0	3071	1326	371	2829
1535	0	3071	1531	409	2831
1791	0	3071	1744	451	2833
2047	0	3071	1962	497	2835
2303	0	3071	2183	546	2838
2559	0	3071	2408	597	2841
2815	0	3071	2634	651	2845
3071	0	3071	2862	706	2850
3327	0	3071	3091	763	2854
3583	0	3071	3321	821	2860
3839	0	3071	3552	879	2865
4095	0	3071	3784	939	2872
0	255	3071	653	421	2826
255	255	3071	720	426	2827
511	255	3071	825	435	2827
767	255	3071	969	449	2828
1023	255	3071	1142	468	2829
1279	255	3071	1334	492	2830
1535	255	3071	1538	521	2832
1791	255	3071	1749	555	2834
2047	255	3071	1967	593	2836
2303	255	3071	2188	635	2839
2559	255	3071	2412	680	2843
2815	255	3071	2638	727	2846
3071	255	3071	2865	777	2851
3327	255	3071	3094	828	2855
3583	255	3071	3324	881	2861
3839	255	3071	3555	936	2867
4095	255	3071	3786	992	2873
0	511	3071	685	605	2829
255	511	3071	748	608	2829
511	511	3071	849	615	2829
767	511	3071	990	624	2830
1023	511	3071	1160	638	2831
1279	511	3071	1348	656	2832
1535	511	3071	1550	679	2834
1791	511	3071	1760	705	2836
2047	511	3071	1975	735	2839
2303	511	3071	2195	769	2841
2559	511	3071	2419	805	2845
2815	511	3071	2644	845	2849
3071	511	3071	2871	888	2853
3327	511	3071	3099	933	2858
3583	511	3071	3329	979	2863
3839	511	3071	3559	1028	2869
4095	511	3071	3790	1078	2875
0	767	3071	733	819	2832
255	767	3071	792	822	2832
511	767	3071	888	826	2833
767	767	3071	1023	834	2833
1023	767	3071	1187	844	2834
1279	767	3071	1371	857	2836
1535	767	3071	1569	874	2837
1791	767	3071	1776	894	2840
2047	767	3071	1990	918	2842
2303	767	3071	2208	944	2845
2559	767	3071	2430	974	2848
2815	767	3071	2654	1006	2852
3071	767	3071	2880	1041	2856
3327	767	3071	3107	1079	2861
3583	767	3071	3336	1119	2866
3839	767	3071	3566	1161	2872
4095	767	3071	3796	1205	2878
0	1023	3071	796	1048	2837
255	1023	3071	851	1050	2837
511	1023	3071	940	1054	2838
767	1023	3071	1068	1059	2839
1023	1023	3071	1225	1067	2840
1279	1023	3071	1403	1078	2841
1535	1023	3071	1596	1091	2843
1791	1023	3071	1800	1106	2845
2047	1023	3071	2010	1125	2847
2303	1023	3071	2226	1146	2850
2559	1023	3071	2446	1170	2853
2815	1023	3071	2668	1196	2857
3071	1023	3071	2893	1225	2861
3327	1023	3071	3119	1256	2866
3583	1023	3071	3347	1290	2871
3839	1023	3071	3575	1326	2877
4095	1023	3071	3805	1363	2883
0	1279	3071	874	1285	2844
255	1279	3071	923	1286	2844
511	1279	3071	1005	1289	2845
767	1279	3071	1124	1293	2845
1023	1279	3071	1274	1300	2846
1279	1279	3071	1445	1308	2848
1535	1279	3071	1632	1318	2849
1791	1279	3071	1831	1331	2851
2047	1279	3071	2037	1346	2854
2303	1279	3071	2250	1363	2857
2559	1279	3071	2467	1382	2860
2815	1279	3071	2687	1404	2864
3071	1279	3071	2910	1428	2868
3327	1279	3071	3134	1454	2873
3583	1279	3071	3361	1483	2878
3839	1279	3071	3588	1513	2884
4095	1279	3071	3817	1545	2890
0	1535	3071	962	1526	2852
255	1535	3071	1006	1527	2853
511	1535	3071	1081	1529	2853
767	1535	3071	1192	1532	2854
1023	1535	3071	1332	1538	2855
1279	1535	3071	1496	1544	2856
1535	1535	3071	1676	1553	2858
1791	1535	3071	1869	1563	2860
2047	1535	3071	2071	1575	2862
2303	1535	3071	2279	1590	2865
2559	1535	3071	2493	1606	2869
2815	1535	3071	2711	1624	2872
3071	1535	3071	2931	1644	2877
3327	1535	3071	3154	1666	2881
3583	1535	3071	3378	1690	2886
3839	1535	3071	3604	1716	2892
4095	1535	3071	3832	1744	2898
0	1791	3071	1059	1769	2863
255	1791	3071	1099	1770	2863
511	1791	3071	1167	1771	2864
767	1791	3071	1269	1774	2864
1023	1791	3071	1400	1779	2865
1279	1791	3071	1555	1784	2867
1535	1791	3071	1728	1791	2868
1791	1791	3071	1914	1800	2870
2047	1791	3071	2111	1810	2873
2303	1791	3071	2315	1822	2876
2559	1791	3071	2525	1836	2879
2815	1791	3071	2739	1851	2883
3071	1791	3071	2957	1869	2887
3327	1791	3071	3177	1888	2892
3583	1791	3071	3400	1908	2897
3839	1791	3071	3624	1930	2902
4095	1791	3071	3850	1955	2909
0	2047	3071	1162	2013	2875
255	2047	3071	1199	2014	2876
511	2047	3071	1260	2016	2876
767	2047	3071	1354	2018	2877
1023	2047	3071	1477	2022	2878
1279	2047	3071	1623	2027	2879
1535	2047	3071	1788	2033	2881
1791	2047	3071	1967	2040	2883
2047	2047	3071	2158	2049	2885
2303	2047	3071	2357	2059	2888
2559	2047	3071	2562	2071	2891
2815	2047	3071	2773	2084	2895
3071	2047	3071	2987	2099	2899
3327	2047	3071	3205	2115	2904
3583	2047	3071	3425	2133	2909
3839	2047	3071	3648	2153	2915
4095	2047	3071	3872	2174	2921
0	2303	3071	1271	2259	2890
255	2303	3071	1304	2260	2890
511	2303	3071	1360	2261	2890
767	2303	3071	1446	2263	2891
1023	2303	3071	1560	2266	2892
1279	2303	3071	1698	2271	2893
1535	2303	3071	1855	2276	2895
1791	2303	3071	2027	2282	2897
2047	2303	3071	2211	2290	2899
2303	2303	3071	2404	2299	2902
2559	2303	3071	2605	2309	2906
2815	2303	3071	2812	2321	2909
3071	2303	3071	3023	2334	2913
3327	2303	3071	3237	2348	2918
3583	2303	3071	3455	2364	2923
3839	2303	3071	3675	2381	2929
4095	2303	3071	3897	2399	2935
0	2559	3071	1385	2506	2906
255	2559	3071	1414	2506	2906
511	2559	3071	1466	2507	2907
767	2559	3071	1545	2509	2908
1023	2559	3071	1650	2512	2909
1279	2559	3071	1779	2516	2910
1535	2559	3071	1928	2520	2911
1791	2559	3071	2093	2526	2913
2047	2559	3071	2270	2533	2916
2303	2559	3071	2458	2540	2919
2559	2559	3071	2654	2549	2922
2815	2559	3071	2856	2560	2926
3071	2559	3071	3063	2571	2930
3327	2559	3071	3274	2584	2934
3583	2559	3071	3489	2598	2939
3839	2559	3071	3706	2613	2945
4095	2559	3071	3926	2629	2951
0	2815	3071	1501	2753	2925
255	2815	3071	1528	2753	2925
511	2815	3071	1575	2754	2925
767	2815	3071	1648	2756	2926
1023	2815	3071	1746	2758	2927
1279	2815	3071	1867	2762	2928
1535	2815	3071	2008	2766	2930
1791	2815	3071	2165	2771	2932
2047	2815	3071	2336	2777	2934
2303	2815	3071	2517	2784	2937
2559	2815	3071	2707	2792	2940
2815	2815	3071	2905	2801	2944
3071	2815	3071	3107	2811	2948
3327	2815	3071	3315	2822	2953
3583	2815	3071	3526	2835	2958
3839	2815	3071	3741	2848	2963
4095	2815	3071	3958	2863	2969
0	3071	3071	1621	3000	2946
255	3071	3071	1645	3001	2946
511	3071	3071	1688	3001	2946
767	3071	3071	1755	3003	2947
1023	3071	3071	1846	3005	2948
1279	3071	3071	1960	3008	2949
1535	3071	3071	2093	3012	2951
1791	3071	3071	2242	3016	2953
2047	3071	3071	2406	3022	2955
2303	3071	3071	2581	3028	2958
2559	3071	3071	2766	3035	2961
2815	3071	3071	2958	3043	2965
3071	3071	3071	3157	3052	2969
3327	3071	3071	3360	3062	2973
3583	3071	3071	3568	3074	2978
3839	3071	3071	3780	3086	2984
4095	3071	3071	3994	3099	2990
0	3327	3071	1742	3248	2969
255	3327	3071	1765	3248	2969
511	3327	3071	1804	3249	2969
767	3327	3071	1866	3250	2970
1023	3327	3071	1951	3252	2971
1279	3327	3071	2057	3255	2972
1535	3327	3071	2183	3258	2974
1791	3327	3071	2325	3262	2976
2047	3327	3071	2482	3267	2978
2303	3327	3071	2651	3273	2981
2559	3327	3071	2830	3279	2984
2815	3327	3071	3017	3287	2987
3071	3327	3071	3211	3295	2991
3327	3327	3071	3410	3304	2996
3583	3327	3071	3614	3314	3001
3839	3327	3071	3822	3325	3006
4095	3327	3071	4034	3337	3012
0	3583	3071	1865	3496	2994
255	3583	3071	1886	3496	2994
511	3583	3071	1922	3497	2994
767	3583	3071	1980	3498	2995
1023	3583	3071	2059	3500	2996
1279	3583	3071	2158	3502	2997
1535	3583	3071	2277	3505	2999
1791	3583	3071	2412	3509	3001
2047	3583	3071	2563	3513	3003
2303	3583	3071	2725	3519	3006
2559	3583	3071	2898	3524	3009
2815	3583	3071	3080	3531	3012
3071	3583	3071	3269	3539	3016
3327	3583	3071	3464	3547	3021
3583	3583	3071	3664	3556	3026
3839	3583	3071	3869	3566	3031
4095	3583	3071	4077	3577	3037
0	3839	3071	1990	3744	3021
255	3839	3071	2009	3744	3021
511	3839	3071	2042	3745	3022
767	3839	3071	2096	3746	3022
1023	3839	3071	2169	3748	3023
1279	3839	3071	2263	3750	3024
1535	3839	3071	2375	3753	3026
1791	3839	3071	2504	3756	3028
2047	3839	3071	2647	3760	3030
2303	3839	3071	2804	3765	3033
2559	3839	3071	2971	3770	3036
2815	3839	3071	3147	3776	3039
3071	3839	3071	3331	3783	3043
3327	3839	3071	3522	3791	3048
3583	3839	3071	3718	3799	3053
3839	3839	3071	3919	3809	3058
4095	3839	3071	4095	3792	3042
0	4095	3071	2115	3992	3050
255	4095	3071	2133	3993	3051
511	4095	3071	2164	3993	3051
767	4095	3071	2214	3994	3052
1023	4095	3071	2283	3996	3053
1279	4095	3071	2371	3998	3054
1535	4095	3071	2477	4000	3055
1791	4095	3071	2599	4003	3057
2047	4095	3071	2736	4007	3060
2303	4095	3071	2886	4012	3062
2559	4095	3071	3048	4016	3065
2815	4095	3071	3219	4022	3069
3071	4095	3071	3398	4028	3073
3327	4095	3071	3584	4035	3077
3583	4095	3071	3776	4043	3082
3839	4095	3071	3973	4052	3087
4095	4095	3071	4095	3984	3034
0	0	3327	702	314	3062
255	0	3327	764	320	3062
511	0	3327	863	331	3063
767	0	3327	1002	349	3063
1023	0	3327	1169	372	3064
1279	0	3327	1356	402	3065
1535	0	3327	1557	437	3067
1791	0	3327	1765	477	3069
2047	0	3327	1981	520	3071
2303	0	3327	2200	567	3074
2559	0	3327	2422	617	3077
2815	0	3327	2647	669	3080
3071	0	3327	2874	723	3084
3327	0	3327	3102	778	3088
3583	0	3327	3331	835	3093
3839	0	3327	3561	893	3098
4095	0	3327	3792	951	3104
0	255	3327	718	449	3063
255	255	3327	779	454	3063
511	255	3327	876	462	3064
767	255	3327	1013	475	3064
1023	255	3327	1179	493	3065
1279	255	3327	1364	516	3066
1535	255	3327	1563	544	3068
1791	255	3327	1771	577	3070
2047	255	3327	1985	614	3072
2303	255	3327	2204	654	3075
2559	255	3327	2426	697	3078
2815	255	3327	2651	743	3081
3071	255	3327	2877	792	3085
3327	255	3327	3105	842	3089
3583	255	3327	3334	895	3094
3839	255	3327	3563	948	3099
4095	255	3327	3794	1003	3105
0	511	3327	747	625	3065
255	511	3327	805	628	3065
511	511	3327	899	634	3066
767	511	3327	1033	644	3066
1023	511	3327	1195	657	3067
1279	511	3327	1378	675	3068
1535	511	3327	1575	696	3070
1791	511	3327	1781	722	3072
2047	511	3327	1994	751	3074
2303	511	3327	2212	784	3077
2559	511	3327	2433	820	3080
2815	511	3327	2657	859	3083
3071	511	3327	2883	901	3087
3327	511	3327	3110	945	3091
3583	511	3327	3338	991	3096
3839	511	3327	3568	1039	3101
4095	511	3327	3798	1089	3107
0	767	3327	791	834	3068
255	767	3327	846	836	3069
511	767	3327	935	841	3069
767	767	3327	1064	848	3070
1023	767	3327	1222	858	3070
1279	767	3327	1400	871	3072
1535	767	3327	1594	888	3073
1791	767	3327	1798	908	3075
2047	767	3327	2009	931	3077
2303	767	3327	2224	957	3080
2559	767	3327	2444	986	3083
2815	767	3327	2667	1018	3086
3071	767	3327	2891	1053	3090
3327	767	3327	3118	1090	3095
3583	767	3327	3346	1129	3099
3839	767	3327	3574	1171	3104
4095	767	3327	3804	1214	3110
0	1023	3327	850	1060	3073
255	1023	3327	901	1061	3073
511	1023	3327	985	1065	3073
767	1023	3327	1107	1070	3074
1023	1023	3327	1258	1078	3075
1279	1023	3327	1432	1088	3076
1535	1023	3327	1621	1101	3078
1791	1023	3327	1821	1117	3080
2047	1023	3327	2029	1135	3082
2303	1023	3327	2242	1156	3084
2559	1023	3327	2460	1179	3087
2815	1023	3327	2681	1206	3091
3071	1023	3327	2904	1234	3095
3327	1023	3327	3129	1265	3099
3583	1023	3327	3356	1299	3104
3839	1023	3327	3584	1334	3109
4095	1023	3327	3813	1372	3115
0	1279	3327	922	1294	3079
255	1279	3327	969	1295	3079
511	1279	3327	1047	1298	3080
767	1279	3327	1161	1302	3080
1023	1279	3327	1305	1308	3081
1279	1279	3327	1472	1316	3082
1535	1279	3327	1656	1327	3084
1791	1279	3327	1851	1339	3086
2047	1279	3327	2055	1354	3088
2303	1279	3327	2266	1371	3091
2559	1279	3327	2481	1390	3094
2815	1279	3327	2700	1412	3097
3071	1279	3327	2921	1436	3101
3327	1279	3327	3145	1462	3105
3583	1279	3327	3370	1490	3110
3839	1279	3327	3597	1520	3115
4095	1279	3327	3825	1552	3121
0	1535	3327	1005	1533	3087
255	1535	3327	1048	1534	3087
511	1535	3327	1120	1536	3087
767	1535	3327	1226	1539	3088
1023	1535	3327	1363	1545	3089
1279	1535	3327	1522	1551	3090
1535	1535	3327	1699	1560	3092
1791	1535	3327	1889	1570	3093
2047	1535	3327	2089	1582	3096
2303	1535	3327	2295	1596	3098
2559	1535	3327	2507	1612	3101
2815	1535	3327	2723	1630	3105
3071	1535	3327	2942	1651	3108
3327	1535	3327	3164	1673	3113
3583	1535	3327	3388	1696	3117
3839	1535	3327	3613	1722	3123
4095	1535	3327	3840	1750	3128
0	1791	3327	1098	1774	3096
255	1791	3327	1137	1776	3096
511	1791	3327	1202	1777	3097
767	1791	3327	1301	1780	3097
1023	1791	3327	1429	1784	3098
1279	1791	3327	1580	1790	3099
1535	1791	3327	1750	1797	3101
1791	1791	3327	1934	1806	3103
2047	1791	3327	2128	1816	3105
2303	1791	3327	2330	1828	3108
2559	1791	3327	2539	1842	3111
2815	1791	3327	2752	1857	3114
3071	1791	3327	2968	1874	3118
3327	1791	3327	3188	1893	3122
3583	1791	3327	3409	1914	3127
3839	1791	3327	3633	1936	3132
4095	1791	3327	3858	1960	3137
0	2047	3327	1198	2018	3107
255	2047	3327	1233	2019	3107
511	2047	3327	1293	2021	3108
767	2047	3327	1384	2023	3108
1023	2047	3327	1503	2027	3109
1279	2047	3327	1647	2032	3111
1535	2047	3327	1809	2038	3112
1791	2047	3327	1986	2045	3114
2047	2047	3327	2175	2054	3116
2303	2047	3327	2372	2064	3119
2559	2047	3327	2576	2076	3122
2815	2047	3327	2785	2089	3125
3071	2047	3327	2999	2104	3129
3327	2047	3327	3215	2120	3133
3583	2047	3327	3435	2138	3138
3839	2047	3327	3656	2157	3143
4095	2047	3327	3880	2178	3148
0	2303	3327	1303	2263	3120
255	2303	3327	1335	2264	3121
511	2303	3327	1390	2265	3121
767	2303	3327	1474	2268	3122
1023	2303	3327	1585	2271	3122
1279	2303	3327	1720	2275	3124
1535	2303	3327	1875	2280	3125
1791	2303	3327	2045	2287	3127
2047	2303	3327	2227	2294	3129
2303	2303	3327	2419	2303	3132
2559	2303	3327	2619	2313	3135
2815	2303	3327	2824	2325	3138
3071	2303	3327	3034	2338	3142
3327	2303	3327	3247	2352	3146
3583	2303	3327	3464	2368	3151
3839	2303	3327	3683	2385	3156
4095	2303	3327	3905	2403	3161
0	2559	3327	1414	2509	3135
255	2559	3327	1443	2510	3135
511	2559	3327	1493	2511	3136
767	2559	3327	1570	2513	3136
1023	2559	3327	1674	2516	3137
1279	2559	3327	1801	2519	3139
1535	2559	3327	1948	2524	3140
1791	2559	3327	2110	2530	3142
2047	2559	3327	2286	2536	3144
2303	2559	3327	2472	2544	3147
2559	2559	3327	2667	2553	3150
2815	2559	3327	2867	2563	3153
3071	2559	3327	3074	2575	3157
3327	2559	3327	3284	2587	3161
3583	2559	3327	3498	2601	3165
3839	2559	3327	3714	2616	3170
4095	2559	3327	3933	2633	3176
0	2815	3327	1528	2756	3152
255	2815	3327	1554	2757	3152
511	2815	3327	1600	2758	3153
767	2815	3327	1671	2759	3153
1023	2815	3327	1768	2762	3154
1279	2815	3327	1887	2765	3155
1535	2815	3327	2026	2769	3157
1791	2815	3327	2182	2774	3159
2047	2815	3327	2351	2780	3161
2303	2815	3327	2531	2787	3163
2559	2815	3327	2720	2795	3166
2815	2815	3327	2916	2804	3170
3071	2815	3327	3118	2814	3173
3327	2815	3327	3325	2825	3177
3583	2815	3327	3535	2838	3182
3839	2815	3327	3749	2851	3187
4095	2815	3327	3966	2866	3193
0	3071	3327	1645	3003	3171
255	3071	3327	1669	3004	3171
511	3071	3327	1711	3004	3172
767	3071	3327	1777	3006	3172
1023	3071	3327	1867	3008	3173
1279	3071	3327	1979	3011	3174
1535	3071	3327	2110	3015	3176
1791	3071	3327	2259	3019	3178
2047	3071	3327	2421	3025	3180
2303	3071	3327	2595	3031	3182
2559	3071	3327	2778	3038	3185
2815	3071	3327	2970	3046	3188
3071	3071	3327	3167	3055	3192
3327	3071	3327	3370	3065	3196
3583	3071	3327	3577	3076	3201
3839	3071	3327	3788	3089	3206
4095	3071	3327	4002	3102	3211
0	3327	3327	1764	3251	3192
255	3327	3327	1786	3251	3192
511	3327	3327	1825	3252	3192
767	3327	3327	1886	3253	3193
1023	3327	3327	1970	3255	3194
1279	3327	3327	2075	3258	3195
1535	3327	3327	2199	3261	3197
1791	3327	3327	2340	3265	3198
2047	3327	3327	2496	3270	3200
2303	3327	3327	2664	3276	3203
2559	3327	3327	2842	3282	3206
2815	3327	3327	3028	3289	3209
3071	3327	3327	3221	3298	3213
3327	3327	3327	3419	3307	3217
3583	3327	3327	3623	3317	3221
3839	3327	3327	3830	3328	3226
4095	3327	3327	4041	3340	3232
0	3583	3327	1885	3498	3215
255	3583	3327	1906	3499	3215
511	3583	3327	1942	3499	3215
767	3583	3327	1998	3501	3216
1023	3583	3327	2076	3502	3217
1279	3583	3327	2175	3505	3218
1535	3583	3327	2293	3508	3219
1791	3583	3327	2427	3512	3221
2047	3583	3327	2576	3516	3223
2303	3583	3327	2738	3521	3226
2559	3583	3327	2910	3527	3229
2815	3583	3327	3090	3534	3232
3071	3583	3327	3279	3541	3235
3327	3583	3327	3473	3549	3239
3583	3583	3327	3673	3559	3244
3839	3583	3327	3877	3569	3249
4095	3583	3327	4084	3580	3254
0	3839	3327	2008	3746	3240
255	3839	3327	2027	3747	3240
511	3839	3327	2060	3747	3240
767	3839	3327	2113	3748	3241
1023	3839	3327	2186	3750	3242
1279	3839	3327	2279	3752	3243
1535	3839	3327	2390	3755	3244
1791	3839	3327	2518	3758	3246
2047	3839	3327	2660	3762	3248
2303	3839	3327	2816	3767	3250
2559	3839	3327	2982	3772	3253
2815	3839	3327	3158	3779	3256
3071	3839	3327	3341	3785	3260
3327	3839	3327	3531	3793	3264
3583	3839	3327	3726	3802	3269
3839	3839	3327	3927	3811	3273
4095	3839	3327	4095	3787	3250
0	4095	3327	2133	3994	3267
255	4095	3327	2150	3995	3267
511	4095	3327	2181	3995	3267
767	4095	3327	2230	3996	3268
1023	4095	3327	2298	3998	3269
1279	4095	3327	2386	4000	3270
1535	4095	3327	2491	4002	3271
1791	4095	3327	2612	4006	3273
2047	4095	3327	2749	4009	3275
2303	4095	3327	2898	4014	3277
2559	4095	3327	3059	4019	3280
2815	4095	3327	3229	4024	3283
3071	4095	3327	3407	4030	3287
3327	4095	3327	3593	4038	3291
3583	4095	3327	3784	4045	3295
3839	4095	3327	3981	4054	3300
4095	4095	3327	4095	3979	3237
0	0	3583	769	353	3299
255	0	3583	825	359	3299
511	0	3583	917	369	3299
767	0	3583	1048	384	3300
1023	0	3583	1208	406	3301
1279	0	3583	1389	434	3302
1535	0	3583	1584	467	3303
1791	0	3583	1789	504	3305
2047	0	3583	2001	546	3307
2303	0	3583	2218	591	3310
2559	0	3583	2439	639	3312
2815	0	3583	2662	689	3315
3071	0	3583	2887	741	3319
3327	0	3583	3114	795	3323
3583	0	3583	3342	851	3327
3839	0	3583	3571	907	3332
4095	0	3583	3801	965	3337
0	255	3583	784	478	3300
255	255	3583	839	482	3300
511	255	3583	929	490	3300
767	255	3583	1059	502	3301
1023	255	3583	1217	520	3302
1279	255	3583	1397	542	3303
1535	255	3583	1591	569	3304
1791	255	3583	1795	600	3306
2047	255	3583	2006	635	3308
2303	255	3583	2222	674	3311
2559	255	3583	2442	716	3313
2815	255	3583	2665	761	3316
3071	255	3583	2890	808	3320
3327	255	3583	3117	858	3324
3583	255	3583	3344	909	3328
3839	255	3583	3573	962	3333
4095	255	3583	3803	1016	3338
0	511	3583	810	646	3302
255	511	3583	863	649	3302
511	511	3583	951	655	3302
767	511	3583	1077	664	3303
1023	511	3583	1233	677	3304
1279	511	3583	1410	694	3305
1535	511	3583	1602	715	3306
1791	511	3583	1805	740	3308
2047	511	3583	2015	769	3310
2303	511	3583	2230	801	3312
2559	511	3583	2449	836	3315
2815	511	3583	2671	874	3318
3071	511	3583	2895	915	3322
3327	511	3583	3121	959	3326
3583	511	3583	3349	1004	3330
3839	511	3583	3577	1052	3335
4095	511	3583	3807	1101	3340
0	767	3583	850	850	3305
255	767	3583	901	852	3305
511	767	3583	985	856	3305
767	767	3583	1107	863	3306
1023	767	3583	1259	873	3307
1279	767	3583	1432	886	3308
1535	767	3583	1621	902	3309
1791	767	3583	1821	922	3311
2047	767	3583	2029	944	3313
2303	767	3583	2242	970	3315
2559	767	3583	2460	999	3318
2815	767	3583	2681	1030	3321
3071	767	3583	2904	1065	3325
3327	767	3583	3130	1101	3328
3583	767	3583	3356	1140	3333
3839	767	3583	3584	1182	3337
4095	767	3583	3813	1225	3343
0	1023	3583	905	1072	3309
255	1023	3583	953	1073	3309
511	1023	3583	1032	1077	3309
767	1023	3583	1148	1082	3310
1023	1023	3583	1294	1090	3311
1279	1023	3583	1463	1100	3312
1535	1023	3583	1647	1113	3313
1791	1023	3583	1844	1128	3315
2047	1023	3583	2049	1146	3317
2303	1023	3583	2260	1167	3319
2559	1023	3583	2476	1190	3322
2815	1023	3583	2695	1216	3325
3071	1023	3583	2917	1244	3329
3327	1023	3583	3141	1275	3333
3583	1023	3583	3367	1308	3337
3839	1023	3583	3594	1343	3342
4095	1023	3583	3822	1380	3347
0	1279	3583	973	1303	3314
255	1279	3583	1017	1305	3314
511	1279	3583	1091	1307	3315
767	1279	3583	1200	1312	3315
1023	1279	3583	1340	1318	3316
1279	1279	3583	1502	1326	3317
1535	1279	3583	1682	1336	3319
1791	1279	3583	1874	1348	3320
2047	1279	3583	2075	1363	3322
2303	1279	3583	2283	1380	3325
2559	1279	3583	2497	1399	3328
2815	1279	3583	2714	1421	3331
3071	1279	3583	2934	1444	3334
3327	1279	3583	3156	1470	3338
3583	1279	3583	3381	1498	3342
3839	1279	3583	3607	1528	3347
4095	1279	3583	3834	1560	3352
0	1535	3583	1051	1540	3321
255	1535	3583	1092	1542	3321
511	1535	3583	1161	1544	3322
767	1535	3583	1263	1547	3322
1023	1535	3583	1395	1552	3323
1279	1535	3583	1551	1559	3324
1535	1535	3583	1724	1567	3326
1791	1535	3583	1911	1578	3327
2047	1535	3583	2108	1590	3329
2303	1535	3583	2312	1604	3332
2559	1535	3583	2522	1620	3335
2815	1535	3583	2737	1638	3338
3071	1535	3583	2955	1658	3341
3327	1535	3583	3175	1680	3345
3583	1535	3583	3398	1703	3349
3839	1535	3583	3623	1729	3354
4095	1535	3583	3849	1757	3359
0	1791	3583	1140	1781	3330
255	1791	3583	1177	1782	3330
511	1791	3583	1240	1784	3330
767	1791	3583	1335	1787	3331
1023	1791	3583	1460	1791	3332
1279	1791	3583	1608	1797	3333
1535	1791	3583	1774	1804	3334
1791	1791	3583	1955	1812	3336
2047	1791	3583	2147	1822	3338
2303	1791	3583	2347	1834	3340
2559	1791	3583	2554	1848	3343
2815	1791	3583	2765	1863	3346
3071	1791	3583	2981	1880	3350
3327	1791	3583	3199	1899	3353
3583	1791	3583	3420	1919	3358
3839	1791	3583	3642	1942	3362
4095	1791	3583	3867	1966	3367
0	2047	3583	1236	2024	3340
255	2047	3583	1269	2025	3340
511	2047	3583	1327	2026	3341
767	2047	3583	1416	2029	3341
1023	2047	3583	1532	2032	3342
1279	2047	3583	1673	2037	3343
1535	2047	3583	1832	2043	3344
1791	2047	3583	2007	2050	3346
2047	2047	3583	2193	2059	3348
2303	2047	3583	2388	2069	3350
2559	2047	3583	2591	2081	3353
2815	2047	3583	2799	2094	3356
3071	2047	3583	3011	2109	3360
3327	2047	3583	3226	2125	3364
3583	2047	3583	3445	2143	3368
3839	2047	3583	3666	2162	3372
4095	2047	3583	3888	2183	3378
0	2303	3583	1338	2268	3352
255	2303	3583	1369	2269	3352
511	2303	3583	1422	2270	3352
767	2303	3583	1504	2272	3353
1023	2303	3583	1613	2275	3354
1279	2303	3583	1745	2280	3355
1535	2303	3583	1897	2285	3356
1791	2303	3583	2065	2291	3358
2047	2303	3583	2245	2299	3360
2303	2303	3583	2435	2308	3362
2559	2303	3583	2633	2318	3365
2815	2303	3583	2837	2329	3368
3071	2303	3583	3046	2342	3371
3327	2303	3583	3258	2357	3375
3583	2303	3583	3474	2372	3380
3839	2303	3583	3693	2389	3384
4095	2303	3583	3913	2408	3389
0	2559	3583	1445	2514	3366
255	2559	3583	1473	2514	3366
511	2559	3583	1522	2515	3366
767	2559	3583	1598	2517	3367
1023	2559	3583	1699	2520	3367
1279	2559	3583	1824	2524	3369
1535	2559	3583	1969	2528	3370
1791	2559	3583	2130	2534	3372
2047	2559	3583	2303	2541	3374
2303	2559	3583	2488	2548	3376
2559	2559	3583	2681	2557	3379
2815	2559	3583	2880	2567	3382
3071	2559	3583	3085	2579	3385
3327	2559	3583	3295	2591	3389
3583	2559	3583	3508	2605	3393
3839	2559	3583	3724	2620	3398
4095	2559	3583	3942	2637	3403
0	2815	3583	1556	2760	3381
255	2815	3583	1582	2760	3381
511	2815	3583	1627	2761	3381
767	2815	3583	1697	2763	3382
1023	2815	3583	1792	2765	3383
1279	2815	3583	1909	2769	3384
1535	2815	3583	2046	2773	3385
1791	2815	3583	2200	2778	3387
2047	2815	3583	2368	2784	3389
2303	2815	3583	2546	2791	3391
2559	2815	3583	2734	2799	3394
2815	2815	3583	2929	2808	3397
3071	2815	3583	3130	2818	3400
3327	2815	3583	3335	2829	3404
3583	2815	3583	3545	2841	3408
3839	2815	3583	3758	2855	3413
4095	2815	3583	3974	2870	3418
0	3071	3583	1671	3006	3398
255	3071	3583	1694	3007	3398
511	3071	3583	1736	3008	3399
767	3071	3583	1801	3009	3399
1023	3071	3583	1889	3011	3400
1279	3071	3583	1999	3014	3401
1535	3071	3583	2129	3018	3402
1791	3071	3583	2276	3023	3404
2047	3071	3583	2437	3028	3406
2303	3071	3583	2610	3034	3408
2559	3071	3583	2792	3041	3411
2815	3071	3583	2982	3049	3414
3071	3071	3583	3179	3058	3417
3327	3071	3583	3380	3069	3421
3583	3071	3583	3587	3080	3425
3839	3071	3583	3797	3092	3430
4095	3071	3583	4010	3105	3435
0	3327	3583	1788	3254	3417
255	3327	3583	1810	3254	3417
511	3327	3583	1848	3255	3418
767	3327	3583	1908	3256	3418
1023	3327	3583	1991	3258	3419
1279	3327	3583	2094	3261	3420
1535	3327	3583	2217	3264	3421
1791	3327	3583	2357	3268	3423
2047	3327	3583	2512	3273	3425
2303	3327	3583	2678	3279	3427
2559	3327	3583	2855	3285	3430
2815	3327	3583	3040	3292	3433
3071	3327	3583	3232	3301	3436
3327	3327	3583	3430	3310	3440
3583	3327	3583	3633	3320	3444
3839	3327	3583	3839	3331	3449
4095	3327	3583	4049	3343	3454
0	3583	3583	1908	3501	3438
255	3583	3583	1928	3501	3438
511	3583	3583	1963	3502	3439
767	3583	3583	2019	3503	3439
1023	3583	3583	2096	3505	3440
1279	3583	3583	2193	3508	3441
1535	3583	3583	2310	3511	3442
1791	3583	3583	2443	3514	3444
2047	3583	3583	2591	3519	3446
2303	3583	3583	2751	3524	3448
2559	3583	3583	2922	3530	3451
2815	3583	3583	3102	3536	3454
3071	3583	3583	3290	3544	3457
3327	3583	3583	3483	3552	3461
3583	3583	3583	3682	3561	3465
3839	3583	3583	3885	3571	3469
4095	3583	3583	4093	3582	3474
0	3839	3583	2029	3749	3461
255	3839	3583	2047	3749	3461
511	3839	3583	2080	3750	3461
767	3839	3583	2132	3751	3462
1023	3839	3583	2204	3753	3463
1279	3839	3583	2296	3755	3464
1535	3839	3583	2406	3757	3465
1791	3839	3583	2533	3761	3467
2047	3839	3583	2675	3765	3469
2303	3839	3583	2829	3770	3471
2559	3839	3583	2994	3775	3473
2815	3839	3583	3169	3781	3476
3071	3839	3583	3352	3788	3480
3327	3839	3583	3541	3796	3483
3583	3839	3583	3736	3804	3487
3839	3839	3583	3935	3813	3492
4095	3839	3583	4095	3782	3459
0	4095	3583	2152	3997	3486
255	4095	3583	2169	3997	3486
511	4095	3583	2199	3998	3486
767	4095	3583	2248	3999	3487
1023	4095	3583	2316	4000	3487
1279	4095	3583	2402	4002	3488
1535	4095	3583	2506	4005	3490
1791	4095	3583	2627	4008	3491
2047	4095	3583	2762	4012	3493
2303	4095	3583	2911	4016	3495
2559	4095	3583	3070	4021	3498
2815	4095	3583	3240	4026	3501
3071	4095	3583	3417	4033	3504
3327	4095	3583	3602	4040	3508
3583	4095	3583	3793	4048	3512
3839	4095	3583	3989	4056	3516
4095	4095	3583	4095	3974	3442
0	0	3839	836	392	3536
255	0	3839	888	397	3536
511	0	3839	973	406	3536
767	0	3839	1096	421	3537
1023	0	3839	1249	441	3538
1279	0	3839	1424	467	3539
1535	0	3839	1614	497	3540
1791	0	3839	1815	533	3541
2047	0	3839	2024	572	3543
2303	0	3839	2238	615	3546
2559	0	3839	2456	661	3548
2815	0	3839	2677	710	3551
3071	0	3839	2901	761	3554
3327	0	3839	3127	813	3558
3583	0	3839	3354	868	3562
3839	0	3839	3582	923	3566
4095	0	3839	3811	980	3571
0	255	3839	849	508	3537
255	255	3839	900	512	3537
511	255	3839	984	519	3537
767	255	3839	1106	531	3538
1023	255	3839	1258	547	3539
1279	255	3839	1432	569	3540
1535	255	3839	1621	594	3541
1791	255	3839	1821	624	3542
2047	255	3839	2029	658	3544
2303	255	3839	2242	696	3546
2559	255	3839	2460	737	3549
2815	255	3839	2681	780	3552
3071	255	3839	2904	826	3555
3327	255	3839	3129	875	3559
3583	255	3839	3356	925	3563
3839	255	3839	3584	977	3567
4095	255	3839	3813	1030	3572
0	511	3839	873	668	3538
255	511	3839	923	672	3539
511	511	3839	1005	677	3539
767	511	3839	1124	686	3539
1023	511	3839	1273	699	3540
1279	511	3839	1445	715	3541
1535	511	3839	1632	736	3542
1791	511	3839	1830	760	3544
2047	511	3839	2037	788	3546
2303	511	3839	2250	819	3548
2559	511	3839	2467	853	3551
2815	511	3839	2687	891	3553
3071	511	3839	2910	931	3557
3327	511	3839	3134	974	3560
3583	511	3839	3361	1018	3564
3839	511	3839	3588	1065	3568
4095	511	3839	3817	1113	3573
0	767	3839	910	867	3541
255	767	3839	958	869	3541
511	767	3839	1037	873	3542
767	767	3839	1152	880	3542
1023	767	3839	1298	890	3543
1279	767	3839	1466	902	3544
1535	767	3839	1650	918	3545
1791	767	3839	1846	937	3547
2047	767	3839	2051	959	3548
2303	767	3839	2262	985	3551
2559	767	3839	2477	1013	3553
2815	767	3839	2697	1044	3556
3071	767	3839	2918	1078	3559
3327	767	3839	3142	1114	3563
3583	767	3839	3368	1153	3567
3839	767	3839	3595	1193	3571
4095	767	3839	3823	1236	3576
0	1023	3839	961	1085	3545
255	1023	3839	1006	1086	3545
511	1023	3839	1081	1090	3545
767	1023	3839	1192	1095	3546
1023	1023	3839	1332	1103	3547
1279	1023	3839	1495	1113	3548
1535	1023	3839	1676	1125	3549
1791	1023	3839	1869	1140	3550
2047	1023	3839	2071	1158	3552
2303	1023	3839	2279	1178	3554
2559	1023	3839	2493	1202	3557
2815	1023	3839	2710	1227	3560
3071	1023	3839	2931	1255	3563
3327	1023	3839	3154	1286	3567
3583	1023	3839	3378	1318	3570
3839	1023	3839	3604	1353	3575
4095	1023	3839	3832	1390	3580
0	1279	3839	1025	1314	3550
255	1279	3839	1067	1315	3550
511	1279	3839	1137	1318	3550
767	1279	3839	1242	1322	3551
1023	1279	3839	1376	1328	3552
1279	1279	3839	1534	1336	3553
1535	1279	3839	1710	1346	3554
1791	1279	3839	1898	1358	3555
2047	1279	3839	2097	1373	3557
2303	1279	3839	2302	1390	3559
2559	1279	3839	2514	1409	3562
2815	1279	3839	2729	1430	3565
3071	1279	3839	2948	1453	3568
3327	1279	3839	3169	1479	3572
3583	1279	3839	3392	1507	3575
3839	1279	3839	3617	1537	3580
4095	1279	3839	3843	1568	3584
0	1535	3839	1099	1549	3556
255	1535	3839	1138	1550	3556
511	1535	3839	1204	1552	3557
767	1535	3839	1302	1556	3557
1023	1535	3839	1430	1561	3558
1279	1535	3839	1581	1567	3559
1535	1535	3839	1751	1576	3560
1791	1535	3839	1935	1586	3562
2047	1535	3839	2129	1598	3564
2303	1535	3839	2331	1612	3566
2559	1535	3839	2539	1628	3568
2815	1535	3839	2752	1646	3571
3071	1535	3839	2969	1665	3574
3327	1535	3839	3188	1687	3578
3583	1535	3839	3410	1711	3582
3839	1535	3839	3633	1736	3586
4095	1535	3839	3858	1764	3591
0	1791	3839	1184	1788	3564
255	1791	3839	1219	1789	3564
511	1791	3839	1280	1791	3565
767	1791	3839	1372	1794	3565
1023	1791	3839	1493	1798	3566
1279	1791	3839	1637	1804	3567
1535	1791	3839	1800	1811	3568
1791	1791	3839	1979	1819	3570
2047	1791	3839	2168	1829	3571
2303	1791	3839	2366	1841	3574
2559	1791	3839	2570	1855	3576
2815	1791	3839	2780	1870	3579
3071	1791	3839	2994	1887	3582
3327	1791	3839	3211	1906	3586
3583	1791	3839	3431	1926	3590
3839	1791	3839	3653	1948	3594
4095	1791	3839	3876	1972	3599
0	2047	3839	1276	2030	3573
255	2047	3839	1308	2031	3574
511	2047	3839	1364	2032	3574
767	2047	3839	1450	2035	3574
1023	2047	3839	1563	2038	3575
1279	2047	3839	1701	2043	3576
1535	2047	3839	1857	2049	3577
1791	2047	3839	2029	2056	3579
2047	2047	3839	2213	2065	3581
2303	2047	3839	2406	2075	3583
2559	2047	3839	2607	2087	3585
2815	2047	3839	2813	2100	3588
3071	2047	3839	3024	2115	3591
3327	2047	3839	3239	2131	3595
3583	2047	3839	3456	2149	3599
3839	2047	3839	3676	2168	3603
4095	2047	3839	3898	2189	3608
0	2303	3839	1374	2273	3584
255	2303	3839	1404	2274	3584
511	2303	3839	1456	2275	3585
767	2303	3839	1535	2278	3585
1023	2303	3839	1642	2281	3586
1279	2303	3839	1772	2285	3587
1535	2303	3839	1921	2290	3588
1791	2303	3839	2087	2296	3590
2047	2303	3839	2265	2304	3592
2303	2303	3839	2453	2313	3594
2559	2303	3839	2649	2323	3596
2815	2303	3839	2851	2335	3599
3071	2303	3839	3059	2347	3602
3327	2303	3839	3271	2362	3606
3583	2303	3839	3485	2377	3610
3839	2303	3839	3703	2394	3614
4095	2303	3839	3923	2412	3618
0	2559	3839	1478	2518	3597
255	2559	3839	1506	2519	3597
511	2559	3839	1553	2520	3597
767	2559	3839	1627	2522	3598
1023	2559	3839	1727	2525	3599
1279	2559	3839	1849	2528	3599
1535	2559	3839	1992	2533	3601
1791	2559	3839	2150	2538	3602
2047	2559	3839	2322	2545	3604
2303	2559	3839	2505	2553	3606
2559	2559	3839	2696	2562	3609
2815	2559	3839	2895	2572	3611
3071	2559	3839	3098	2583	3615
3327	2559	3839	3307	2596	3618
3583	2559	3839	3519	2610	3622
3839	2559	3839	3734	2625	3626
4095	2559	3839	3951	2641	3631
0	2815	3839	1587	2764	3611
255	2815	3839	1612	2764	3611
511	2815	3839	1656	2765	3611
767	2815	3839	1724	2767	3612
1023	2815	3839	1817	2769	3613
1279	2815	3839	1933	2773	3614
1535	2815	3839	2068	2777	3615
1791	2815	3839	2220	2782	3616
2047	2815	3839	2386	2788	3618
2303	2815	3839	2563	2795	3620
2559	2815	3839	2749	2803	3623
2815	2815	3839	2943	2812	3625
3071	2815	3839	3142	2822	3629
3327	2815	3839	3347	2833	3632
3583	2815	3839	3556	2845	3636
3839	2815	3839	3768	2859	3640
4095	2815	3839	3983	2873	3645
0	3071	3839	1699	3010	3627
255	3071	3839	1722	3011	3627
511	3071	3839	1763	3011	3627
767	3071	3839	1826	3013	3628
1023	3071	3839	1913	3015	3628
1279	3071	3839	2022	3018	3629
1535	3071	3839	2150	3022	3631
1791	3071	3839	2295	3026	3632
2047	3071	3839	2455	3031	3634
2303	3071	3839	2626	3038	3636
2559	3071	3839	2807	3045	3638
2815	3071	3839	2995	3053	3641
3071	3071	3839	3191	3062	3644
3327	3071	3839	3392	3072	3648
3583	3071	3839	3598	3083	3652
3839	3071	3839	3807	3095	3656
4095	3071	3839	4019	3109	3660
0	3327	3839	1814	3257	3644
255	3327	3839	1835	3257	3644
511	3327	3839	1873	3258	3645
767	3327	3839	1932	3259	3645
1023	3327	3839	2013	3261	3646
1279	3327	3839	2116	3264	3647
1535	3327	3839	2237	3267	3648
1791	3327	3839	2376	3271	3650
2047	3327	3839	2529	3276	3651
2303	3327	3839	2694	3282	3653
2559	3327	3839	2869	3288	3656
2815	3327	3839	3053	3296	3659
3071	3327	3839	3244	3304	3662
3327	3327	3839	3441	3313	3665
3583	3327	3839	3643	3323	3669
3839	3327	3839	3849	3334	3673
4095	3327	3839	4059	3346	3678
0	3583	3839	1931	3504	3663
255	3583	3839	1951	3504	3664
511	3583	3839	1986	3505	3664
767	3583	3839	2041	3506	3664
1023	3583	3839	2117	3508	3665
1279	3583	3839	2214	3511	3666
1535	3583	3839	2329	3514	3667
1791	3583	3839	2461	3517	3669
2047	3583	3839	2607	3522	3671
2303	3583	3839	2766	3527	3673
2559	3583	3839	2936	3533	3675
2815	3583	3839	3115	3539	3678
3071	3583	3839	3302	3547	3681
3327	3583	3839	3494	3555	3684
3583	3583	3839	3692	3564	3688
3839	3583	3839	3895	3574	3692
4095	3583	3839	4095	3580	3691
0	3839	3839	2051	3751	3684
255	3839	3839	2069	3752	3685
511	3839	3839	2102	3753	3685
767	3839	3839	2153	3754	3685
1023	3839	3839	2224	3755	3686
1279	3839	3839	2315	3757	3687
1535	3839	3839	2424	3760	3688
1791	3839	3839	2550	3764	3690
2047	3839	3839	2690	3768	3692
2303	3839	3839	2844	3772	3694
2559	3839	3839	3008	3778	3696
2815	3839	3839	3181	3784	3699
3071	3839	3839	3363	3791	3702
3327	3839	3839	3552	3798	3705
3583	3839	3839	3746	3807	3709
3839	3839	3839	3945	3816	3713
4095	3839	3839	4095	3777	3670
0	4095	3839	2172	3999	3707
255	4095	3839	2189	4000	3707
511	4095	3839	2219	4000	3708
767	4095	3839	2267	4001	3708
1023	4095	3839	2334	4003	3709
1279	4095	3839	2420	4005	3710
1535	4095	3839	2523	4007	3711
1791	4095	3839	2643	4010	3712
2047	4095	3839	2777	4014	3714
2303	4095	3839	2925	4018	3716
2559	4095	3839	3084	4023	3719
2815	4095	3839	3252	4029	3721
3071	4095	3839	3429	4035	3724
3327	4095	3839	3613	4042	3728
3583	4095	3839	3803	4050	3731
3839	4095	3839	3998	4059	3735
4095	4095	3839	4095	3968	3648
0	0	4095	902	431	3773
255	0	4095	950	435	3773
511	0	4095	1030	444	3773
767	0	4095	1146	457	3774
1023	0	4095	1292	476	3774
1279	0	4095	1461	500	3775
1535	0	4095	1646	529	3776
1791	0	4095	1843	562	3778
2047	0	4095	2048	600	3780
2303	0	4095	2259	641	3782
2559	0	4095	2475	685	3784
2815	0	4095	2694	732	3787
3071	0	4095	2916	782	3790
3327	0	4095	3140	833	3793
3583	0	4095	3366	886	3796
3839	0	4095	3593	940	3800
4095	0	4095	3821	995	3805
0	255	4095	915	539	3774
255	255	4095	962	543	3774
511	255	4095	1041	550	3774
767	255	4095	1156	561	3775
1023	255	4095	1301	576	3775
1279	255	4095	1468	596	3776
1535	255	4095	1652	621	3777
1791	255	4095	1848	650	3779
2047	255	4095	2053	682	3780
2303	255	4095	2263	718	3782
2559	255	4095	2479	758	3785
2815	255	4095	2698	800	3787
3071	255	4095	2919	845	3790
3327	255	4095	3143	892	3794
3583	255	4095	3369	942	3797
3839	255	4095	3596	992	3801
4095	255	4095	3824	1045	3806
0	511	4095	937	692	3775
255	511	4095	983	695	3775
511	511	4095	1060	701	3776
767	511	4095	1173	709	3776
1023	511	4095	1315	721	3777
1279	511	4095	1481	737	3778
1535	511	4095	1663	757	3779
1791	511	4095	1858	781	3780
2047	511	4095	2061	808	3782
2303	511	4095	2271	838	3784
2559	511	4095	2485	872	3786
2815	511	4095	2704	908	3789
3071	511	4095	2925	948	3792
3327	511	4095	3148	989	3795
3583	511	4095	3373	1033	3799
3839	511	4095	3600	1079	3803
4095	511	4095	3827	1127	3807
0	767	4095	972	885	3778
255	767	4095	1016	887	3778
511	767	4095	1090	891	3778
767	767	4095	1200	898	3778
1023	767	4095	1339	907	3779
1279	767	4095	1502	920	3780
1535	767	4095	1681	935	3781
1791	767	4095	1873	954	3783
2047	767	4095	2075	976	3784
2303	767	4095	2283	1000	3786
2559	767	4095	2496	1028	3789
2815	767	4095	2713	1059	3791
3071	767	4095	2934	1092	3794
3327	767	4095	3156	1128	3798
3583	767	4095	3380	1166	3801
3839	767	4095	3606	1206	3805
4095	767	4095	3833	1248	3809
0	1023	4095	1019	1099	3781
255	1023	4095	1061	1100	3781
511	1023	4095	1132	1104	3781
767	1023	4095	1237	1109	3782
1023	1023	4095	1372	1116	3783
1279	1023	4095	1530	1126	3784
1535	1023	4095	1706	1139	3785
1791	1023	4095	1895	1153	3786
2047	1023	4095	2094	1171	3788
2303	1023	4095	2300	1191	3790
2559	1023	4095	2512	1214	3792
2815	1023	4095	2727	1239	3795
3071	1023	4095	2946	1267	3798
3327	1023	4095	3167	1297	3801
3583	1023	4095	3391	1330	3805
3839	1023	4095	3616	1364	3809
4095	1023	4095	3842	1401	3813
0	1279	4095	1079	1325	3786
255	1279	4095	1118	1326	3786
511	1279	4095	1185	1329	3786
767	1279	4095	1285	1333	3787
1023	1279	4095	1415	1339	3787
1279	1279	4095	1568	1347	3788
1535	1279	4095	1739	1357	3789
1791	1279	4095	1924	1369	3791
2047	1279	4095	2120	1384	3792
2303	1279	4095	2323	1400	3794
2559	1279	4095	2532	1419	3797
2815	1279	4095	2745	1440	3799
3071	1279	4095	2963	1463	3802
3327	1279	4095	3182	1489	3806
3583	1279	4095	3405	1516	3809
3839	1279	4095	3629	1546	3813
4095	1279	4095	3854	1577	3817
0	1535	4095	1149	1558	3792
255	1535	4095	1186	1559	3792
511	1535	4095	1249	1561	3792
767	1535	4095	1343	1565	3792
1023	1535	4095	1467	1570	3793
1279	1535	4095	1614	1576	3794
1535	1535	4095	1780	1585	3795
1791	1535	4095	1960	1595	3797
2047	1535	4095	2152	1607	3798
2303	1535	4095	2351	1621	3800
2559	1535	4095	2557	1636	3803
2815	1535	4095	2769	1654	3805
3071	1535	4095	2983	1674	3808
3327	1535	4095	3202	1695	3811
3583	1535	4095	3422	1719	3815
3839	1535	4095	3645	1744	3819
4095	1535	4095	3869	1772	3823
0	1791	4095	1229	1796	3799
255	1791	4095	1263	1797	3799
511	1791	4095	1322	1799	3799
767	1791	4095	1411	1802	3800
1023	1791	4095	1528	1806	3800
1279	1791	4095	1668	1811	3801
1535	1791	4095	1828	1818	3802
1791	1791	4095	2003	1827	3804
2047	1791	4095	2190	1837	3806
2303	1791	4095	2386	1849	3807
2559	1791	4095	2588	1862	3810
2815	1791	4095	2796	1877	3812
3071	1791	4095	3009	1894	3815
3327	1791	4095	3225	1913	3819
3583	1791	4095	3443	1933	3822
3839	1791	4095	3664	1955	3826
4095	1791	4095	3887	1979	3830
0	2047	4095	1318	2036	3807
255	2047	4095	1349	2037	3807
511	2047	4095	1403	2039	3808
767	2047	4095	1486	2041	3808
1023	2047	4095	1597	2045	3809
1279	2047	4095	1731	2050	3810
1535	2047	4095	1884	2056	3811
1791	2047	4095	2053	2063	3812
2047	2047	4095	2235	2072	3814
2303	2047	4095	2426	2082	3816
2559	2047	4095	2625	2093	3818
2815	2047	4095	2829	2106	3821
3071	2047	4095	3039	2121	3824
3327	2047	4095	3252	2137	3827
3583	2047	4095	3468	2155	3831
3839	2047	4095	3687	2174	3835
4095	2047	4095	3908	2195	3839
0	2303	4095	1413	2279	3817
255	2303	4095	1442	2280	3817
511	2303	4095	1492	2281	3818
767	2303	4095	1569	2283	3818
1023	2303	4095	1673	2286	3819
1279	2303	4095	1800	2291	3820
1535	2303	4095	1947	2296	3821
1791	2303	4095	2110	2302	3822
2047	2303	4095	2286	2310	3824
2303	2303	4095	2472	2319	3826
2559	2303	4095	2666	2329	3828
2815	2303	4095	2867	2340	3831
3071	2303	4095	3073	2353	3834
3327	2303	4095	3284	2367	3837
3583	2303	4095	3497	2383	3841
3839	2303	4095	3714	2399	3844
4095	2303	4095	3933	2418	3849
0	2559	4095	1514	2523	3829
255	2559	4095	1540	2524	3829
511	2559	4095	1587	2525	3829
767	2559	4095	1659	2527	3830
1023	2559	4095	1756	2530	3830
1279	2559	4095	1876	2533	3831
1535	2559	4095	2016	2538	3832
1791	2559	4095	2173	2543	3834
2047	2559	4095	2343	2550	3835
2303	2559	4095	2524	2558	3837
2559	2559	4095	2713	2567	3840
2815	2559	4095	2910	2577	3842
3071	2559	4095	3112	2588	3845
3327	2559	4095	3320	2601	3848
3583	2559	4095	3531	2614	3852
3839	2559	4095	3745	2629	3856
4095	2559	4095	3962	2646	3860
0	2815	4095	1619	2768	3842
255	2815	4095	1644	2769	3842
511	2815	4095	1687	2770	3842
767	2815	4095	1754	2771	3843
1023	2815	4095	1845	2774	3843
1279	2815	4095	1959	2777	3844
1535	2815	4095	2092	2781	3845
1791	2815	4095	2242	2786	3847
2047	2815	4095	2405	2792	3848
2303	2815	4095	2581	2799	3850
2559	2815	4095	2765	2807	3853
2815	2815	4095	2958	2816	3855
3071	2815	4095	3156	2826	3858
3327	2815	4095	3360	2837	3861
3583	2815	4095	3568	2850	3865
3839	2815	4095	3779	2863	3869
4095	2815	4095	3994	2878	3873
0	3071	4095	1729	3014	3856
255	3071	4095	1752	3015	3856
511	3071	4095	1791	3015	3857
767	3071	4095	1854	3017	3857
1023	3071	4095	1939	3019	3858
1279	3071	4095	2046	3022	3859
1535	3071	4095	2173	3026	3860
1791	3071	4095	2316	3030	3861
2047	3071	4095	2474	3035	3863
2303	3071	4095	2643	3042	3865
2559	3071	4095	2823	3049	3867
2815	3071	4095	3010	3057	3870
3071	3071	4095	3205	3066	3873
3327	3071	4095	3404	3076	3876
3583	3071	4095	3609	3087	3879
3839	3071	4095	3818	3099	3883
4095	3071	4095	4029	3112	3887
0	3327	4095	1842	3260	3872
255	3327	4095	1863	3261	3873
511	3327	4095	1899	3262	3873
767	3327	4095	1958	3263	3873
1023	3327	4095	2038	3265	3874
1279	3327	4095	2139	3268	3875
1535	3327	4095	2259	3271	3876
1791	3327	4095	2395	3275	3877
2047	3327	4095	2547	3280	3879
2303	3327	4095	2711	3285	3881
2559	3327	4095	2885	3292	3883
2815	3327	4095	3067	3299	3886
3071	3327	4095	3257	3307	3889
3327	3327	4095	3453	3316	3892
3583	3327	4095	3654	3327	3895
3839	3327	4095	3860	3338	3899
4095	3327	4095	4068	3350	3903
0	3583	4095	1957	3507	3890
255	3583	4095	1976	3508	3890
511	3583	4095	2011	3508	3891
767	3583	4095	2065	3510	3891
1023	3583	4095	2140	3511	3892
1279	3583	4095	2235	3514	3893
1535	3583	4095	2349	3517	3894
1791	3583	4095	2480	3520	3895
2047	3583	4095	2625	3525	3897
2303	3583	4095	2783	3530	3899
2559	3583	4095	2951	3536	3901
2815	3583	4095	3129	3542	3904
3071	3583	4095	3314	3550	3906
3327	3583	4095	3506	3558	3909
3583	3583	4095	3704	3567	3913
3839	3583	4095	3905	3578	3917
4095	3583	4095	4095	3574	3905
0	3839	4095	2075	3754	3910
255	3839	4095	2093	3755	3910
511	3839	4095	2125	3756	3910
767	3839	4095	2175	3757	3911
1023	3839	4095	2246	3758	3911
1279	3839	4095	2336	3760	3912
1535	3839	4095	2443	3763	3913
1791	3839	4095	2568	3767	3915
2047	3839	4095	2707	3771	3916
2303	3839	4095	2859	3775	3918
2559	3839	4095	3022	3781	3920
2815	3839	4095	3195	3787	3923
3071	3839	4095	3376	3794	3926
3327	3839	4095	3563	3801	3929
3583	3839	4095	3757	3810	3932
3839	3839	4095	3955	3819	3936
4095	3839	4095	4095	3771	3881
0	4095	4095	2194	4002	3931
255	4095	4095	2211	4002	3931
511	4095	4095	2241	4003	3931
767	4095	4095	2288	4004	3932
1023	4095	4095	2355	4006	3932
1279	4095	4095	2439	4007	3933
1535	4095	4095	2542	4010	3934
1791	4095	4095	2660	4013	3936
2047	4095	4095	2794	4017	3937
2303	4095	4095	2940	4021	3939
2559	4095	4095	3098	4026	3941
2815	4095	4095	3265	4032	3944
3071	4095	4095	3441	4038	3947
3327	4095	4095	3624	4045	3950
3583	4095	4095	3814	4053	3953
3839	4095	4095	4008	4061	3957
4095	4095	4095	4095	3962	3855
