0	0	0	0	0	0
255	0	0	253	2	0
511	0	0	507	5	0
767	0	0	762	9	0
1023	0	0	1017	16	0
1279	0	0	1272	25	0
1535	0	0	1527	37	0
1791	0	0	1782	52	0
2047	0	0	2037	69	0
2303	0	0	2292	89	0
2559	0	0	2547	112	0
2815	0	0	2803	139	0
3071	0	0	3057	168	0
3327	0	0	3313	200	0
3583	0	0	3568	230	0
3839	0	0	3824	262	0
4095	0	0	4078	292	0
0	255	0	8	249	4
255	255	0	259	250	4
511	255	0	511	252	4
767	255	0	765	256	4
1023	255	0	1019	261	4
1279	255	0	1273	267	4
1535	255	0	1528	275	4
1791	255	0	1782	285	4
2047	255	0	2037	296	3
2303	255	0	2292	309	3
2559	255	0	2546	324	3
2815	255	0	2801	339	2
3071	255	0	3056	356	2
3327	255	0	3310	374	2
3583	255	0	3565	393	1
3839	255	0	3820	413	1
4095	255	0	4075	434	0
0	511	0	24	501	12
255	511	0	270	502	12
511	511	0	517	503	12
767	511	0	769	505	12
1023	511	0	1022	508	11
1279	511	0	1275	512	11
1535	511	0	1529	516	11
1791	511	0	1784	522	11
2047	511	0	2038	529	11
2303	511	0	2293	536	11
2559	511	0	2547	545	10
2815	511	0	2802	555	10
3071	511	0	3057	566	9
3327	511	0	3311	578	9
3583	511	0	3566	591	9
3839	511	0	3821	604	8
4095	511	0	4075	619	7
0	767	0	48	754	24
255	767	0	287	754	24
511	767	0	527	755	24
767	767	0	775	756	24
1023	767	0	1026	758	24
1279	767	0	1279	761	24
1535	767	0	1532	764	23
1791	767	0	1786	768	23
2047	767	0	2040	772	23
2303	767	0	2294	777	23
2559	767	0	2549	783	22
2815	767	0	2803	790	22
3071	767	0	3058	798	22
3327	767	0	3312	806	21
3583	767	0	3567	815	21
3839	767	0	3821	825	20
4095	767	0	4076	836	20
0	1023	0	84	1006	41
255	1023	0	310	1007	41
511	1023	0	541	1007	41
767	1023	0	785	1008	41
1023	1023	0	1033	1010	41
1279	1023	0	1284	1011	41
1535	1023	0	1537	1014	41
1791	1023	0	1790	1016	41
2047	1023	0	2043	1020	41
2303	1023	0	2297	1024	40
2559	1023	0	2551	1028	40
2815	1023	0	2805	1033	40
3071	1023	0	3060	1039	39
3327	1023	0	3314	1045	39
3583	1023	0	3568	1052	38
3839	1023	0	3823	1059	38
4095	1023	0	4077	1067	37
0	1279	0	132	1259	65
255	1279	0	339	1259	65
511	1279	0	559	1260	65
767	1279	0	797	1260	65
1023	1279	0	1042	1262	65
1279	1279	0	1291	1263	64
1535	1279	0	1542	1265	64
1791	1279	0	1794	1267	64
2047	1279	0	2047	1269	64
2303	1279	0	2300	1272	64
2559	1279	0	2554	1276	63
2815	1279	0	2808	1280	63
3071	1279	0	3062	1284	63
3327	1279	0	3316	1289	62
3583	1279	0	3570	1294	62
3839	1279	0	3825	1300	61
4095	1279	0	4079	1306	61
0	1535	0	190	1512	94
255	1535	0	373	1512	94
511	1535	0	581	1512	94
767	1535	0	812	1513	94
1023	1535	0	1054	1514	94
1279	1535	0	1300	1515	94
1535	1535	0	1550	1516	94
1791	1535	0	1800	1518	94
2047	1535	0	2052	1520	94
2303	1535	0	2305	1522	93
2559	1535	0	2558	1525	93
2815	1535	0	2811	1528	93
3071	1535	0	3065	1532	92
3327	1535	0	3319	1536	92
3583	1535	0	3573	1540	91
3839	1535	0	3827	1545	91
4095	1535	0	4081	1550	90
0	1791	0	251	1764	131
255	1791	0	411	1764	131
511	1791	0	606	1765	131
767	1791	0	830	1765	131
1023	1791	0	1067	1766	131
1279	1791	0	1311	1767	131
1535	1791	0	1558	1768	130
1791	1791	0	1808	1769	130
2047	1791	0	2058	1771	130
2303	1791	0	2310	1773	130
2559	1791	0	2563	1775	129
2815	1791	0	2815	1778	129
3071	1791	0	3069	1781	129
3327	1791	0	3322	1784	128
3583	1791	0	3576	1788	128
3839	1791	0	3830	1792	127
4095	1791	0	4084	1796	127
0	2047	0	311	2017	174
255	2047	0	453	2017	174
511	2047	0	636	2017	174
767	2047	0	852	2018	174
1023	2047	0	1084	2018	174
1279	2047	0	1324	2019	174
1535	2047	0	1569	2020	174
1791	2047	0	1816	2021	173
2047	2047	0	2066	2023	173
2303	2047	0	2316	2024	173
2559	2047	0	2568	2026	173
2815	2047	0	2820	2029	172
3071	2047	0	3073	2031	172
3327	2047	0	3326	2034	172
3583	2047	0	3579	2037	171
3839	2047	0	3833	2040	171
4095	2047	0	4087	2044	170
0	2303	0	372	2269	219
255	2303	0	498	2270	219
511	2303	0	669	2270	219
767	2303	0	876	2270	219
1023	2303	0	1102	2271	219
1279	2303	0	1338	2271	219
1535	2303	0	1581	2272	219
1791	2303	0	1826	2273	219
2047	2303	0	2074	2274	218
2303	2303	0	2324	2276	218
2559	2303	0	2575	2278	218
2815	2303	0	2826	2280	218
3071	2303	0	3078	2282	217
3327	2303	0	3331	2284	217
3583	2303	0	3584	2287	217
3839	2303	0	3837	2290	216
4095	2303	0	4090	2293	216
0	2559	0	432	2522	264
255	2559	0	545	2522	264
511	2559	0	704	2522	264
767	2559	0	903	2523	264
1023	2559	0	1123	2523	264
1279	2559	0	1355	2524	264
1535	2559	0	1594	2524	264
1791	2559	0	1838	2525	264
2047	2559	0	2084	2526	263
2303	2559	0	2332	2528	263
2559	2559	0	2582	2529	263
2815	2559	0	2833	2531	263
3071	2559	0	3084	2533	263
3327	2559	0	3336	2535	262
3583	2559	0	3588	2537	262
3839	2559	0	3841	2540	261
4095	2559	0	4094	2542	261
0	2815	0	492	2775	309
255	2815	0	595	2775	309
511	2815	0	743	2775	309
767	2815	0	933	2775	309
1023	2815	0	1146	2776	309
1279	2815	0	1374	2776	309
1535	2815	0	1610	2777	309
1791	2815	0	1851	2778	309
2047	2815	0	2095	2779	309
2303	2815	0	2342	2780	308
2559	2815	0	2590	2781	308
2815	2815	0	2840	2782	308
3071	2815	0	3091	2784	308
3327	2815	0	3342	2786	307
3583	2815	0	3594	2788	307
3839	2815	0	3846	2790	307
4095	2815	0	4095	2790	306
0	3071	0	553	3027	354
255	3071	0	646	3027	354
511	3071	0	784	3028	354
767	3071	0	965	3028	354
1023	3071	0	1172	3028	354
1279	3071	0	1394	3029	354
1535	3071	0	1627	3029	354
1791	3071	0	1865	3030	354
2047	3071	0	2107	3031	354
2303	3071	0	2353	3032	353
2559	3071	0	2600	3033	353
2815	3071	0	2848	3034	353
3071	3071	0	3098	3036	353
3327	3071	0	3349	3037	353
3583	3071	0	3600	3039	352
3839	3071	0	3852	3041	352
4095	3071	0	4095	3037	351
0	3327	0	613	3280	399
255	3327	0	698	3280	399
511	3327	0	827	3280	399
767	3327	0	999	3280	399
1023	3327	0	1199	3281	399
1279	3327	0	1417	3281	399
1535	3327	0	1645	3282	399
1791	3327	0	1881	3282	399
2047	3327	0	2121	3283	399
2303	3327	0	2364	3284	398
2559	3327	0	2610	3285	398
2815	3327	0	2858	3286	398
3071	3327	0	3107	3287	398
3327	3327	0	3356	3289	398
3583	3327	0	3607	3291	398
3839	3327	0	3858	3292	397
4095	3327	0	4095	3283	396
0	3583	0	674	3533	444
255	3583	0	751	3533	444
511	3583	0	872	3533	444
767	3583	0	1036	3533	444
1023	3583	0	1229	3533	444
1279	3583	0	1442	3534	444
1535	3583	0	1666	3534	444
1791	3583	0	1898	3535	444
2047	3583	0	2136	3535	444
2303	3583	0	2378	3536	444
2559	3583	0	2622	3537	443
2815	3583	0	2868	3538	443
3071	3583	0	3116	3539	443
3327	3583	0	3365	3541	443
3583	3583	0	3614	3542	443
3839	3583	0	3865	3544	442
4095	3583	0	4095	3528	440
0	3839	0	734	3785	489
255	3839	0	805	3785	489
511	3839	0	918	3785	489
767	3839	0	1074	3785	489
1023	3839	0	1261	3786	489
1279	3839	0	1468	3786	489
1535	3839	0	1688	3787	489
1791	3839	0	1917	3787	489
2047	3839	0	2152	3788	489
2303	3839	0	2392	3788	489
2559	3839	0	2634	3789	488
2815	3839	0	2879	3790	488
3071	3839	0	3126	3791	488
3327	3839	0	3374	3793	488
3583	3839	0	3623	3794	488
3839	3839	0	3873	3796	488
4095	3839	0	4095	3771	484
0	4095	0	795	4038	534
255	4095	0	860	4038	534
511	4095	0	966	4038	534
767	4095	0	1115	4038	534
1023	4095	0	1295	4038	534
1279	4095	0	1496	4039	534
1535	4095	0	1712	4039	534
1791	4095	0	1938	4040	534
2047	4095	0	2170	4040	534
2303	4095	0	2407	4041	534
2559	4095	0	2648	4042	533
2815	4095	0	2891	4042	533
3071	4095	0	3137	4044	533
3327	4095	0	3384	4045	533
3583	4095	0	3632	4046	533
3839	4095	0	3881	4047	533
4095	4095	0	4095	4014	528
0	0	255	12	3	237
255	0	255	261	5	237
511	0	255	512	8	237
767	0	255	765	13	237
1023	0	255	1019	19	237
1279	0	255	1274	29	237
1535	0	255	1528	40	237
1791	0	255	1783	54	236
2047	0	255	2037	71	236
2303	0	255	2292	91	236
2559	0	255	2547	114	236
2815	0	255	2801	140	235
3071	0	255	3056	170	235
3327	0	255	3311	200	235
3583	0	255	3565	230	234
3839	0	255	3820	260	234
4095	0	255	4075	290	234
0	255	255	20	251	240
255	255	255	268	252	240
511	255	255	516	254	240
767	255	255	768	258	240
1023	255	255	1021	263	240
1279	255	255	1275	269	240
1535	255	255	1529	278	240
1791	255	255	1783	287	240
2047	255	255	2038	299	239
2303	255	255	2292	311	239
2559	255	255	2547	326	239
2815	255	255	2802	341	239
3071	255	255	3056	358	238
3327	255	255	3311	376	238
3583	255	255	3566	395	238
3839	255	255	3820	415	237
4095	255	255	4075	436	237
0	511	255	36	503	246
255	511	255	278	503	246
511	511	255	522	504	246
767	511	255	772	506	246
1023	511	255	1024	509	246
1279	511	255	1277	513	246
1535	511	255	1531	518	245
1791	511	255	1785	523	245
2047	511	255	2039	530	245
2303	511	255	2294	538	245
2559	511	255	2548	546	245
2815	511	255	2803	556	244
3071	511	255	3057	567	244
3327	511	255	3312	579	244
3583	511	255	3566	592	243
3839	511	255	3821	606	243
4095	511	255	4076	620	243
0	767	255	60	755	255
255	767	255	295	755	255
511	767	255	532	756	255
767	767	255	778	757	255
1023	767	255	1029	759	255
1279	767	255	1281	762	255
1535	767	255	1534	765	255
1791	767	255	1787	768	254
2047	767	255	2041	773	254
2303	767	255	2295	778	254
2559	767	255	2550	784	254
2815	767	255	2804	791	254
3071	767	255	3058	799	253
3327	767	255	3313	807	253
3583	767	255	3567	816	253
3839	767	255	3822	826	252
4095	767	255	4077	836	252
0	1023	255	96	1007	268
255	1023	255	318	1007	268
511	1023	255	545	1008	268
767	1023	255	788	1009	268
1023	1023	255	1036	1010	267
1279	1023	255	1286	1012	267
1535	1023	255	1538	1014	267
1791	1023	255	1791	1017	267
2047	1023	255	2044	1020	267
2303	1023	255	2298	1024	267
2559	1023	255	2552	1029	267
2815	1023	255	2806	1034	266
3071	1023	255	3060	1039	266
3327	1023	255	3314	1045	266
3583	1023	255	3569	1052	265
3839	1023	255	3823	1060	265
4095	1023	255	4078	1068	265
0	1279	255	143	1260	284
255	1279	255	346	1260	284
511	1279	255	563	1260	284
767	1279	255	800	1261	284
1023	1279	255	1045	1262	284
1279	1279	255	1293	1263	284
1535	1279	255	1544	1265	284
1791	1279	255	1796	1267	283
2047	1279	255	2048	1270	283
2303	1279	255	2301	1273	283
2559	1279	255	2555	1276	283
2815	1279	255	2809	1280	283
3071	1279	255	3062	1285	282
3327	1279	255	3317	1289	282
3583	1279	255	3571	1295	282
3839	1279	255	3825	1301	281
4095	1279	255	4079	1307	281
0	1535	255	201	1512	304
255	1535	255	379	1512	304
511	1535	255	585	1513	303
767	1535	255	815	1513	303
1023	1535	255	1056	1514	303
1279	1535	255	1302	1515	303
1535	1535	255	1551	1517	303
1791	1535	255	1802	1518	303
2047	1535	255	2053	1520	303
2303	1535	255	2306	1523	303
2559	1535	255	2559	1526	303
2815	1535	255	2812	1529	302
3071	1535	255	3065	1532	302
3327	1535	255	3319	1536	302
3583	1535	255	3573	1540	302
3839	1535	255	3827	1545	301
4095	1535	255	4081	1550	301
0	1791	255	259	1765	326
255	1791	255	417	1765	326
511	1791	255	610	1765	326
767	1791	255	833	1766	326
1023	1791	255	1070	1766	326
1279	1791	255	1313	1767	326
1535	1791	255	1560	1768	326
1791	1791	255	1809	1770	326
2047	1791	255	2059	1771	326
2303	1791	255	2311	1773	326
2559	1791	255	2563	1776	325
2815	1791	255	2816	1778	325
3071	1791	255	3069	1781	325
3327	1791	255	3323	1785	325
3583	1791	255	3576	1788	324
3839	1791	255	3830	1792	324
4095	1791	255	4084	1796	324
0	2047	255	319	2017	352
255	2047	255	459	2017	352
511	2047	255	640	2018	352
767	2047	255	854	2018	352
1023	2047	255	1086	2019	352
1279	2047	255	1325	2019	352
1535	2047	255	1570	2020	352
1791	2047	255	1817	2022	351
2047	2047	255	2067	2023	351
2303	2047	255	2317	2025	351
2559	2047	255	2569	2027	351
2815	2047	255	2821	2029	351
3071	2047	255	3074	2031	351
3327	2047	255	3327	2034	350
3583	2047	255	3580	2037	350
3839	2047	255	3833	2040	350
4095	2047	255	4087	2044	349
0	2303	255	378	2270	380
255	2303	255	503	2270	380
511	2303	255	672	2270	380
767	2303	255	879	2270	380
1023	2303	255	1104	2271	380
1279	2303	255	1340	2272	380
1535	2303	255	1582	2272	380
1791	2303	255	1827	2273	380
2047	2303	255	2075	2275	379
2303	2303	255	2325	2276	379
2559	2303	255	2575	2278	379
2815	2303	255	2827	2280	379
3071	2303	255	3079	2282	379
3327	2303	255	3331	2284	379
3583	2303	255	3584	2287	378
3839	2303	255	3837	2290	378
4095	2303	255	4090	2293	378
0	2559	255	438	2522	410
255	2559	255	550	2522	410
511	2559	255	708	2523	410
767	2559	255	906	2523	410
1023	2559	255	1125	2523	410
1279	2559	255	1357	2524	410
1535	2559	255	1596	2525	410
1791	2559	255	1839	2526	410
2047	2559	255	2085	2527	410
2303	2559	255	2333	2528	410
2559	2559	255	2583	2529	409
2815	2559	255	2833	2531	409
3071	2559	255	3085	2533	409
3327	2559	255	3336	2535	409
3583	2559	255	3589	2537	409
3839	2559	255	3842	2540	408
4095	2559	255	4095	2543	408
0	2815	255	497	2775	442
255	2815	255	599	2775	442
511	2815	255	746	2775	442
767	2815	255	935	2775	442
1023	2815	255	1148	2776	442
1279	2815	255	1375	2776	442
1535	2815	255	1611	2777	442
1791	2815	255	1852	2778	442
2047	2815	255	2096	2779	442
2303	2815	255	2343	2780	442
2559	2815	255	2591	2781	442
2815	2815	255	2841	2783	441
3071	2815	255	3091	2784	441
3327	2815	255	3343	2786	441
3583	2815	255	3594	2788	441
3839	2815	255	3847	2790	441
4095	2815	255	4095	2790	440
0	3071	255	557	3027	476
255	3071	255	649	3028	476
511	3071	255	787	3028	476
767	3071	255	967	3028	476
1023	3071	255	1174	3028	476
1279	3071	255	1396	3029	476
1535	3071	255	1628	3029	476
1791	3071	255	1866	3030	476
2047	3071	255	2108	3031	476
2303	3071	255	2353	3032	475
2559	3071	255	2601	3033	475
2815	3071	255	2849	3034	475
3071	3071	255	3099	3036	475
3327	3071	255	3349	3038	475
3583	3071	255	3600	3039	475
3839	3071	255	3852	3041	474
4095	3071	255	4095	3037	473
0	3327	255	617	3280	511
255	3327	255	701	3280	511
511	3327	255	830	3280	511
767	3327	255	1001	3280	511
1023	3327	255	1201	3281	511
1279	3327	255	1419	3281	511
1535	3327	255	1647	3282	511
1791	3327	255	1882	3282	511
2047	3327	255	2122	3283	511
2303	3327	255	2365	3284	511
2559	3327	255	2611	3285	510
2815	3327	255	2858	3286	510
3071	3327	255	3107	3288	510
3327	3327	255	3357	3289	510
3583	3327	255	3607	3291	510
3839	3327	255	3858	3293	510
4095	3327	255	4095	3282	507
0	3583	255	677	3533	547
255	3583	255	754	3533	547
511	3583	255	874	3533	547
767	3583	255	1038	3533	547
1023	3583	255	1231	3533	547
1279	3583	255	1443	3534	547
1535	3583	255	1667	3534	547
1791	3583	255	1899	3535	547
2047	3583	255	2137	3535	547
2303	3583	255	2378	3536	547
2559	3583	255	2622	3537	547
2815	3583	255	2869	3538	547
3071	3583	255	3116	3540	547
3327	3583	255	3365	3541	546
3583	3583	255	3615	3542	546
3839	3583	255	3865	3544	546
4095	3583	255	4095	3527	543
0	3839	255	737	3785	585
255	3839	255	808	3785	585
511	3839	255	921	3785	585
767	3839	255	1076	3786	585
1023	3839	255	1263	3786	585
1279	3839	255	1469	3786	584
1535	3839	255	1689	3787	584
1791	3839	255	1918	3787	584
2047	3839	255	2153	3788	584
2303	3839	255	2393	3789	584
2559	3839	255	2635	3789	584
2815	3839	255	2880	3790	584
3071	3839	255	3126	3792	584
3327	3839	255	3374	3793	584
3583	3839	255	3623	3794	584
3839	3839	255	3873	3796	583
4095	3839	255	4095	3771	579
0	4095	255	798	4038	623
255	4095	255	863	4038	623
511	4095	255	969	4038	623
767	4095	255	1117	4038	623
1023	4095	255	1296	4038	623
1279	4095	255	1498	4039	623
1535	4095	255	1713	4039	623
1791	4095	255	1939	4040	623
2047	4095	255	2171	4040	622
2303	4095	255	2408	4041	622
2559	4095	255	2649	4042	622
2815	4095	255	2892	4043	622
3071	4095	255	3137	4044	622
3327	4095	255	3384	4045	622
3583	4095	255	3632	4046	622
3839	4095	255	3881	4047	622
4095	4095	255	4095	4014	616
0	0	511	33	9	483
255	0	511	276	11	483
511	0	511	521	14	483
767	0	511	771	18	483
1023	0	511	1023	25	483
1279	0	511	1277	34	483
1535	0	511	1531	46	483
1791	0	511	1785	60	483
2047	0	511	2039	77	483
2303	0	511	2293	97	483
2559	0	511	2548	120	483
2815	0	511	2802	146	482
3071	0	511	3057	175	482
3327	0	511	3312	205	482
3583	0	511	3566	234	482
3839	0	511	3821	264	482
4095	0	511	4076	294	481
0	255	511	42	255	485
255	255	511	282	257	485
511	255	511	524	259	485
767	255	511	773	262	485
1023	255	511	1025	267	485
1279	255	511	1278	274	485
1535	255	511	1532	282	485
1791	255	511	1786	291	485
2047	255	511	2040	302	485
2303	255	511	2294	315	485
2559	255	511	2548	329	484
2815	255	511	2803	344	484
3071	255	511	3057	361	484
3327	255	511	3312	379	484
3583	255	511	3567	398	484
3839	255	511	3821	418	483
4095	255	511	4076	439	483
0	511	511	57	505	488
255	511	511	292	506	488
511	511	511	530	507	488
767	511	511	777	509	488
1023	511	511	1028	512	488
1279	511	511	1280	515	488
1535	511	511	1533	520	488
1791	511	511	1787	526	488
2047	511	511	2041	532	488
2303	511	511	2295	540	488
2559	511	511	2549	549	488
2815	511	511	2804	558	487
3071	511	511	3058	569	487
3327	511	511	3313	581	487
3583	511	511	3567	594	487
3839	511	511	3822	607	487
4095	511	511	4076	622	486
0	767	511	82	756	493
255	767	511	309	757	493
511	767	511	540	758	493
767	767	511	784	759	493
1023	767	511	1033	761	493
1279	767	511	1284	763	493
1535	767	511	1536	766	493
1791	767	511	1790	770	493
2047	767	511	2043	775	493
2303	767	511	2297	780	493
2559	767	511	2551	786	493
2815	767	511	2805	792	493
3071	767	511	3059	800	492
3327	767	511	3314	808	492
3583	767	511	3568	817	492
3839	767	511	3823	827	492
4095	767	511	4077	838	492
0	1023	511	117	1008	501
255	1023	511	331	1009	501
511	1023	511	553	1009	501
767	1023	511	793	1010	501
1023	1023	511	1040	1011	501
1279	1023	511	1289	1013	500
1535	1023	511	1541	1015	500
1791	1023	511	1793	1018	500
2047	1023	511	2046	1022	500
2303	1023	511	2299	1025	500
2559	1023	511	2553	1030	500
2815	1023	511	2807	1035	500
3071	1023	511	3061	1040	500
3327	1023	511	3315	1047	500
3583	1023	511	3570	1053	499
3839	1023	511	3824	1061	499
4095	1023	511	4078	1069	499
0	1279	511	165	1260	510
255	1279	511	358	1261	510
511	1279	511	571	1261	510
767	1279	511	805	1262	510
1023	1279	511	1049	1263	510
1279	1279	511	1296	1264	510
1535	1279	511	1546	1266	510
1791	1279	511	1798	1268	510
2047	1279	511	2050	1271	510
2303	1279	511	2303	1274	510
2559	1279	511	2556	1277	510
2815	1279	511	2810	1281	509
3071	1279	511	3064	1285	509
3327	1279	511	3318	1290	509
3583	1279	511	3572	1296	509
3839	1279	511	3826	1301	509
4095	1279	511	4080	1308	509
0	1535	511	219	1513	522
255	1535	511	391	1513	522
511	1535	511	592	1513	522
767	1535	511	820	1514	522
1023	1535	511	1060	1515	522
1279	1535	511	1305	1516	522
1535	1535	511	1553	1517	522
1791	1535	511	1804	1519	522
2047	1535	511	2055	1521	522
2303	1535	511	2307	1523	522
2559	1535	511	2560	1526	522
2815	1535	511	2813	1529	521
3071	1535	511	3067	1533	521
3327	1535	511	3320	1537	521
3583	1535	511	3574	1541	521
3839	1535	511	3828	1546	521
4095	1535	511	4082	1551	520
0	1791	511	275	1765	536
255	1791	511	428	1765	536
511	1791	511	618	1766	536
767	1791	511	838	1766	536
1023	1791	511	1073	1767	536
1279	1791	511	1316	1768	536
1535	1791	511	1562	1769	536
1791	1791	511	1811	1770	536
2047	1791	511	2061	1772	536
2303	1791	511	2313	1774	536
2559	1791	511	2565	1776	536
2815	1791	511	2817	1779	536
3071	1791	511	3070	1782	536
3327	1791	511	3324	1785	535
3583	1791	511	3577	1789	535
3839	1791	511	3831	1793	535
4095	1791	511	4085	1797	535
0	2047	511	331	2018	553
255	2047	511	468	2018	553
511	2047	511	646	2018	553
767	2047	511	859	2018	553
1023	2047	511	1089	2019	553
1279	2047	511	1328	2020	553
1535	2047	511	1572	2021	553
1791	2047	511	1819	2022	553
2047	2047	511	2068	2023	553
2303	2047	511	2319	2025	553
2559	2047	511	2570	2027	552
2815	2047	511	2822	2029	552
3071	2047	511	3075	2032	552
3327	2047	511	3327	2035	552
3583	2047	511	3581	2038	552
3839	2047	511	3834	2041	552
4095	2047	511	4088	2045	551
0	2303	511	389	2270	572
255	2303	511	512	2270	572
511	2303	511	679	2270	572
767	2303	511	883	2271	572
1023	2303	511	1108	2271	572
1279	2303	511	1343	2272	572
1535	2303	511	1584	2273	572
1791	2303	511	1829	2274	571
2047	2303	511	2077	2275	571
2303	2303	511	2326	2277	571
2559	2303	511	2577	2278	571
2815	2303	511	2828	2280	571
3071	2303	511	3080	2282	571
3327	2303	511	3332	2285	571
3583	2303	511	3585	2287	571
3839	2303	511	3838	2290	570
4095	2303	511	4091	2293	570
0	2559	511	447	2523	593
255	2559	511	558	2523	593
511	2559	511	714	2523	593
767	2559	511	910	2523	593
1023	2559	511	1129	2524	593
1279	2559	511	1360	2524	592
1535	2559	511	1598	2525	592
1791	2559	511	1841	2526	592
2047	2559	511	2087	2527	592
2303	2559	511	2335	2528	592
2559	2559	511	2584	2530	592
2815	2559	511	2834	2531	592
3071	2559	511	3086	2533	592
3327	2559	511	3337	2535	592
3583	2559	511	3590	2538	592
3839	2559	511	3842	2540	591
4095	2559	511	4095	2543	591
0	2815	511	506	2775	616
255	2815	511	606	2775	616
511	2815	511	752	2775	615
767	2815	511	940	2776	615
1023	2815	511	1152	2776	615
1279	2815	511	1378	2777	615
1535	2815	511	1613	2777	615
1791	2815	511	1854	2778	615
2047	2815	511	2098	2779	615
2303	2815	511	2344	2780	615
2559	2815	511	2592	2781	615
2815	2815	511	2842	2783	615
3071	2815	511	3092	2785	615
3327	2815	511	3343	2786	615
3583	2815	511	3595	2789	614
3839	2815	511	3847	2791	614
4095	2815	511	4095	2790	613
0	3071	511	565	3028	640
255	3071	511	656	3028	640
511	3071	511	792	3028	640
767	3071	511	971	3028	640
1023	3071	511	1177	3029	640
1279	3071	511	1399	3029	640
1535	3071	511	1630	3030	640
1791	3071	511	1868	3030	640
2047	3071	511	2110	3031	640
2303	3071	511	2355	3032	640
2559	3071	511	2602	3033	640
2815	3071	511	2850	3035	640
3071	3071	511	3100	3036	640
3327	3071	511	3350	3038	639
3583	3071	511	3601	3040	639
3839	3071	511	3853	3042	639
4095	3071	511	4095	3036	637
0	3327	511	624	3280	667
255	3327	511	708	3280	667
511	3327	511	835	3281	667
767	3327	511	1006	3281	667
1023	3327	511	1205	3281	667
1279	3327	511	1421	3281	667
1535	3327	511	1649	3282	667
1791	3327	511	1884	3283	667
2047	3327	511	2124	3283	666
2303	3327	511	2367	3284	666
2559	3327	511	2612	3285	666
2815	3327	511	2860	3287	666
3071	3327	511	3108	3288	666
3327	3327	511	3358	3289	666
3583	3327	511	3608	3291	666
3839	3327	511	3859	3293	666
4095	3327	511	4095	3282	663
0	3583	511	684	3533	695
255	3583	511	760	3533	695
511	3583	511	879	3533	695
767	3583	511	1042	3533	695
1023	3583	511	1234	3534	695
1279	3583	511	1446	3534	695
1535	3583	511	1670	3534	695
1791	3583	511	1901	3535	695
2047	3583	511	2139	3536	695
2303	3583	511	2380	3537	694
2559	3583	511	2624	3537	694
2815	3583	511	2870	3539	694
3071	3583	511	3117	3540	694
3327	3583	511	3366	3541	694
3583	3583	511	3616	3543	694
3839	3583	511	3866	3544	694
4095	3583	511	4095	3527	690
0	3839	511	743	3785	724
255	3839	511	814	3786	724
511	3839	511	925	3786	724
767	3839	511	1080	3786	724
1023	3839	511	1266	3786	724
1279	3839	511	1472	3786	724
1535	3839	511	1692	3787	724
1791	3839	511	1920	3787	724
2047	3839	511	2155	3788	724
2303	3839	511	2394	3789	724
2559	3839	511	2636	3790	724
2815	3839	511	2881	3791	724
3071	3839	511	3127	3792	724
3327	3839	511	3375	3793	724
3583	3839	511	3624	3794	723
3839	3839	511	3874	3796	723
4095	3839	511	4095	3771	718
0	4095	511	803	4038	755
255	4095	511	868	4038	755
511	4095	511	973	4038	755
767	4095	511	1120	4038	755
1023	4095	511	1300	4039	755
1279	4095	511	1500	4039	755
1535	4095	511	1715	4039	755
1791	4095	511	1941	4040	755
2047	4095	511	2173	4040	755
2303	4095	511	2409	4041	755
2559	4095	511	2650	4042	755
2815	4095	511	2893	4043	755
3071	4095	511	3138	4044	755
3327	4095	511	3385	4045	754
3583	4095	511	3633	4046	754
3839	4095	511	3882	4048	754
4095	4095	511	4095	4013	747
0	0	767	68	18	730
255	0	767	300	20	730
511	0	767	534	23	730
767	0	767	780	28	730
1023	0	767	1030	35	730
1279	0	767	1282	44	729
1535	0	767	1535	55	729
1791	0	767	1788	70	729
2047	0	767	2042	87	729
2303	0	767	2296	107	729
2559	0	767	2550	129	729
2815	0	767	2804	156	729
3071	0	767	3059	184	729
3327	0	767	3313	213	729
3583	0	767	3568	242	729
3839	0	767	3822	271	729
4095	0	767	4077	300	728
0	255	767	76	262	731
255	255	767	305	263	731
511	255	767	538	265	731
767	255	767	782	269	731
1023	255	767	1032	274	731
1279	255	767	1283	280	731
1535	255	767	1536	288	731
1791	255	767	1789	297	731
2047	255	767	2043	308	730
2303	255	767	2296	321	730
2559	255	767	2551	335	730
2815	255	767	2805	350	730
3071	255	767	3059	366	730
3327	255	767	3314	384	730
3583	255	767	3568	403	730
3839	255	767	3823	422	730
4095	255	767	4077	443	730
0	511	767	91	509	733
255	511	767	315	509	733
511	511	767	544	511	733
767	511	767	786	513	733
1023	511	767	1035	515	733
1279	511	767	1285	519	733
1535	511	767	1538	524	733
1791	511	767	1790	529	733
2047	511	767	2044	536	733
2303	511	767	2298	543	733
2559	511	767	2552	552	732
2815	511	767	2806	562	732
3071	511	767	3060	573	732
3327	511	767	3314	584	732
3583	511	767	3569	597	732
3839	511	767	3823	611	732
4095	511	767	4078	625	732
0	767	767	116	759	736
255	767	767	330	759	736
511	767	767	553	760	736
767	767	767	793	761	736
1023	767	767	1039	763	736
1279	767	767	1289	766	736
1535	767	767	1541	769	736
1791	767	767	1793	773	736
2047	767	767	2046	777	736
2303	767	767	2299	782	736
2559	767	767	2553	788	736
2815	767	767	2807	795	736
3071	767	767	3061	802	736
3327	767	767	3315	811	736
3583	767	767	3570	820	735
3839	767	767	3824	830	735
4095	767	767	4078	840	735
0	1023	767	152	1010	741
255	1023	767	351	1010	741
511	1023	767	566	1011	741
767	1023	767	802	1012	741
1023	1023	767	1046	1013	741
1279	1023	767	1294	1015	741
1535	1023	767	1545	1017	741
1791	1023	767	1796	1020	741
2047	1023	767	2049	1023	741
2303	1023	767	2302	1027	741
2559	1023	767	2555	1032	741
2815	1023	767	2809	1037	741
3071	1023	767	3063	1042	741
3327	1023	767	3317	1048	740
3583	1023	767	3571	1055	740
3839	1023	767	3825	1063	740
4095	1023	767	4080	1071	740
0	1279	767	197	1262	748
255	1279	767	377	1262	748
511	1279	767	583	1263	748
767	1279	767	814	1263	748
1023	1279	767	1055	1264	748
1279	1279	767	1301	1266	747
1535	1279	767	1550	1267	747
1791	1279	767	1801	1270	747
2047	1279	767	2053	1272	747
2303	1279	767	2305	1275	747
2559	1279	767	2558	1279	747
2815	1279	767	2812	1282	747
3071	1279	767	3065	1287	747
3327	1279	767	3319	1292	747
3583	1279	767	3573	1297	747
3839	1279	767	3827	1303	747
4095	1279	767	4081	1309	746
0	1535	767	246	1514	756
255	1535	767	408	1514	756
511	1535	767	604	1514	756
767	1535	767	829	1515	756
1023	1535	767	1066	1516	756
1279	1535	767	1310	1517	756
1535	1535	767	1557	1518	756
1791	1535	767	1807	1520	755
2047	1535	767	2058	1522	755
2303	1535	767	2310	1525	755
2559	1535	767	2562	1527	755
2815	1535	767	2815	1530	755
3071	1535	767	3068	1534	755
3327	1535	767	3322	1538	755
3583	1535	767	3575	1542	755
3839	1535	767	3829	1547	755
4095	1535	767	4083	1552	755
0	1791	767	298	1766	765
255	1791	767	444	1766	765
511	1791	767	629	1767	765
767	1791	767	847	1767	765
1023	1791	767	1080	1768	765
1279	1791	767	1321	1769	765
1535	1791	767	1566	1770	765
1791	1791	767	1814	1771	765
2047	1791	767	2064	1773	765
2303	1791	767	2315	1775	765
2559	1791	767	2567	1777	765
2815	1791	767	2819	1780	765
3071	1791	767	3072	1783	765
3327	1791	767	3325	1786	765
3583	1791	767	3578	1790	765
3839	1791	767	3832	1794	765
4095	1791	767	4086	1798	764
0	2047	767	352	2018	777
255	2047	767	483	2019	777
511	2047	767	657	2019	777
767	2047	767	868	2019	777
1023	2047	767	1096	2020	777
1279	2047	767	1333	2021	777
1535	2047	767	1576	2022	777
1791	2047	767	1823	2023	777
2047	2047	767	2071	2024	777
2303	2047	767	2321	2026	777
2559	2047	767	2572	2028	777
2815	2047	767	2824	2030	777
3071	2047	767	3076	2033	776
3327	2047	767	3329	2035	776
3583	2047	767	3582	2038	776
3839	2047	767	3835	2042	776
4095	2047	767	4089	2045	776
0	2303	767	407	2271	790
255	2303	767	526	2271	790
511	2303	767	689	2271	790
767	2303	767	891	2272	790
1023	2303	767	1114	2272	790
1279	2303	767	1348	2273	790
1535	2303	767	1588	2274	790
1791	2303	767	1833	2275	790
2047	2303	767	2080	2276	790
2303	2303	767	2329	2277	790
2559	2303	767	2579	2279	790
2815	2303	767	2830	2281	790
3071	2303	767	3081	2283	790
3327	2303	767	3334	2285	790
3583	2303	767	3586	2288	789
3839	2303	767	3839	2291	789
4095	2303	767	4092	2294	789
0	2559	767	463	2523	805
255	2559	767	571	2523	805
511	2559	767	724	2524	805
767	2559	767	918	2524	805
1023	2559	767	1135	2524	805
1279	2559	767	1364	2525	805
1535	2559	767	1602	2526	805
1791	2559	767	1844	2527	805
2047	2559	767	2090	2528	805
2303	2559	767	2337	2529	805
2559	2559	767	2586	2530	805
2815	2559	767	2836	2532	805
3071	2559	767	3087	2534	805
3327	2559	767	3339	2536	805
3583	2559	767	3591	2538	805
3839	2559	767	3844	2541	804
4095	2559	767	4095	2543	804
0	2815	767	520	2776	822
255	2815	767	618	2776	822
511	2815	767	761	2776	822
767	2815	767	947	2776	822
1023	2815	767	1158	2777	822
1279	2815	767	1383	2777	822
1535	2815	767	1617	2778	822
1791	2815	767	1857	2779	822
2047	2815	767	2101	2780	822
2303	2815	767	2347	2781	822
2559	2815	767	2595	2782	822
2815	2815	767	2844	2784	822
3071	2815	767	3094	2785	821
3327	2815	767	3345	2787	821
3583	2815	767	3597	2789	821
3839	2815	767	3849	2791	821
4095	2815	767	4095	2790	820
0	3071	767	578	3028	840
255	3071	767	667	3028	840
511	3071	767	801	3028	840
767	3071	767	979	3029	840
1023	3071	767	1183	3029	840
1279	3071	767	1403	3030	840
1535	3071	767	1634	3030	840
1791	3071	767	1871	3031	840
2047	3071	767	2113	3032	840
2303	3071	767	2357	3033	840
2559	3071	767	2604	3034	840
2815	3071	767	2852	3035	840
3071	3071	767	3102	3037	840
3327	3071	767	3352	3038	840
3583	3071	767	3603	3040	840
3839	3071	767	3854	3042	839
4095	3071	767	4095	3036	837
0	3327	767	636	3281	860
255	3327	767	718	3281	860
511	3327	767	843	3281	860
767	3327	767	1013	3281	860
1023	3327	767	1210	3281	860
1279	3327	767	1426	3282	860
1535	3327	767	1653	3282	860
1791	3327	767	1887	3283	860
2047	3327	767	2126	3284	860
2303	3327	767	2369	3285	860
2559	3327	767	2614	3286	860
2815	3327	767	2861	3287	860
3071	3327	767	3110	3288	860
3327	3327	767	3359	3290	860
3583	3327	767	3610	3291	860
3839	3327	767	3861	3293	859
4095	3327	767	4095	3282	856
0	3583	767	694	3533	882
255	3583	767	769	3533	882
511	3583	767	887	3533	882
767	3583	767	1049	3534	882
1023	3583	767	1240	3534	882
1279	3583	767	1450	3534	882
1535	3583	767	1673	3535	882
1791	3583	767	1905	3535	882
2047	3583	767	2141	3536	882
2303	3583	767	2382	3537	882
2559	3583	767	2626	3538	881
2815	3583	767	2872	3539	881
3071	3583	767	3119	3540	881
3327	3583	767	3368	3542	881
3583	3583	767	3617	3543	881
3839	3583	767	3867	3545	881
4095	3583	767	4095	3526	876
0	3839	767	753	3786	905
255	3839	767	822	3786	905
511	3839	767	933	3786	905
767	3839	767	1087	3786	905
1023	3839	767	1271	3786	905
1279	3839	767	1476	3787	905
1535	3839	767	1695	3787	905
1791	3839	767	1923	3788	905
2047	3839	767	2158	3788	905
2303	3839	767	2396	3789	905
2559	3839	767	2638	3790	904
2815	3839	767	2883	3791	904
3071	3839	767	3129	3792	904
3327	3839	767	3377	3793	904
3583	3839	767	3625	3795	904
3839	3839	767	3875	3796	904
4095	3839	767	4095	3770	897
0	4095	767	812	4038	929
255	4095	767	876	4038	929
511	4095	767	980	4039	929
767	4095	767	1127	4039	929
1023	4095	767	1305	4039	929
1279	4095	767	1504	4039	929
1535	4095	767	1719	4040	929
1791	4095	767	1944	4040	929
2047	4095	767	2175	4041	929
2303	4095	767	2412	4041	929
2559	4095	767	2652	4042	929
2815	4095	767	2895	4043	929
3071	4095	767	3140	4044	929
3327	4095	767	3387	4045	929
3583	4095	767	3634	4047	928
3839	4095	767	3883	4048	928
4095	4095	767	4095	4012	920
0	0	1023	118	32	976
255	0	1023	331	34	976
511	0	1023	553	37	976
767	0	1023	793	41	976
1023	0	1023	1040	48	976
1279	0	1023	1289	57	976
1535	0	1023	1541	69	976
1791	0	1023	1793	83	976
2047	0	1023	2046	100	976
2303	0	1023	2299	120	976
2559	0	1023	2553	143	976
2815	0	1023	2807	169	976
3071	0	1023	3061	196	975
3327	0	1023	3315	224	975
3583	0	1023	3570	252	975
3839	0	1023	3824	280	975
4095	0	1023	4078	309	975
0	255	1023	126	272	977
255	255	1023	336	273	977
511	255	1023	557	275	977
767	255	1023	795	278	977
1023	255	1023	1041	283	977
1279	255	1023	1291	289	977
1535	255	1023	1542	297	977
1791	255	1023	1794	306	977
2047	255	1023	2047	317	977
2303	255	1023	2300	329	977
2559	255	1023	2554	343	976
2815	255	1023	2808	358	976
3071	255	1023	3062	374	976
3327	255	1023	3316	391	976
3583	255	1023	3570	410	976
3839	255	1023	3824	429	976
4095	255	1023	4079	449	976
0	511	1023	141	514	978
255	511	1023	345	515	978
511	511	1023	562	516	978
767	511	1023	799	518	978
1023	511	1023	1044	521	978
1279	511	1023	1293	524	978
1535	511	1023	1544	529	978
1791	511	1023	1795	535	978
2047	511	1023	2048	541	978
2303	511	1023	2301	549	978
2559	511	1023	2555	557	978
2815	511	1023	2808	567	978
3071	511	1023	3062	577	978
3327	511	1023	3316	589	978
3583	511	1023	3571	602	978
3839	511	1023	3825	615	978
4095	511	1023	4079	630	977
0	767	1023	166	762	981
255	767	1023	359	763	981
511	767	1023	571	764	981
767	767	1023	806	765	981
1023	767	1023	1049	767	981
1279	767	1023	1296	769	981
1535	767	1023	1546	772	981
1791	767	1023	1798	776	981
2047	767	1023	2050	781	981
2303	767	1023	2303	786	981
2559	767	1023	2556	792	980
2815	767	1023	2810	798	980
3071	767	1023	3064	806	980
3327	767	1023	3318	814	980
3583	767	1023	3572	823	980
3839	767	1023	3826	833	980
4095	767	1023	4080	843	980
0	1023	1023	199	1013	984
255	1023	1023	378	1013	984
511	1023	1023	584	1014	984
767	1023	1023	814	1015	984
1023	1023	1023	1055	1016	984
1279	1023	1023	1302	1018	984
1535	1023	1023	1551	1020	984
1791	1023	1023	1801	1023	984
2047	1023	1023	2053	1026	984
2303	1023	1023	2306	1030	984
2559	1023	1023	2558	1034	984
2815	1023	1023	2812	1039	984
3071	1023	1023	3065	1045	984
3327	1023	1023	3319	1051	984
3583	1023	1023	3573	1058	984
3839	1023	1023	3827	1065	984
4095	1023	1023	4081	1073	983
0	1279	1023	238	1264	989
255	1279	1023	403	1264	989
511	1279	1023	601	1265	989
767	1279	1023	826	1265	989
1023	1279	1023	1064	1266	989
1279	1279	1023	1309	1268	989
1535	1279	1023	1556	1269	989
1791	1279	1023	1806	1272	989
2047	1279	1023	2057	1274	989
2303	1279	1023	2309	1277	989
2559	1279	1023	2561	1281	989
2815	1279	1023	2814	1284	989
3071	1279	1023	3068	1289	989
3327	1279	1023	3321	1294	989
3583	1279	1023	3575	1299	988
3839	1279	1023	3829	1305	988
4095	1279	1023	4083	1311	988
0	1535	1023	282	1516	995
255	1535	1023	433	1516	995
511	1535	1023	621	1516	995
767	1535	1023	841	1517	995
1023	1535	1023	1075	1518	995
1279	1535	1023	1317	1519	995
1535	1535	1023	1563	1520	995
1791	1535	1023	1812	1522	995
2047	1535	1023	2062	1524	995
2303	1535	1023	2313	1526	995
2559	1535	1023	2565	1529	995
2815	1535	1023	2818	1532	995
3071	1535	1023	3071	1536	995
3327	1535	1023	3324	1540	994
3583	1535	1023	3578	1544	994
3839	1535	1023	3831	1549	994
4095	1535	1023	4085	1554	994
0	1791	1023	329	1767	1002
255	1791	1023	466	1768	1002
511	1791	1023	645	1768	1002
767	1791	1023	859	1768	1002
1023	1791	1023	1089	1769	1002
1279	1791	1023	1328	1770	1002
1535	1791	1023	1572	1771	1002
1791	1791	1023	1819	1773	1002
2047	1791	1023	2068	1774	1002
2303	1791	1023	2319	1776	1002
2559	1791	1023	2570	1779	1002
2815	1791	1023	2822	1781	1002
3071	1791	1023	3074	1784	1002
3327	1791	1023	3327	1787	1002
3583	1791	1023	3581	1791	1002
3839	1791	1023	3834	1795	1002
4095	1791	1023	4088	1799	1001
0	2047	1023	379	2020	1011
255	2047	1023	504	2020	1011
511	2047	1023	673	2020	1011
767	2047	1023	879	2020	1011
1023	2047	1023	1105	2021	1011
1279	2047	1023	1340	2022	1011
1535	2047	1023	1582	2023	1011
1791	2047	1023	1828	2024	1011
2047	2047	1023	2075	2025	1011
2303	2047	1023	2325	2027	1011
2559	2047	1023	2575	2029	1011
2815	2047	1023	2827	2031	1010
3071	2047	1023	3079	2034	1010
3327	2047	1023	3331	2036	1010
3583	2047	1023	3584	2040	1010
3839	2047	1023	3837	2043	1010
4095	2047	1023	4091	2046	1010
0	2303	1023	431	2272	1021
255	2303	1023	545	2272	1021
511	2303	1023	704	2272	1021
767	2303	1023	903	2273	1021
1023	2303	1023	1123	2273	1021
1279	2303	1023	1355	2274	1021
1535	2303	1023	1594	2275	1021
1791	2303	1023	1838	2276	1021
2047	2303	1023	2084	2277	1021
2303	2303	1023	2332	2278	1021
2559	2303	1023	2582	2280	1020
2815	2303	1023	2833	2282	1020
3071	2303	1023	3084	2284	1020
3327	2303	1023	3336	2286	1020
3583	2303	1023	3588	2289	1020
3839	2303	1023	3841	2292	1020
4095	2303	1023	4094	2295	1020
0	2559	1023	485	2524	1032
255	2559	1023	588	2524	1032
511	2559	1023	738	2524	1032
767	2559	1023	929	2525	1032
1023	2559	1023	1143	2525	1032
1279	2559	1023	1371	2526	1032
1535	2559	1023	1608	2527	1032
1791	2559	1023	1849	2527	1032
2047	2559	1023	2094	2529	1032
2303	2559	1023	2341	2530	1032
2559	2559	1023	2589	2531	1032
2815	2559	1023	2839	2533	1032
3071	2559	1023	3090	2535	1032
3327	2559	1023	3341	2537	1032
3583	2559	1023	3593	2539	1031
3839	2559	1023	3845	2542	1031
4095	2559	1023	4095	2543	1030
0	2815	1023	540	2777	1045
255	2815	1023	634	2777	1045
511	2815	1023	775	2777	1045
767	2815	1023	957	2777	1045
1023	2815	1023	1166	2777	1045
1279	2815	1023	1390	2778	1045
1535	2815	1023	1623	2779	1045
1791	2815	1023	1862	2779	1045
2047	2815	1023	2105	2780	1045
2303	2815	1023	2350	2782	1045
2559	2815	1023	2598	2783	1044
2815	2815	1023	2847	2784	1044
3071	2815	1023	3096	2786	1044
3327	2815	1023	3347	2788	1044
3583	2815	1023	3599	2790	1044
3839	2815	1023	3850	2792	1044
4095	2815	1023	4095	2789	1042
0	3071	1023	595	3029	1059
255	3071	1023	682	3029	1059
511	3071	1023	814	3029	1059
767	3071	1023	989	3029	1059
1023	3071	1023	1191	3030	1059
1279	3071	1023	1410	3030	1059
1535	3071	1023	1640	3031	1059
1791	3071	1023	1876	3032	1059
2047	3071	1023	2117	3032	1059
2303	3071	1023	2361	3033	1059
2559	3071	1023	2607	3035	1059
2815	3071	1023	2855	3036	1058
3071	3071	1023	3104	3037	1058
3327	3071	1023	3354	3039	1058
3583	3071	1023	3605	3041	1058
3839	3071	1023	3856	3043	1058
4095	3071	1023	4095	3035	1055
0	3327	1023	652	3281	1074
255	3327	1023	732	3281	1074
511	3327	1023	855	3282	1074
767	3327	1023	1022	3282	1074
1023	3327	1023	1218	3282	1074
1279	3327	1023	1432	3283	1074
1535	3327	1023	1658	3283	1074
1791	3327	1023	1892	3284	1074
2047	3327	1023	2130	3284	1074
2303	3327	1023	2373	3285	1074
2559	3327	1023	2617	3286	1074
2815	3327	1023	2864	3288	1074
3071	3327	1023	3112	3289	1074
3327	3327	1023	3361	3290	1074
3583	3327	1023	3612	3292	1074
3839	3327	1023	3862	3294	1074
4095	3327	1023	4095	3281	1069
0	3583	1023	709	3534	1091
255	3583	1023	783	3534	1091
511	3583	1023	898	3534	1091
767	3583	1023	1058	3534	1091
1023	3583	1023	1247	3535	1091
1279	3583	1023	1457	3535	1091
1535	3583	1023	1679	3535	1091
1791	3583	1023	1909	3536	1091
2047	3583	1023	2145	3537	1091
2303	3583	1023	2386	3537	1091
2559	3583	1023	2629	3538	1091
2815	3583	1023	2874	3540	1091
3071	3583	1023	3121	3541	1091
3327	3583	1023	3370	3542	1091
3583	3583	1023	3619	3544	1091
3839	3583	1023	3869	3545	1090
4095	3583	1023	4095	3525	1084
0	3839	1023	766	3786	1109
255	3839	1023	835	3786	1109
511	3839	1023	943	3787	1109
767	3839	1023	1096	3787	1109
1023	3839	1023	1279	3787	1109
1279	3839	1023	1483	3787	1109
1535	3839	1023	1701	3788	1109
1791	3839	1023	1928	3788	1109
2047	3839	1023	2162	3789	1109
2303	3839	1023	2400	3790	1109
2559	3839	1023	2641	3791	1109
2815	3839	1023	2885	3792	1109
3071	3839	1023	3131	3793	1109
3327	3839	1023	3379	3794	1109
3583	3839	1023	3627	3795	1109
3839	3839	1023	3877	3797	1109
4095	3839	1023	4095	3769	1100
0	4095	1023	824	4039	1129
255	4095	1023	888	4039	1129
511	4095	1023	990	4039	1129
767	4095	1023	1135	4039	1129
1023	4095	1023	1312	4039	1129
1279	4095	1023	1511	4040	1129
1535	4095	1023	1724	4040	1128
1791	4095	1023	1948	4041	1128
2047	4095	1023	2179	4041	1128
2303	4095	1023	2415	4042	1128
2559	4095	1023	2655	4043	1128
2815	4095	1023	2898	4044	1128
3071	4095	1023	3142	4045	1128
3327	4095	1023	3389	4046	1128
3583	4095	1023	3636	4047	1128
3839	4095	1023	3885	4048	1128
4095	4095	1023	4095	4011	1117
0	0	1279	183	50	1222
255	0	1279	369	52	1222
511	0	1279	578	55	1222
767	0	1279	810	59	1222
1023	0	1279	1052	66	1222
1279	0	1279	1299	75	1222
1535	0	1279	1549	87	1222
1791	0	1279	1800	101	1222
2047	0	1279	2052	118	1222
2303	0	1279	2304	138	1222
2559	0	1279	2557	161	1222
2815	0	1279	2811	186	1222
3071	0	1279	3065	212	1222
3327	0	1279	3318	238	1222
3583	0	1279	3572	265	1222
3839	0	1279	3827	293	1222
4095	0	1279	4081	320	1222
0	255	1279	191	284	1223
255	255	1279	373	285	1223
511	255	1279	581	287	1223
767	255	1279	812	291	1223
1023	255	1279	1054	295	1223
1279	255	1279	1300	301	1223
1535	255	1279	1550	309	1223
1791	255	1279	1800	318	1223
2047	255	1279	2052	328	1223
2303	255	1279	2305	340	1223
2559	255	1279	2558	353	1223
2815	255	1279	2811	368	1223
3071	255	1279	3065	383	1223
3327	255	1279	3319	400	1222
3583	255	1279	3573	418	1222
3839	255	1279	3827	438	1222
4095	255	1279	4081	457	1222
0	511	1279	204	522	1224
255	511	1279	382	522	1224
511	511	1279	586	523	1224
767	511	1279	816	525	1224
1023	511	1279	1057	528	1224
1279	511	1279	1303	531	1224
1535	511	1279	1551	536	1224
1791	511	1279	1802	541	1224
2047	511	1279	2054	548	1224
2303	511	1279	2306	555	1224
2559	511	1279	2559	564	1224
2815	511	1279	2812	573	1224
3071	511	1279	3066	584	1224
3327	511	1279	3319	595	1224
3583	511	1279	3573	608	1224
3839	511	1279	3827	621	1224
4095	511	1279	4082	636	1223
0	767	1279	225	767	1226
255	767	1279	395	768	1226
511	767	1279	595	769	1226
767	767	1279	822	770	1226
1023	767	1279	1061	772	1226
1279	767	1279	1306	774	1226
1535	767	1279	1554	777	1226
1791	767	1279	1804	781	1226
2047	767	1279	2056	785	1226
2303	767	1279	2308	790	1226
2559	767	1279	2560	796	1226
2815	767	1279	2814	803	1226
3071	767	1279	3067	810	1226
3327	767	1279	3321	819	1226
3583	767	1279	3574	828	1226
3839	767	1279	3828	837	1225
4095	767	1279	4082	848	1225
0	1023	1279	252	1016	1229
255	1023	1279	413	1017	1229
511	1023	1279	607	1017	1229
767	1023	1279	831	1018	1229
1023	1023	1279	1068	1019	1229
1279	1023	1279	1311	1021	1229
1535	1023	1279	1558	1023	1229
1791	1023	1279	1808	1026	1229
2047	1023	1279	2059	1029	1229
2303	1023	1279	2310	1033	1229
2559	1023	1279	2563	1038	1229
2815	1023	1279	2816	1043	1228
3071	1023	1279	3069	1048	1228
3327	1023	1279	3322	1054	1228
3583	1023	1279	3576	1061	1228
3839	1023	1279	3830	1068	1228
4095	1023	1279	4084	1076	1228
0	1279	1279	286	1267	1232
255	1279	1279	435	1267	1232
511	1279	1279	623	1267	1232
767	1279	1279	842	1268	1232
1023	1279	1279	1077	1269	1232
1279	1279	1279	1318	1270	1232
1535	1279	1279	1564	1272	1232
1791	1279	1279	1812	1274	1232
2047	1279	1279	2063	1277	1232
2303	1279	1279	2314	1280	1232
2559	1279	1279	2566	1283	1232
2815	1279	1279	2818	1287	1232
3071	1279	1279	3071	1291	1232
3327	1279	1279	3324	1296	1232
3583	1279	1279	3578	1302	1232
3839	1279	1279	3831	1307	1232
4095	1279	1279	4085	1314	1232
0	1535	1279	325	1518	1237
255	1535	1279	463	1518	1237
511	1535	1279	643	1518	1237
767	1535	1279	857	1519	1237
1023	1535	1279	1087	1520	1237
1279	1535	1279	1327	1521	1237
1535	1535	1279	1571	1522	1237
1791	1535	1279	1818	1524	1237
2047	1535	1279	2068	1526	1237
2303	1535	1279	2318	1528	1237
2559	1535	1279	2569	1531	1237
2815	1535	1279	2821	1534	1237
3071	1535	1279	3074	1538	1237
3327	1535	1279	3327	1542	1237
3583	1535	1279	3580	1546	1237
3839	1535	1279	3834	1551	1236
4095	1535	1279	4087	1556	1236
0	1791	1279	367	1769	1243
255	1791	1279	495	1769	1243
511	1791	1279	666	1770	1243
767	1791	1279	874	1770	1243
1023	1791	1279	1101	1771	1243
1279	1791	1279	1337	1772	1243
1535	1791	1279	1580	1773	1243
1791	1791	1279	1825	1774	1243
2047	1791	1279	2074	1776	1242
2303	1791	1279	2323	1778	1242
2559	1791	1279	2574	1780	1242
2815	1791	1279	2826	1783	1242
3071	1791	1279	3078	1786	1242
3327	1791	1279	3330	1789	1242
3583	1791	1279	3583	1793	1242
3839	1791	1279	3836	1797	1242
4095	1791	1279	4090	1801	1242
0	2047	1279	413	2021	1249
255	2047	1279	531	2021	1249
511	2047	1279	693	2022	1249
767	2047	1279	894	2022	1249
1023	2047	1279	1116	2023	1249
1279	2047	1279	1350	2023	1249
1535	2047	1279	1590	2024	1249
1791	2047	1279	1834	2025	1249
2047	2047	1279	2081	2027	1249
2303	2047	1279	2330	2029	1249
2559	2047	1279	2580	2031	1249
2815	2047	1279	2830	2033	1249
3071	2047	1279	3082	2035	1249
3327	2047	1279	3334	2038	1249
3583	2047	1279	3587	2041	1249
3839	2047	1279	3840	2044	1249
4095	2047	1279	4093	2048	1249
0	2303	1279	462	2273	1257
255	2303	1279	570	2273	1257
511	2303	1279	723	2273	1257
767	2303	1279	917	2274	1257
1023	2303	1279	1134	2274	1257
1279	2303	1279	1364	2275	1257
1535	2303	1279	1602	2276	1257
1791	2303	1279	1844	2277	1257
2047	2303	1279	2089	2278	1257
2303	2303	1279	2337	2280	1257
2559	2303	1279	2586	2281	1257
2815	2303	1279	2836	2283	1257
3071	2303	1279	3087	2285	1257
3327	2303	1279	3339	2288	1257
3583	2303	1279	3591	2290	1257
3839	2303	1279	3844	2293	1257
4095	2303	1279	4095	2296	1256
0	2559	1279	512	2525	1266
255	2559	1279	611	2525	1266
511	2559	1279	756	2526	1266
767	2559	1279	943	2526	1266
1023	2559	1279	1154	2526	1266
1279	2559	1279	1380	2527	1266
1535	2559	1279	1615	2528	1266
1791	2559	1279	1855	2529	1266
2047	2559	1279	2099	2530	1266
2303	2559	1279	2345	2531	1266
2559	2559	1279	2593	2532	1266
2815	2559	1279	2843	2534	1266
3071	2559	1279	3093	2536	1266
3327	2559	1279	3344	2538	1266
3583	2559	1279	3596	2540	1266
3839	2559	1279	3848	2543	1265
4095	2559	1279	4095	2542	1264
0	2815	1279	564	2778	1276
255	2815	1279	656	2778	1276
511	2815	1279	792	2778	1276
767	2815	1279	971	2778	1276
1023	2815	1279	1177	2778	1276
1279	2815	1279	1399	2779	1276
1535	2815	1279	1630	2780	1276
1791	2815	1279	1868	2780	1276
2047	2815	1279	2110	2781	1276
2303	2815	1279	2355	2783	1276
2559	2815	1279	2602	2784	1276
2815	2815	1279	2850	2785	1276
3071	2815	1279	3100	2787	1276
3327	2815	1279	3350	2789	1276
3583	2815	1279	3601	2791	1276
3839	2815	1279	3853	2793	1275
4095	2815	1279	4095	2789	1272
0	3071	1279	618	3030	1287
255	3071	1279	702	3030	1287
511	3071	1279	830	3030	1287
767	3071	1279	1002	3030	1287
1023	3071	1279	1202	3031	1287
1279	3071	1279	1419	3031	1287
1535	3071	1279	1647	3032	1287
1791	3071	1279	1882	3032	1287
2047	3071	1279	2122	3033	1287
2303	3071	1279	2365	3034	1287
2559	3071	1279	2611	3035	1287
2815	3071	1279	2858	3037	1287
3071	3071	1279	3107	3038	1287
3327	3071	1279	3357	3040	1287
3583	3071	1279	3607	3042	1287
3839	3071	1279	3859	3044	1287
4095	3071	1279	4095	3035	1282
0	3327	1279	672	3282	1299
255	3327	1279	750	3282	1299
511	3327	1279	871	3282	1299
767	3327	1279	1035	3283	1299
1023	3327	1279	1229	3283	1299
1279	3327	1279	1441	3283	1299
1535	3327	1279	1666	3284	1299
1791	3327	1279	1898	3285	1299
2047	3327	1279	2136	3285	1299
2303	3327	1279	2377	3286	1299
2559	3327	1279	2621	3287	1299
2815	3327	1279	2868	3288	1299
3071	3327	1279	3115	3290	1299
3327	3327	1279	3364	3291	1299
3583	3327	1279	3614	3293	1299
3839	3327	1279	3865	3295	1299
4095	3327	1279	4095	3280	1292
0	3583	1279	728	3535	1313
255	3583	1279	800	3535	1313
511	3583	1279	913	3535	1313
767	3583	1279	1070	3535	1313
1023	3583	1279	1258	3535	1313
1279	3583	1279	1465	3536	1313
1535	3583	1279	1686	3536	1313
1791	3583	1279	1915	3537	1313
2047	3583	1279	2151	3537	1313
2303	3583	1279	2390	3538	1313
2559	3583	1279	2633	3539	1313
2815	3583	1279	2878	3540	1313
3071	3583	1279	3125	3541	1313
3327	3583	1279	3373	3543	1313
3583	3583	1279	3622	3544	1313
3839	3583	1279	3872	3546	1312
4095	3583	1279	4095	3524	1304
0	3839	1279	784	3787	1328
255	3839	1279	851	3787	1328
511	3839	1279	957	3787	1328
767	3839	1279	1107	3787	1328
1023	3839	1279	1289	3788	1328
1279	3839	1279	1491	3788	1328
1535	3839	1279	1708	3788	1327
1791	3839	1279	1934	3789	1327
2047	3839	1279	2167	3790	1327
2303	3839	1279	2404	3790	1327
2559	3839	1279	2645	3791	1327
2815	3839	1279	2889	3792	1327
3071	3839	1279	3135	3793	1327
3327	3839	1279	3382	3795	1327
3583	3839	1279	3630	3796	1327
3839	3839	1279	3879	3797	1327
4095	3839	1279	4095	3768	1316
0	4095	1279	840	4039	1343
255	4095	1279	903	4040	1343
511	4095	1279	1003	4040	1343
767	4095	1279	1146	4040	1343
1023	4095	1279	1321	4040	1343
1279	4095	1279	1519	4040	1343
1535	4095	1279	1731	4041	1343
1791	4095	1279	1954	4041	1343
2047	4095	1279	2184	4042	1343
2303	4095	1279	2420	4043	1343
2559	4095	1279	2659	4043	1343
2815	4095	1279	2901	4044	1343
3071	4095	1279	3146	4045	1343
3327	4095	1279	3392	4046	1343
3583	4095	1279	3639	4048	1343
3839	4095	1279	3887	4049	1343
4095	4095	1279	4095	4010	1329
0	0	1535	253	73	1469
255	0	1535	413	75	1469
511	0	1535	607	78	1469
767	0	1535	831	82	1469
1023	0	1535	1068	89	1469
1279	0	1535	1311	98	1469
1535	0	1535	1559	110	1469
1791	0	1535	1808	124	1469
2047	0	1535	2059	141	1468
2303	0	1535	2310	161	1468
2559	0	1535	2563	183	1468
2815	0	1535	2816	206	1468
3071	0	1535	3069	231	1468
3327	0	1535	3322	256	1468
3583	0	1535	3576	281	1468
3839	0	1535	3830	307	1468
4095	0	1535	4084	334	1468
0	255	1535	259	300	1469
255	255	1535	417	301	1469
511	255	1535	610	303	1469
767	255	1535	833	306	1469
1023	255	1535	1069	310	1469
1279	255	1535	1313	316	1469
1535	255	1535	1559	323	1469
1791	255	1535	1809	331	1469
2047	255	1535	2059	342	1469
2303	255	1535	2311	353	1469
2559	255	1535	2563	366	1469
2815	255	1535	2816	380	1469
3071	255	1535	3069	395	1469
3327	255	1535	3323	412	1469
3583	255	1535	3576	430	1469
3839	255	1535	3830	448	1469
4095	255	1535	4084	468	1469
0	511	1535	270	531	1470
255	511	1535	424	531	1470
511	511	1535	615	532	1470
767	511	1535	837	534	1470
1023	511	1535	1072	537	1470
1279	511	1535	1315	540	1470
1535	511	1535	1561	545	1470
1791	511	1535	1810	550	1470
2047	511	1535	2061	557	1470
2303	511	1535	2312	564	1470
2559	511	1535	2564	572	1470
2815	511	1535	2817	582	1470
3071	511	1535	3070	592	1470
3327	511	1535	3323	603	1470
3583	511	1535	3577	616	1470
3839	511	1535	3831	629	1470
4095	511	1535	4084	643	1470
0	767	1535	287	773	1472
255	767	1535	436	774	1472
511	767	1535	624	775	1472
767	767	1535	843	776	1472
1023	767	1535	1077	778	1472
1279	767	1535	1318	780	1472
1535	767	1535	1564	783	1472
1791	767	1535	1813	787	1472
2047	767	1535	2063	791	1471
2303	767	1535	2314	796	1471
2559	767	1535	2566	802	1471
2815	767	1535	2818	809	1471
3071	767	1535	3071	816	1471
3327	767	1535	3324	824	1471
3583	767	1535	3578	833	1471
3839	767	1535	3831	843	1471
4095	767	1535	4085	853	1471
0	1023	1535	310	1021	1474
255	1023	1535	452	1021	1474
511	1023	1535	635	1022	1474
767	1023	1535	851	1023	1474
1023	1023	1535	1083	1024	1474
1279	1023	1535	1323	1026	1474
1535	1023	1535	1568	1028	1474
1791	1023	1535	1816	1031	1474
2047	1023	1535	2066	1034	1474
2303	1023	1535	2316	1038	1474
2559	1023	1535	2568	1042	1474
2815	1023	1535	2820	1047	1474
3071	1023	1535	3073	1052	1474
3327	1023	1535	3326	1059	1473
3583	1023	1535	3579	1065	1473
3839	1023	1535	3833	1073	1473
4095	1023	1535	4086	1081	1473
0	1279	1535	339	1270	1477
255	1279	1535	474	1270	1477
511	1279	1535	650	1271	1477
767	1279	1535	862	1271	1477
1023	1279	1535	1092	1273	1477
1279	1279	1535	1330	1274	1477
1535	1279	1535	1574	1276	1477
1791	1279	1535	1821	1278	1477
2047	1279	1535	2070	1280	1477
2303	1279	1535	2320	1283	1477
2559	1279	1535	2571	1287	1477
2815	1279	1535	2823	1290	1477
3071	1279	1535	3075	1295	1476
3327	1279	1535	3328	1300	1476
3583	1279	1535	3581	1305	1476
3839	1279	1535	3835	1311	1476
4095	1279	1535	4088	1317	1476
0	1535	1535	373	1521	1480
255	1535	1535	499	1521	1480
511	1535	1535	669	1521	1480
767	1535	1535	876	1522	1480
1023	1535	1535	1103	1522	1480
1279	1535	1535	1339	1524	1480
1535	1535	1535	1581	1525	1480
1791	1535	1535	1826	1527	1480
2047	1535	1535	2074	1529	1480
2303	1535	1535	2324	1531	1480
2559	1535	1535	2575	1534	1480
2815	1535	1535	2826	1537	1480
3071	1535	1535	3078	1541	1480
3327	1535	1535	3331	1544	1480
3583	1535	1535	3584	1549	1480
3839	1535	1535	3837	1553	1480
4095	1535	1535	4090	1559	1480
0	1791	1535	411	1772	1485
255	1791	1535	529	1772	1485
511	1791	1535	692	1772	1485
767	1791	1535	893	1773	1485
1023	1791	1535	1116	1773	1485
1279	1791	1535	1349	1774	1485
1535	1791	1535	1589	1775	1485
1791	1791	1535	1834	1777	1485
2047	1791	1535	2081	1778	1485
2303	1791	1535	2329	1780	1485
2559	1791	1535	2579	1783	1485
2815	1791	1535	2830	1785	1485
3071	1791	1535	3082	1788	1485
3327	1791	1535	3334	1791	1485
3583	1791	1535	3587	1795	1485
3839	1791	1535	3840	1799	1485
4095	1791	1535	4093	1803	1484
0	2047	1535	453	2023	1490
255	2047	1535	563	2023	1490
511	2047	1535	718	2023	1490
767	2047	1535	913	2024	1490
1023	2047	1535	1131	2024	1490
1279	2047	1535	1361	2025	1490
1535	2047	1535	1599	2026	1490
1791	2047	1535	1842	2027	1490
2047	2047	1535	2088	2029	1490
2303	2047	1535	2336	2031	1490
2559	2047	1535	2585	2032	1490
2815	2047	1535	2835	2035	1490
3071	2047	1535	3086	2037	1490
3327	2047	1535	3338	2040	1490
3583	2047	1535	3590	2043	1490
3839	2047	1535	3843	2046	1490
4095	2047	1535	4095	2050	1490
0	2303	1535	498	2275	1497
255	2303	1535	599	2275	1497
511	2303	1535	747	2275	1497
767	2303	1535	935	2276	1497
1023	2303	1535	1149	2276	1497
1279	2303	1535	1376	2277	1497
1535	2303	1535	1611	2278	1497
1791	2303	1535	1852	2279	1497
2047	2303	1535	2096	2280	1497
2303	2303	1535	2343	2281	1497
2559	2303	1535	2591	2283	1497
2815	2303	1535	2841	2285	1496
3071	2303	1535	3091	2287	1496
3327	2303	1535	3343	2289	1496
3583	2303	1535	3594	2292	1496
3839	2303	1535	3847	2295	1496
4095	2303	1535	4095	2296	1495
0	2559	1535	545	2527	1504
255	2559	1535	639	2527	1504
511	2559	1535	779	2527	1504
767	2559	1535	961	2527	1504
1023	2559	1535	1168	2528	1504
1279	2559	1535	1392	2528	1504
1535	2559	1535	1624	2529	1504
1791	2559	1535	1863	2530	1504
2047	2559	1535	2106	2531	1504
2303	2559	1535	2351	2532	1504
2559	2559	1535	2599	2534	1504
2815	2559	1535	2847	2536	1504
3071	2559	1535	3097	2537	1504
3327	2559	1535	3348	2539	1504
3583	2559	1535	3599	2542	1504
3839	2559	1535	3851	2544	1503
4095	2559	1535	4095	2542	1500
0	2815	1535	595	2779	1512
255	2815	1535	682	2779	1512
511	2815	1535	813	2779	1512
767	2815	1535	988	2779	1512
1023	2815	1535	1191	2780	1512
1279	2815	1535	1410	2780	1512
1535	2815	1535	1639	2781	1512
1791	2815	1535	1876	2782	1512
2047	2815	1535	2117	2783	1512
2303	2815	1535	2361	2784	1512
2559	2815	1535	2607	2785	1512
2815	2815	1535	2855	2787	1512
3071	2815	1535	3104	2788	1512
3327	2815	1535	3354	2790	1512
3583	2815	1535	3605	2792	1512
3839	2815	1535	3856	2794	1512
4095	2815	1535	4095	2788	1507
0	3071	1535	646	3031	1521
255	3071	1535	726	3031	1521
511	3071	1535	851	3031	1521
767	3071	1535	1018	3031	1521
1023	3071	1535	1215	3032	1521
1279	3071	1535	1430	3032	1521
1535	3071	1535	1656	3033	1521
1791	3071	1535	1890	3034	1521
2047	3071	1535	2129	3034	1521
2303	3071	1535	2371	3035	1521
2559	3071	1535	2616	3037	1521
2815	3071	1535	2863	3038	1521
3071	3071	1535	3111	3039	1521
3327	3071	1535	3361	3041	1521
3583	3071	1535	3611	3043	1521
3839	3071	1535	3862	3045	1521
4095	3071	1535	4095	3034	1514
0	3327	1535	698	3283	1531
255	3327	1535	773	3283	1531
511	3327	1535	890	3283	1531
767	3327	1535	1051	3284	1531
1023	3327	1535	1242	3284	1531
1279	3327	1535	1452	3284	1531
1535	3327	1535	1675	3285	1531
1791	3327	1535	1906	3286	1531
2047	3327	1535	2142	3286	1531
2303	3327	1535	2383	3287	1531
2559	3327	1535	2627	3288	1531
2815	3327	1535	2872	3289	1531
3071	3327	1535	3120	3291	1531
3327	3327	1535	3368	3292	1531
3583	3327	1535	3618	3294	1531
3839	3327	1535	3868	3296	1531
4095	3327	1535	4095	3279	1522
0	3583	1535	751	3536	1542
255	3583	1535	821	3536	1542
511	3583	1535	932	3536	1542
767	3583	1535	1086	3536	1542
1023	3583	1535	1270	3536	1542
1279	3583	1535	1476	3537	1542
1535	3583	1535	1695	3537	1542
1791	3583	1535	1923	3538	1542
2047	3583	1535	2157	3538	1542
2303	3583	1535	2396	3539	1542
2559	3583	1535	2638	3540	1542
2815	3583	1535	2882	3541	1542
3071	3583	1535	3129	3542	1542
3327	3583	1535	3376	3544	1542
3583	3583	1535	3625	3545	1542
3839	3583	1535	3875	3547	1542
4095	3583	1535	4095	3523	1531
0	3839	1535	805	3788	1554
255	3839	1535	870	3788	1554
511	3839	1535	975	3788	1554
767	3839	1535	1122	3788	1554
1023	3839	1535	1301	3788	1554
1279	3839	1535	1501	3789	1554
1535	3839	1535	1716	3789	1554
1791	3839	1535	1941	3790	1554
2047	3839	1535	2173	3790	1554
2303	3839	1535	2410	3791	1554
2559	3839	1535	2651	3792	1554
2815	3839	1535	2894	3793	1554
3071	3839	1535	3139	3794	1554
3327	3839	1535	3385	3795	1554
3583	3839	1535	3633	3797	1554
3839	3839	1535	3882	3798	1554
4095	3839	1535	4095	3766	1540
0	4095	1535	860	4040	1567
255	4095	1535	921	4040	1567
511	4095	1535	1020	4040	1567
767	4095	1535	1161	4041	1567
1023	4095	1535	1333	4041	1567
1279	4095	1535	1529	4041	1567
1535	4095	1535	1740	4042	1567
1791	4095	1535	1961	4042	1567
2047	4095	1535	2191	4043	1567
2303	4095	1535	2425	4043	1567
2559	4095	1535	2664	4044	1567
2815	4095	1535	2906	4045	1567
3071	4095	1535	3150	4046	1567
3327	4095	1535	3395	4047	1567
3583	4095	1535	3642	4048	1567
3839	4095	1535	3891	4050	1567
4095	4095	1535	4095	4008	1550
0	0	1791	322	101	1715
255	0	1791	461	103	1715
511	0	1791	641	106	1715
767	0	1791	856	110	1715
1023	0	1791	1087	117	1715
1279	0	1791	1326	126	1715
1535	0	1791	1571	138	1715
1791	0	1791	1818	152	1715
2047	0	1791	2067	169	1715
2303	0	1791	2318	188	1715
2559	0	1791	2569	208	1715
2815	0	1791	2821	230	1715
3071	0	1791	3074	252	1715
3327	0	1791	3327	276	1715
3583	0	1791	3580	300	1715
3839	0	1791	3833	325	1715
4095	0	1791	4087	351	1714
0	255	1791	327	317	1715
255	255	1791	465	318	1715
511	255	1791	644	320	1715
767	255	1791	858	323	1715
1023	255	1791	1088	327	1715
1279	255	1791	1327	333	1715
1535	255	1791	1572	340	1715
1791	255	1791	1819	348	1715
2047	255	1791	2068	358	1715
2303	255	1791	2318	369	1715
2559	255	1791	2570	381	1715
2815	255	1791	2822	395	1715
3071	255	1791	3074	410	1715
3327	255	1791	3327	426	1715
3583	255	1791	3580	443	1715
3839	255	1791	3834	461	1715
4095	255	1791	4087	480	1715
0	511	1791	336	541	1716
255	511	1791	472	542	1716
511	511	1791	649	543	1716
767	511	1791	861	545	1716
1023	511	1791	1091	548	1716
1279	511	1791	1330	551	1716
1535	511	1791	1573	555	1716
1791	511	1791	1820	561	1716
2047	511	1791	2069	567	1716
2303	511	1791	2319	574	1716
2559	511	1791	2571	582	1716
2815	511	1791	2823	592	1716
3071	511	1791	3075	602	1716
3327	511	1791	3328	613	1716
3583	511	1791	3581	625	1716
3839	511	1791	3834	638	1716
4095	511	1791	4088	652	1716
0	767	1791	351	781	1717
255	767	1791	482	781	1717
511	767	1791	657	782	1717
767	767	1791	867	783	1717
1023	767	1791	1095	785	1717
1279	767	1791	1333	787	1717
1535	767	1791	1576	790	1717
1791	767	1791	1823	794	1717
2047	767	1791	2071	798	1717
2303	767	1791	2321	804	1717
2559	767	1791	2572	809	1717
2815	767	1791	2824	816	1717
3071	767	1791	3076	823	1717
3327	767	1791	3329	831	1717
3583	767	1791	3582	840	1717
3839	767	1791	3835	850	1717
4095	767	1791	4089	860	1717
0	1023	1791	371	1026	1719
255	1023	1791	497	1026	1719
511	1023	1791	668	1027	1719
767	1023	1791	875	1028	1719
1023	1023	1791	1102	1029	1719
1279	1023	1791	1338	1031	1719
1535	1023	1791	1580	1033	1719
1791	1023	1791	1826	1036	1719
2047	1023	1791	2074	1039	1719
2303	1023	1791	2324	1043	1719
2559	1023	1791	2574	1047	1719
2815	1023	1791	2826	1052	1719
3071	1023	1791	3078	1058	1719
3327	1023	1791	3331	1064	1719
3583	1023	1791	3583	1070	1719
3839	1023	1791	3837	1078	1719
4095	1023	1791	4090	1086	1719
0	1279	1791	396	1274	1722
255	1279	1791	517	1275	1722
511	1279	1791	683	1275	1722
767	1279	1791	886	1276	1722
1023	1279	1791	1110	1277	1722
1279	1279	1791	1345	1278	1722
1535	1279	1791	1586	1280	1722
1791	1279	1791	1831	1282	1722
2047	1279	1791	2078	1284	1722
2303	1279	1791	2327	1287	1722
2559	1279	1791	2577	1291	1722
2815	1279	1791	2829	1295	1721
3071	1279	1791	3080	1299	1721
3327	1279	1791	3333	1304	1721
3583	1279	1791	3585	1309	1721
3839	1279	1791	3838	1315	1721
4095	1279	1791	4092	1321	1721
0	1535	1791	426	1524	1725
255	1535	1791	540	1524	1725
511	1535	1791	700	1524	1725
767	1535	1791	900	1525	1725
1023	1535	1791	1121	1526	1725
1279	1535	1791	1353	1527	1725
1535	1535	1791	1593	1528	1725
1791	1535	1791	1836	1530	1725
2047	1535	1791	2083	1532	1725
2303	1535	1791	2331	1535	1725
2559	1535	1791	2581	1537	1725
2815	1535	1791	2832	1540	1725
3071	1535	1791	3083	1544	1725
3327	1535	1791	3335	1548	1724
3583	1535	1791	3588	1552	1724
3839	1535	1791	3841	1557	1724
4095	1535	1791	4094	1562	1724
0	1791	1791	460	1774	1729
255	1791	1791	568	1775	1729
511	1791	1791	722	1775	1729
767	1791	1791	916	1775	1729
1023	1791	1791	1133	1776	1729
1279	1791	1791	1363	1777	1728
1535	1791	1791	1601	1778	1728
1791	1791	1791	1843	1780	1728
2047	1791	1791	2089	1781	1728
2303	1791	1791	2337	1783	1728
2559	1791	1791	2586	1785	1728
2815	1791	1791	2836	1788	1728
3071	1791	1791	3087	1791	1728
3327	1791	1791	3339	1794	1728
3583	1791	1791	3591	1798	1728
3839	1791	1791	3843	1802	1728
4095	1791	1791	4095	1805	1728
0	2047	1791	498	2025	1733
255	2047	1791	599	2026	1733
511	2047	1791	747	2026	1733
767	2047	1791	935	2026	1733
1023	2047	1791	1148	2027	1733
1279	2047	1791	1376	2028	1733
1535	2047	1791	1611	2029	1733
1791	2047	1791	1852	2030	1733
2047	2047	1791	2096	2031	1733
2303	2047	1791	2343	2033	1733
2559	2047	1791	2591	2035	1733
2815	2047	1791	2841	2037	1733
3071	2047	1791	3091	2040	1733
3327	2047	1791	3343	2042	1733
3583	2047	1791	3594	2045	1733
3839	2047	1791	3847	2049	1733
4095	2047	1791	4095	2050	1731
0	2303	1791	539	2277	1738
255	2303	1791	634	2277	1738
511	2303	1791	774	2277	1738
767	2303	1791	957	2278	1738
1023	2303	1791	1166	2278	1738
1279	2303	1791	1390	2279	1738
1535	2303	1791	1623	2280	1738
1791	2303	1791	1862	2281	1738
2047	2303	1791	2105	2282	1738
2303	2303	1791	2350	2283	1738
2559	2303	1791	2598	2285	1738
2815	2303	1791	2846	2287	1738
3071	2303	1791	3096	2289	1738
3327	2303	1791	3347	2291	1738
3583	2303	1791	3599	2294	1738
3839	2303	1791	3850	2297	1738
4095	2303	1791	4095	2296	1735
0	2559	1791	583	2529	1744
255	2559	1791	672	2529	1744
511	2559	1791	805	2529	1744
767	2559	1791	982	2529	1744
1023	2559	1791	1185	2530	1744
1279	2559	1791	1406	2530	1744
1535	2559	1791	1636	2531	1744
1791	2559	1791	1873	2532	1744
2047	2559	1791	2114	2533	1744
2303	2559	1791	2358	2534	1744
2559	2559	1791	2605	2536	1744
2815	2559	1791	2853	2537	1744
3071	2559	1791	3102	2539	1744
3327	2559	1791	3352	2541	1744
3583	2559	1791	3603	2544	1744
3839	2559	1791	3855	2546	1744
4095	2559	1791	4095	2542	1739
0	2815	1791	630	2780	1751
255	2815	1791	712	2781	1751
511	2815	1791	839	2781	1751
767	2815	1791	1009	2781	1751
1023	2815	1791	1207	2781	1751
1279	2815	1791	1423	2782	1751
1535	2815	1791	1651	2783	1751
1791	2815	1791	1885	2783	1751
2047	2815	1791	2125	2784	1751
2303	2815	1791	2368	2785	1751
2559	2815	1791	2613	2787	1751
2815	2815	1791	2860	2788	1751
3071	2815	1791	3109	2790	1751
3327	2815	1791	3358	2792	1751
3583	2815	1791	3609	2794	1751
3839	2815	1791	3860	2796	1751
4095	2815	1791	4095	2787	1744
0	3071	1791	678	3032	1759
255	3071	1791	755	3033	1759
511	3071	1791	875	3033	1759
767	3071	1791	1038	3033	1759
1023	3071	1791	1231	3033	1759
1279	3071	1791	1443	3034	1759
1535	3071	1791	1667	3034	1759
1791	3071	1791	1900	3035	1759
2047	3071	1791	2137	3036	1759
2303	3071	1791	2378	3037	1759
2559	3071	1791	2623	3038	1759
2815	3071	1791	2869	3039	1758
3071	3071	1791	3116	3041	1758
3327	3071	1791	3365	3042	1758
3583	3071	1791	3615	3044	1758
3839	3071	1791	3865	3046	1758
4095	3071	1791	4095	3033	1749
0	3327	1791	728	3285	1767
255	3327	1791	800	3285	1767
511	3327	1791	913	3285	1767
767	3327	1791	1070	3285	1767
1023	3327	1791	1258	3285	1767
1279	3327	1791	1465	3286	1767
1535	3327	1791	1686	3286	1767
1791	3327	1791	1915	3287	1767
2047	3327	1791	2151	3288	1767
2303	3327	1791	2390	3289	1767
2559	3327	1791	2633	3290	1767
2815	3327	1791	2878	3291	1767
3071	3327	1791	3125	3292	1767
3327	3327	1791	3373	3294	1767
3583	3327	1791	3622	3295	1767
3839	3327	1791	3872	3297	1767
4095	3327	1791	4095	3277	1755
0	3583	1791	779	3537	1776
255	3583	1791	846	3537	1776
511	3583	1791	953	3537	1776
767	3583	1791	1104	3537	1776
1023	3583	1791	1286	3537	1776
1279	3583	1791	1489	3538	1776
1535	3583	1791	1706	3538	1776
1791	3583	1791	1932	3539	1776
2047	3583	1791	2165	3540	1776
2303	3583	1791	2403	3540	1776
2559	3583	1791	2644	3541	1776
2815	3583	1791	2888	3542	1776
3071	3583	1791	3134	3544	1776
3327	3583	1791	3381	3545	1776
3583	3583	1791	3629	3546	1776
3839	3583	1791	3879	3548	1776
4095	3583	1791	4095	3521	1762
0	3839	1791	831	3789	1787
255	3839	1791	894	3789	1787
511	3839	1791	996	3789	1787
767	3839	1791	1140	3789	1787
1023	3839	1791	1316	3790	1787
1279	3839	1791	1514	3790	1787
1535	3839	1791	1727	3790	1786
1791	3839	1791	1951	3791	1786
2047	3839	1791	2181	3792	1786
2303	3839	1791	2417	3792	1786
2559	3839	1791	2657	3793	1786
2815	3839	1791	2899	3794	1786
3071	3839	1791	3144	3795	1786
3327	3839	1791	3390	3796	1786
3583	3839	1791	3637	3798	1786
3839	3839	1791	3886	3799	1786
4095	3839	1791	4095	3764	1769
0	4095	1791	884	4041	1798
255	4095	1791	943	4041	1798
511	4095	1791	1040	4041	1798
767	4095	1791	1178	4042	1798
1023	4095	1791	1348	4042	1798
1279	4095	1791	1541	4042	1797
1535	4095	1791	1750	4043	1797
1791	4095	1791	1970	4043	1797
2047	4095	1791	2199	4044	1797
2303	4095	1791	2432	4044	1797
2559	4095	1791	2670	4045	1797
2815	4095	1791	2911	4046	1797
3071	4095	1791	3155	4047	1797
3327	4095	1791	3400	4048	1797
3583	4095	1791	3646	4049	1797
3839	4095	1791	3894	4051	1797
4095	4095	1791	4095	4005	1776
0	0	2047	391	135	1961
255	0	2047	514	136	1961
511	0	2047	680	139	1961
767	0	2047	884	144	1961
1023	0	2047	1109	151	1961
1279	0	2047	1344	160	1961
1535	0	2047	1585	171	1961
1791	0	2047	1830	185	1961
2047	0	2047	2077	200	1961
2303	0	2047	2327	217	1961
2559	0	2047	2577	235	1961
2815	0	2047	2828	255	1961
3071	0	2047	3080	276	1961
3327	0	2047	3332	298	1961
3583	0	2047	3585	321	1961
3839	0	2047	3838	345	1961
4095	0	2047	4091	369	1961
0	255	2047	396	338	1962
255	255	2047	517	339	1962
511	255	2047	683	340	1962
767	255	2047	886	343	1962
1023	255	2047	1110	347	1962
1279	255	2047	1345	352	1962
1535	255	2047	1586	359	1962
1791	255	2047	1831	367	1962
2047	255	2047	2078	376	1962
2303	255	2047	2327	387	1962
2559	255	2047	2577	399	1962
2815	255	2047	2829	412	1961
3071	255	2047	3080	426	1961
3327	255	2047	3333	442	1961
3583	255	2047	3585	458	1961
3839	255	2047	3838	476	1961
4095	255	2047	4092	494	1961
0	511	2047	404	554	1962
255	511	2047	523	555	1962
511	511	2047	687	556	1962
767	511	2047	890	558	1962
1023	511	2047	1113	560	1962
1279	511	2047	1347	564	1962
1535	511	2047	1588	568	1962
1791	511	2047	1832	573	1962
2047	511	2047	2079	579	1962
2303	511	2047	2328	586	1962
2559	511	2047	2578	594	1962
2815	511	2047	2829	603	1962
3071	511	2047	3081	613	1962
3327	511	2047	3333	624	1962
3583	511	2047	3586	636	1962
3839	511	2047	3839	649	1962
4095	511	2047	4092	663	1962
0	767	2047	416	790	1963
255	767	2047	533	790	1963
511	767	2047	695	791	1963
767	767	2047	895	792	1963
1023	767	2047	1117	794	1963
1279	767	2047	1350	796	1963
1535	767	2047	1590	799	1963
1791	767	2047	1835	803	1963
2047	767	2047	2081	807	1963
2303	767	2047	2330	812	1963
2559	767	2047	2580	818	1963
2815	767	2047	2831	824	1963
3071	767	2047	3082	831	1963
3327	767	2047	3334	839	1963
3583	767	2047	3587	848	1963
3839	767	2047	3840	857	1963
4095	767	2047	4093	868	1963
0	1023	2047	433	1033	1965
255	1023	2047	546	1033	1965
511	1023	2047	705	1033	1965
767	1023	2047	903	1034	1965
1023	1023	2047	1123	1036	1965
1279	1023	2047	1355	1037	1965
1535	1023	2047	1594	1040	1965
1791	1023	2047	1838	1042	1965
2047	1023	2047	2084	1046	1965
2303	1023	2047	2332	1049	1965
2559	1023	2047	2582	1054	1965
2815	1023	2047	2833	1058	1965
3071	1023	2047	3084	1064	1965
3327	1023	2047	3336	1070	1965
3583	1023	2047	3588	1077	1965
3839	1023	2047	3841	1084	1965
4095	1023	2047	4094	1092	1965
0	1279	2047	455	1279	1967
255	1279	2047	564	1280	1967
511	1279	2047	719	1280	1967
767	1279	2047	914	1281	1967
1023	1279	2047	1132	1282	1967
1279	1279	2047	1362	1283	1967
1535	1279	2047	1600	1285	1967
1791	1279	2047	1842	1287	1967
2047	1279	2047	2088	1289	1967
2303	1279	2047	2336	1292	1967
2559	1279	2047	2585	1296	1967
2815	1279	2047	2835	1300	1967
3071	1279	2047	3086	1304	1967
3327	1279	2047	3338	1309	1967
3583	1279	2047	3590	1314	1967
3839	1279	2047	3843	1320	1967
4095	1279	2047	4095	1326	1966
0	1535	2047	482	1528	1970
255	1535	2047	586	1528	1970
511	1535	2047	736	1529	1970
767	1535	2047	927	1529	1970
1023	1535	2047	1142	1530	1970
1279	1535	2047	1370	1531	1970
1535	1535	2047	1607	1532	1970
1791	1535	2047	1848	1534	1970
2047	1535	2047	2093	1536	1970
2303	1535	2047	2340	1539	1969
2559	1535	2047	2589	1541	1969
2815	1535	2047	2839	1544	1969
3071	1535	2047	3089	1548	1969
3327	1535	2047	3341	1552	1969
3583	1535	2047	3593	1556	1969
3839	1535	2047	3845	1561	1969
4095	1535	2047	4095	1565	1968
0	1791	2047	512	1778	1973
255	1791	2047	611	1778	1973
511	1791	2047	756	1778	1973
767	1791	2047	943	1779	1973
1023	1791	2047	1154	1779	1973
1279	1791	2047	1380	1780	1973
1535	1791	2047	1615	1781	1973
1791	1791	2047	1855	1783	1973
2047	1791	2047	2099	1785	1973
2303	1791	2047	2345	1787	1973
2559	1791	2047	2593	1789	1973
2815	1791	2047	2843	1791	1973
3071	1791	2047	3093	1794	1973
3327	1791	2047	3344	1798	1973
3583	1791	2047	3596	1801	1973
3839	1791	2047	3848	1805	1972
4095	1791	2047	4095	1807	1970
0	2047	2047	547	2028	1977
255	2047	2047	641	2028	1977
511	2047	2047	780	2029	1977
767	2047	2047	961	2029	1977
1023	2047	2047	1169	2030	1977
1279	2047	2047	1392	2030	1977
1535	2047	2047	1625	2031	1977
1791	2047	2047	1864	2033	1977
2047	2047	2047	2106	2034	1977
2303	2047	2047	2352	2036	1976
2559	2047	2047	2599	2038	1976
2815	2047	2047	2848	2040	1976
3071	2047	2047	3097	2042	1976
3327	2047	2047	3348	2045	1976
3583	2047	2047	3599	2048	1976
3839	2047	2047	3851	2051	1976
4095	2047	2047	4095	2051	1972
0	2303	2047	585	2279	1981
255	2303	2047	673	2279	1981
511	2303	2047	806	2280	1981
767	2303	2047	983	2280	1981
1023	2303	2047	1186	2281	1981
1279	2303	2047	1406	2281	1981
1535	2303	2047	1636	2282	1981
1791	2303	2047	1873	2283	1981
2047	2303	2047	2114	2284	1981
2303	2303	2047	2359	2286	1981
2559	2303	2047	2605	2287	1981
2815	2303	2047	2853	2289	1981
3071	2303	2047	3102	2291	1981
3327	2303	2047	3353	2294	1981
3583	2303	2047	3604	2296	1981
3839	2303	2047	3855	2299	1981
4095	2303	2047	4095	2296	1975
0	2559	2047	626	2531	1986
255	2559	2047	709	2531	1986
511	2559	2047	836	2531	1986
767	2559	2047	1006	2531	1986
1023	2559	2047	1205	2532	1986
1279	2559	2047	1422	2532	1986
1535	2559	2047	1650	2533	1986
1791	2559	2047	1884	2534	1986
2047	2559	2047	2124	2535	1986
2303	2559	2047	2367	2536	1986
2559	2559	2047	2613	2538	1986
2815	2559	2047	2860	2539	1986
3071	2559	2047	3108	2541	1986
3327	2559	2047	3358	2543	1986
3583	2559	2047	3608	2546	1986
3839	2559	2047	3859	2548	1986
4095	2559	2047	4095	2541	1978
0	2815	2047	669	2782	1992
255	2815	2047	747	2782	1992
511	2815	2047	868	2783	1992
767	2815	2047	1033	2783	1992
1023	2815	2047	1227	2783	1992
1279	2815	2047	1440	2784	1992
1535	2815	2047	1664	2784	1992
1791	2815	2047	1897	2785	1992
2047	2815	2047	2135	2786	1992
2303	2815	2047	2376	2787	1992
2559	2815	2047	2621	2789	1992
2815	2815	2047	2867	2790	1992
3071	2815	2047	3115	2792	1992
3327	2815	2047	3364	2794	1992
3583	2815	2047	3614	2796	1992
3839	2815	2047	3864	2798	1992
4095	2815	2047	4095	2786	1982
0	3071	2047	714	3034	1998
255	3071	2047	788	3034	1998
511	3071	2047	903	3034	1998
767	3071	2047	1061	3035	1998
1023	3071	2047	1250	3035	1998
1279	3071	2047	1459	3035	1998
1535	3071	2047	1681	3036	1998
1791	3071	2047	1911	3037	1998
2047	3071	2047	2147	3038	1998
2303	3071	2047	2387	3039	1998
2559	3071	2047	2630	3040	1998
2815	3071	2047	2875	3041	1998
3071	3071	2047	3122	3043	1998
3327	3071	2047	3371	3044	1998
3583	3071	2047	3620	3046	1998
3839	3071	2047	3870	3048	1998
4095	3071	2047	4095	3031	1986
0	3327	2047	762	3286	2006
255	3327	2047	830	3286	2006
511	3327	2047	940	3286	2006
767	3327	2047	1092	3286	2006
1023	3327	2047	1276	3287	2006
1279	3327	2047	1481	3287	2006
1535	3327	2047	1699	3288	2006
1791	3327	2047	1926	3288	2006
2047	3327	2047	2160	3289	2006
2303	3327	2047	2399	3290	2006
2559	3327	2047	2640	3291	2006
2815	3327	2047	2885	3292	2005
3071	3327	2047	3131	3294	2005
3327	3327	2047	3378	3295	2005
3583	3327	2047	3627	3297	2005
3839	3327	2047	3876	3299	2005
4095	3327	2047	4095	3275	1990
0	3583	2047	810	3538	2014
255	3583	2047	875	3538	2014
511	3583	2047	979	3538	2014
767	3583	2047	1126	3538	2014
1023	3583	2047	1304	3539	2014
1279	3583	2047	1504	3539	2014
1535	3583	2047	1718	3540	2014
1791	3583	2047	1943	3540	2014
2047	3583	2047	2175	3541	2013
2303	3583	2047	2411	3542	2013
2559	3583	2047	2652	3543	2013
2815	3583	2047	2895	3544	2013
3071	3583	2047	3140	3545	2013
3327	3583	2047	3386	3546	2013
3583	3583	2047	3634	3548	2013
3839	3583	2047	3883	3549	2013
4095	3583	2047	4095	3519	1995
0	3839	2047	861	3790	2022
255	3839	2047	921	3790	2022
511	3839	2047	1020	3790	2022
767	3839	2047	1161	3791	2022
1023	3839	2047	1334	3791	2022
1279	3839	2047	1529	3791	2022
1535	3839	2047	1740	3792	2022
1791	3839	2047	1961	3792	2022
2047	3839	2047	2191	3793	2022
2303	3839	2047	2425	3794	2022
2559	3839	2047	2664	3794	2022
2815	3839	2047	2906	3795	2022
3071	3839	2047	3150	3796	2022
3327	3839	2047	3395	3798	2022
3583	3839	2047	3642	3799	2022
3839	3839	2047	3891	3801	2022
4095	3839	2047	4095	3761	2000
0	4095	2047	912	4042	2032
255	4095	2047	969	4042	2032
511	4095	2047	1063	4043	2032
767	4095	2047	1198	4043	2032
1023	4095	2047	1365	4043	2032
1279	4095	2047	1556	4043	2032
1535	4095	2047	1763	4044	2032
1791	4095	2047	1981	4044	2032
2047	4095	2047	2208	4045	2032
2303	4095	2047	2441	4045	2032
2559	4095	2047	2678	4046	2032
2815	4095	2047	2918	4047	2031
3071	4095	2047	3160	4048	2031
3327	4095	2047	3405	4049	2031
3583	4095	2047	3651	4051	2031
3839	4095	2047	3899	4052	2031
4095	4095	2047	4095	4002	2006
0	0	2303	461	174	2208
255	0	2303	569	175	2208
511	0	2303	722	178	2208
767	0	2303	917	183	2208
1023	0	2303	1134	189	2208
1279	0	2303	1364	197	2208
1535	0	2303	1601	207	2208
1791	0	2303	1844	219	2208
2047	0	2303	2089	233	2208
2303	0	2303	2337	248	2208
2559	0	2303	2586	265	2208
2815	0	2303	2836	283	2207
3071	0	2303	3087	303	2207
3327	0	2303	3339	323	2207
3583	0	2303	3591	345	2207
3839	0	2303	3843	367	2207
4095	0	2303	4095	390	2207
0	255	2303	465	360	2208
255	255	2303	572	361	2208
511	255	2303	725	363	2208
767	255	2303	919	366	2208
1023	255	2303	1135	369	2208
1279	255	2303	1365	374	2208
1535	255	2303	1602	380	2208
1791	255	2303	1845	388	2208
2047	255	2303	2090	397	2208
2303	255	2303	2337	407	2208
2559	255	2303	2586	418	2208
2815	255	2303	2837	431	2208
3071	255	2303	3088	445	2208
3327	255	2303	3339	460	2208
3583	255	2303	3591	476	2208
3839	255	2303	3844	492	2208
4095	255	2303	4095	510	2207
0	511	2303	471	569	2208
255	511	2303	577	569	2208
511	511	2303	729	570	2208
767	511	2303	922	572	2208
1023	511	2303	1138	575	2208
1279	511	2303	1367	578	2208
1535	511	2303	1604	582	2208
1791	511	2303	1846	587	2208
2047	511	2303	2091	593	2208
2303	511	2303	2338	600	2208
2559	511	2303	2587	608	2208
2815	511	2303	2837	617	2208
3071	511	2303	3088	626	2208
3327	511	2303	3340	637	2208
3583	511	2303	3592	649	2208
3839	511	2303	3844	661	2208
4095	511	2303	4095	674	2207
0	767	2303	482	800	2209
255	767	2303	586	800	2209
511	767	2303	736	801	2209
767	767	2303	927	802	2209
1023	767	2303	1142	804	2209
1279	767	2303	1370	806	2209
1535	767	2303	1607	809	2209
1791	767	2303	1848	813	2209
2047	767	2303	2093	817	2209
2303	767	2303	2340	822	2209
2559	767	2303	2589	827	2209
2815	767	2303	2839	834	2209
3071	767	2303	3089	841	2209
3327	767	2303	3341	849	2209
3583	767	2303	3593	857	2209
3839	767	2303	3845	867	2209
4095	767	2303	4095	876	2208
0	1023	2303	497	1040	2211
255	1023	2303	599	1040	2211
511	1023	2303	746	1041	2211
767	1023	2303	935	1042	2211
1023	1023	2303	1148	1043	2211
1279	1023	2303	1375	1045	2211
1535	1023	2303	1611	1047	2211
1791	1023	2303	1852	1050	2211
2047	1023	2303	2096	1053	2211
2303	1023	2303	2343	1057	2211
2559	1023	2303	2591	1061	2211
2815	1023	2303	2841	1066	2211
3071	1023	2303	3091	1071	2211
3327	1023	2303	3342	1077	2211
3583	1023	2303	3594	1084	2211
3839	1023	2303	3847	1091	2210
4095	1023	2303	4095	1098	2208
0	1279	2303	517	1285	2213
255	1279	2303	615	1285	2213
511	1279	2303	759	1286	2213
767	1279	2303	945	1287	2213
1023	1279	2303	1156	1288	2213
1279	1279	2303	1382	1289	2213
1535	1279	2303	1616	1291	2212
1791	1279	2303	1856	1293	2212
2047	1279	2303	2100	1295	2212
2303	1279	2303	2346	1298	2212
2559	1279	2303	2594	1301	2212
2815	1279	2303	2843	1305	2212
3071	1279	2303	3094	1310	2212
3327	1279	2303	3345	1314	2212
3583	1279	2303	3596	1319	2212
3839	1279	2303	3848	1325	2212
4095	1279	2303	4095	1330	2209
0	1535	2303	540	1533	2215
255	1535	2303	635	1533	2215
511	1535	2303	775	1533	2215
767	1535	2303	958	1534	2215
1023	1535	2303	1166	1535	2215
1279	1535	2303	1390	1536	2215
1535	1535	2303	1623	1537	2215
1791	1535	2303	1862	1539	2215
2047	1535	2303	2105	1541	2215
2303	1535	2303	2350	1543	2215
2559	1535	2303	2598	1546	2215
2815	1535	2303	2847	1549	2215
3071	1535	2303	3097	1552	2215
3327	1535	2303	3347	1556	2215
3583	1535	2303	3599	1561	2215
3839	1535	2303	3851	1565	2215
4095	1535	2303	4095	1567	2210
0	1791	2303	568	1782	2218
255	1791	2303	659	1782	2218
511	1791	2303	794	1782	2218
767	1791	2303	973	1783	2218
1023	1791	2303	1178	1783	2218
1279	1791	2303	1400	1784	2218
1535	1791	2303	1631	1785	2217
1791	1791	2303	1869	1787	2217
2047	1791	2303	2111	1788	2217
2303	1791	2303	2355	1790	2217
2559	1791	2303	2602	1793	2217
2815	1791	2303	2851	1795	2217
3071	1791	2303	3100	1798	2217
3327	1791	2303	3351	1801	2217
3583	1791	2303	3602	1805	2217
3839	1791	2303	3853	1809	2217
4095	1791	2303	4095	1809	2212
0	2047	2303	599	2032	2221
255	2047	2303	686	2032	2221
511	2047	2303	817	2032	2221
767	2047	2303	991	2032	2221
1023	2047	2303	1193	2033	2221
1279	2047	2303	1412	2034	2221
1535	2047	2303	1641	2035	2221
1791	2047	2303	1877	2036	2221
2047	2047	2303	2118	2037	2221
2303	2047	2303	2362	2039	2221
2559	2047	2303	2608	2041	2221
2815	2047	2303	2855	2043	2221
3071	2047	2303	3104	2046	2221
3327	2047	2303	3354	2048	2221
3583	2047	2303	3605	2051	2221
3839	2047	2303	3857	2055	2221
4095	2047	2303	4095	2052	2213
0	2303	2303	634	2282	2225
255	2303	2303	716	2282	2225
511	2303	2303	842	2283	2225
767	2303	2303	1011	2283	2225
1023	2303	2303	1209	2283	2225
1279	2303	2303	1425	2284	2225
1535	2303	2303	1652	2285	2225
1791	2303	2303	1887	2286	2225
2047	2303	2303	2126	2287	2225
2303	2303	2303	2369	2289	2225
2559	2303	2303	2614	2290	2225
2815	2303	2303	2861	2292	2225
3071	2303	2303	3110	2294	2224
3327	2303	2303	3359	2297	2224
3583	2303	2303	3609	2299	2224
3839	2303	2303	3860	2302	2224
4095	2303	2303	4095	2296	2215
0	2559	2303	672	2533	2229
255	2559	2303	749	2533	2229
511	2559	2303	870	2534	2229
767	2559	2303	1034	2534	2229
1023	2559	2303	1228	2534	2229
1279	2559	2303	1441	2535	2229
1535	2559	2303	1665	2536	2229
1791	2559	2303	1898	2536	2229
2047	2559	2303	2136	2538	2229
2303	2559	2303	2377	2539	2229
2559	2559	2303	2621	2540	2229
2815	2559	2303	2868	2542	2229
3071	2559	2303	3115	2544	2229
3327	2559	2303	3364	2546	2229
3583	2559	2303	3614	2548	2229
3839	2559	2303	3865	2551	2229
4095	2559	2303	4095	2541	2217
0	2815	2303	712	2785	2234
255	2815	2303	786	2785	2234
511	2815	2303	901	2785	2234
767	2815	2303	1060	2785	2234
1023	2815	2303	1249	2785	2234
1279	2815	2303	1458	2786	2234
1535	2815	2303	1680	2787	2234
1791	2815	2303	1910	2787	2234
2047	2815	2303	2146	2788	2234
2303	2815	2303	2386	2790	2234
2559	2815	2303	2630	2791	2234
2815	2815	2303	2875	2792	2234
3071	2815	2303	3122	2794	2234
3327	2815	2303	3370	2796	2234
3583	2815	2303	3620	2798	2234
3839	2815	2303	3870	2800	2234
4095	2815	2303	4095	2785	2220
0	3071	2303	755	3036	2240
255	3071	2303	824	3036	2240
511	3071	2303	934	3036	2240
767	3071	2303	1088	3037	2240
1023	3071	2303	1272	3037	2240
1279	3071	2303	1477	3037	2240
1535	3071	2303	1696	3038	2240
1791	3071	2303	1924	3039	2240
2047	3071	2303	2158	3040	2240
2303	3071	2303	2397	3041	2240
2559	3071	2303	2639	3042	2240
2815	3071	2303	2883	3043	2240
3071	3071	2303	3129	3044	2240
3327	3071	2303	3377	3046	2239
3583	3071	2303	3626	3048	2239
3839	3071	2303	3875	3050	2239
4095	3071	2303	4095	3030	2223
0	3327	2303	799	3288	2246
255	3327	2303	865	3288	2246
511	3327	2303	970	3288	2246
767	3327	2303	1118	3288	2246
1023	3327	2303	1297	3289	2246
1279	3327	2303	1498	3289	2246
1535	3327	2303	1714	3290	2246
1791	3327	2303	1939	3290	2246
2047	3327	2303	2171	3291	2246
2303	3327	2303	2408	3292	2246
2559	3327	2303	2649	3293	2246
2815	3327	2303	2892	3294	2246
3071	3327	2303	3138	3295	2246
3327	3327	2303	3384	3297	2246
3583	3327	2303	3632	3299	2246
3839	3327	2303	3881	3300	2246
4095	3327	2303	4095	3273	2226
0	3583	2303	846	3540	2253
255	3583	2303	908	3540	2253
511	3583	2303	1008	3540	2253
767	3583	2303	1150	3540	2253
1023	3583	2303	1325	3540	2253
1279	3583	2303	1521	3541	2253
1535	3583	2303	1733	3541	2253
1791	3583	2303	1956	3542	2253
2047	3583	2303	2186	3543	2253
2303	3583	2303	2421	3543	2253
2559	3583	2303	2660	3544	2253
2815	3583	2303	2902	3545	2253
3071	3583	2303	3147	3547	2253
3327	3583	2303	3393	3548	2253
3583	3583	2303	3640	3549	2253
3839	3583	2303	3888	3551	2253
4095	3583	2303	4095	3516	2229
0	3839	2303	894	3792	2260
255	3839	2303	952	3792	2260
511	3839	2303	1048	3792	2260
767	3839	2303	1185	3792	2260
1023	3839	2303	1354	3792	2260
1279	3839	2303	1546	3793	2260
1535	3839	2303	1755	3793	2260
1791	3839	2303	1974	3794	2260
2047	3839	2303	2202	3794	2260
2303	3839	2303	2435	3795	2260
2559	3839	2303	2673	3796	2260
2815	3839	2303	2913	3797	2260
3071	3839	2303	3157	3798	2260
3327	3839	2303	3402	3799	2260
3583	3839	2303	3648	3801	2260
3839	3839	2303	3896	3802	2260
4095	3839	2303	4095	3758	2233
0	4095	2303	943	4044	2269
255	4095	2303	998	4044	2269
511	4095	2303	1089	4044	2269
767	4095	2303	1221	4044	2269
1023	4095	2303	1385	4044	2268
1279	4095	2303	1573	4045	2268
1535	4095	2303	1777	4045	2268
1791	4095	2303	1994	4046	2268
2047	4095	2303	2219	4046	2268
2303	4095	2303	2450	4047	2268
2559	4095	2303	2686	4048	2268
2815	4095	2303	2925	4049	2268
3071	4095	2303	3167	4050	2268
3327	4095	2303	3411	4051	2268
3583	4095	2303	3657	4052	2268
3839	4095	2303	3904	4053	2268
4095	4095	2303	4095	3999	2237
0	0	2559	530	214	2454
255	0	2559	627	216	2454
511	0	2559	768	218	2454
767	0	2559	952	222	2454
1023	0	2559	1162	227	2454
1279	0	2559	1387	235	2454
1535	0	2559	1620	244	2454
1791	0	2559	1859	254	2454
2047	0	2559	2103	267	2454
2303	0	2559	2348	281	2454
2559	0	2559	2596	296	2454
2815	0	2559	2845	313	2454
3071	0	2559	3095	331	2454
3327	0	2559	3346	350	2454
3583	0	2559	3598	370	2454
3839	0	2559	3850	391	2454
4095	0	2559	4095	413	2450
0	255	2559	534	385	2454
255	255	2559	629	386	2454
511	255	2559	771	387	2454
767	255	2559	954	390	2454
1023	255	2559	1163	393	2454
1279	255	2559	1388	398	2454
1535	255	2559	1621	404	2454
1791	255	2559	1860	411	2454
2047	255	2559	2103	419	2454
2303	255	2559	2349	429	2454
2559	255	2559	2597	440	2454
2815	255	2559	2846	452	2454
3071	255	2559	3096	465	2454
3327	255	2559	3347	479	2454
3583	255	2559	3598	495	2454
3839	255	2559	3850	511	2454
4095	255	2559	4095	528	2450
0	511	2559	540	585	2455
255	511	2559	634	586	2455
511	511	2559	775	587	2455
767	511	2559	957	588	2455
1023	511	2559	1166	591	2455
1279	511	2559	1390	594	2455
1535	511	2559	1623	598	2455
1791	511	2559	1862	603	2455
2047	511	2559	2105	609	2455
2303	511	2559	2350	615	2455
2559	511	2559	2598	623	2455
2815	511	2559	2847	632	2455
3071	511	2559	3096	641	2455
3327	511	2559	3347	652	2455
3583	511	2559	3599	663	2455
3839	511	2559	3850	675	2454
4095	511	2559	4095	687	2450
0	767	2559	549	811	2456
255	767	2559	642	812	2456
511	767	2559	781	812	2456
767	767	2559	963	813	2456
1023	767	2559	1170	815	2456
1279	767	2559	1393	817	2456
1535	767	2559	1626	820	2456
1791	767	2559	1864	824	2455
2047	767	2559	2107	828	2455
2303	767	2559	2352	833	2455
2559	767	2559	2599	838	2455
2815	767	2559	2848	845	2455
3071	767	2559	3098	852	2455
3327	767	2559	3348	860	2455
3583	767	2559	3600	868	2455
3839	767	2559	3851	877	2455
4095	767	2559	4095	885	2450
0	1023	2559	562	1049	2457
255	1023	2559	654	1049	2457
511	1023	2559	790	1050	2457
767	1023	2559	970	1050	2457
1023	1023	2559	1176	1052	2457
1279	1023	2559	1398	1053	2457
1535	1023	2559	1630	1056	2457
1791	1023	2559	1867	1058	2457
2047	1023	2559	2109	1061	2457
2303	1023	2559	2354	1065	2457
2559	1023	2559	2601	1069	2457
2815	1023	2559	2850	1074	2457
3071	1023	2559	3099	1079	2457
3327	1023	2559	3350	1085	2457
3583	1023	2559	3601	1092	2456
3839	1023	2559	3853	1099	2456
4095	1023	2559	4095	1104	2451
0	1279	2559	580	1292	2458
255	1279	2559	669	1292	2458
511	1279	2559	803	1293	2458
767	1279	2559	980	1293	2458
1023	1279	2559	1184	1294	2458
1279	1279	2559	1404	1296	2458
1535	1279	2559	1635	1297	2458
1791	1279	2559	1872	1299	2458
2047	1279	2559	2113	1302	2458
2303	1279	2559	2358	1305	2458
2559	1279	2559	2604	1308	2458
2815	1279	2559	2852	1312	2458
3071	1279	2559	3102	1316	2458
3327	1279	2559	3352	1321	2458
3583	1279	2559	3603	1326	2458
3839	1279	2559	3854	1332	2458
4095	1279	2559	4095	1334	2451
0	1535	2559	601	1538	2460
255	1535	2559	687	1538	2460
511	1535	2559	818	1539	2460
767	1535	2559	992	1539	2460
1023	1535	2559	1194	1540	2460
1279	1535	2559	1412	1541	2460
1535	1535	2559	1641	1543	2460
1791	1535	2559	1877	1544	2460
2047	1535	2559	2118	1546	2460
2303	1535	2559	2362	1549	2460
2559	1535	2559	2608	1551	2460
2815	1535	2559	2856	1554	2460
3071	1535	2559	3105	1558	2460
3327	1535	2559	3355	1562	2460
3583	1535	2559	3605	1566	2460
3839	1535	2559	3857	1571	2460
4095	1535	2559	4095	1570	2452
0	1791	2559	626	1786	2463
255	1791	2559	709	1786	2463
511	1791	2559	836	1787	2463
767	1791	2559	1006	1787	2463
1023	1791	2559	1205	1788	2463
1279	1791	2559	1422	1789	2463
1535	1791	2559	1650	1790	2463
1791	1791	2559	1884	1791	2463
2047	1791	2559	2124	1793	2463
2303	1791	2559	2367	1795	2463
2559	1791	2559	2613	1797	2463
2815	1791	2559	2860	1800	2463
3071	1791	2559	3108	1803	2462
3327	1791	2559	3358	1806	2462
3583	1791	2559	3608	1809	2462
3839	1791	2559	3859	1813	2462
4095	1791	2559	4095	1810	2453
0	2047	2559	654	2035	2466
255	2047	2559	734	2036	2466
511	2047	2559	857	2036	2465
767	2047	2559	1024	2036	2465
1023	2047	2559	1219	2037	2465
1279	2047	2559	1433	2038	2465
1535	2047	2559	1659	2039	2465
1791	2047	2559	1893	2040	2465
2047	2047	2559	2131	2041	2465
2303	2047	2559	2373	2043	2465
2559	2047	2559	2618	2045	2465
2815	2047	2559	2865	2047	2465
3071	2047	2559	3113	2049	2465
3327	2047	2559	3362	2052	2465
3583	2047	2559	3612	2055	2465
3839	2047	2559	3863	2058	2465
4095	2047	2559	4095	2053	2454
0	2303	2559	686	2286	2469
255	2303	2559	762	2286	2469
511	2303	2559	881	2286	2469
767	2303	2559	1043	2286	2469
1023	2303	2559	1236	2287	2469
1279	2303	2559	1447	2287	2469
1535	2303	2559	1670	2288	2469
1791	2303	2559	1902	2289	2469
2047	2303	2559	2139	2290	2469
2303	2303	2559	2380	2292	2469
2559	2303	2559	2624	2294	2469
2815	2303	2559	2870	2295	2469
3071	2303	2559	3118	2298	2469
3327	2303	2559	3366	2300	2469
3583	2303	2559	3616	2303	2469
3839	2303	2559	3866	2305	2469
4095	2303	2559	4095	2296	2455
0	2559	2559	721	2536	2473
255	2559	2559	794	2536	2473
511	2559	2559	908	2536	2473
767	2559	2559	1066	2537	2473
1023	2559	2559	1254	2537	2473
1279	2559	2559	1462	2538	2473
1535	2559	2559	1683	2538	2473
1791	2559	2559	1913	2539	2473
2047	2559	2559	2149	2540	2473
2303	2559	2559	2389	2542	2473
2559	2559	2559	2631	2543	2473
2815	2559	2559	2877	2545	2473
3071	2559	2559	3123	2547	2473
3327	2559	2559	3372	2549	2473
3583	2559	2559	3621	2551	2473
3839	2559	2559	3871	2554	2472
4095	2559	2559	4095	2540	2457
0	2815	2559	759	2787	2477
255	2815	2559	828	2787	2477
511	2815	2559	937	2787	2477
767	2815	2559	1090	2788	2477
1023	2815	2559	1274	2788	2477
1279	2815	2559	1479	2789	2477
1535	2815	2559	1698	2789	2477
1791	2815	2559	1925	2790	2477
2047	2815	2559	2159	2791	2477
2303	2815	2559	2398	2792	2477
2559	2815	2559	2640	2793	2477
2815	2815	2559	2884	2795	2477
3071	2815	2559	3130	2796	2477
3327	2815	2559	3378	2798	2477
3583	2815	2559	3626	2800	2477
3839	2815	2559	3876	2803	2477
4095	2815	2559	4095	2784	2458
0	3071	2559	799	3038	2482
255	3071	2559	864	3038	2482
511	3071	2559	969	3039	2482
767	3071	2559	1117	3039	2482
1023	3071	2559	1297	3039	2482
1279	3071	2559	1498	3040	2482
1535	3071	2559	1714	3040	2482
1791	3071	2559	1939	3041	2482
2047	3071	2559	2171	3042	2482
2303	3071	2559	2408	3043	2482
2559	3071	2559	2649	3044	2482
2815	3071	2559	2892	3045	2482
3071	3071	2559	3137	3047	2482
3327	3071	2559	3384	3048	2482
3583	3071	2559	3632	3050	2482
3839	3071	2559	3881	3052	2482
4095	3071	2559	4095	3028	2460
0	3327	2559	841	3290	2488
255	3327	2559	903	3290	2488
511	3327	2559	1004	3290	2488
767	3327	2559	1147	3290	2488
1023	3327	2559	1322	3291	2487
1279	3327	2559	1519	3291	2487
1535	3327	2559	1731	3292	2487
1791	3327	2559	1954	3292	2487
2047	3327	2559	2184	3293	2487
2303	3327	2559	2420	3294	2487
2559	3327	2559	2659	3295	2487
2815	3327	2559	2901	3296	2487
3071	3327	2559	3146	3297	2487
3327	3327	2559	3392	3299	2487
3583	3327	2559	3639	3301	2487
3839	3327	2559	3888	3302	2487
4095	3327	2559	4095	3271	2462
0	3583	2559	885	3542	2494
255	3583	2559	944	3542	2494
511	3583	2559	1040	3542	2494
767	3583	2559	1178	3542	2494
1023	3583	2559	1348	3542	2494
1279	3583	2559	1541	3543	2494
1535	3583	2559	1750	3543	2494
1791	3583	2559	1971	3544	2494
2047	3583	2559	2199	3544	2493
2303	3583	2559	2432	3545	2493
2559	3583	2559	2670	3546	2493
2815	3583	2559	2911	3547	2493
3071	3583	2559	3155	3548	2493
3327	3583	2559	3400	3550	2493
3583	3583	2559	3647	3551	2493
3839	3583	2559	3894	3553	2493
4095	3583	2559	4095	3513	2464
0	3839	2559	931	3793	2500
255	3839	2559	987	3793	2500
511	3839	2559	1078	3794	2500
767	3839	2559	1211	3794	2500
1023	3839	2559	1377	3794	2500
1279	3839	2559	1566	3794	2500
1535	3839	2559	1771	3795	2500
1791	3839	2559	1989	3795	2500
2047	3839	2559	2214	3796	2500
2303	3839	2559	2446	3797	2500
2559	3839	2559	2683	3798	2500
2815	3839	2559	2922	3799	2500
3071	3839	2559	3165	3800	2500
3327	3839	2559	3409	3801	2500
3583	3839	2559	3655	3802	2500
3839	3839	2559	3902	3804	2500
4095	3839	2559	4095	3755	2467
0	4095	2559	978	4045	2507
255	4095	2559	1031	4045	2507
511	4095	2559	1119	4045	2507
767	4095	2559	1247	4046	2507
1023	4095	2559	1407	4046	2507
1279	4095	2559	1592	4046	2507
1535	4095	2559	1794	4047	2507
1791	4095	2559	2008	4047	2507
2047	4095	2559	2231	4048	2507
2303	4095	2559	2461	4048	2507
2559	4095	2559	2696	4049	2507
2815	4095	2559	2934	4050	2507
3071	4095	2559	3175	4051	2507
3327	4095	2559	3419	4052	2507
3583	4095	2559	3664	4053	2507
3839	4095	2559	3910	4055	2507
4095	4095	2559	4095	3995	2469
0	0	2815	600	255	2700
255	0	2815	686	256	2700
511	0	2815	817	258	2700
767	0	2815	991	261	2700
1023	0	2815	1193	266	2700
1279	0	2815	1412	273	2700
1535	0	2815	1641	281	2700
1791	0	2815	1877	290	2700
2047	0	2815	2118	302	2700
2303	0	2815	2362	314	2700
2559	0	2815	2608	328	2700
2815	0	2815	2856	344	2700
3071	0	2815	3105	361	2700
3327	0	2815	3355	378	2700
3583	0	2815	3605	397	2700
3839	0	2815	3857	417	2700
4095	0	2815	4095	437	2691
0	255	2815	603	411	2701
255	255	2815	689	412	2701
511	255	2815	819	414	2701
767	255	2815	993	416	2701
1023	255	2815	1195	419	2701
1279	255	2815	1413	424	2701
1535	255	2815	1642	429	2701
1791	255	2815	1878	436	2701
2047	255	2815	2119	444	2700
2303	255	2815	2362	453	2700
2559	255	2815	2608	463	2700
2815	255	2815	2856	475	2700
3071	255	2815	3105	488	2700
3327	255	2815	3355	501	2700
3583	255	2815	3606	516	2700
3839	255	2815	3857	532	2700
4095	255	2815	4095	547	2691
0	511	2815	608	603	2701
255	511	2815	693	604	2701
511	511	2815	823	605	2701
767	511	2815	996	606	2701
1023	511	2815	1197	608	2701
1279	511	2815	1415	612	2701
1535	511	2815	1644	616	2701
1791	511	2815	1879	620	2701
2047	511	2815	2120	626	2701
2303	511	2815	2363	632	2701
2559	511	2815	2609	640	2701
2815	511	2815	2857	648	2701
3071	511	2815	3106	658	2701
3327	511	2815	3356	668	2701
3583	511	2815	3606	679	2701
3839	511	2815	3857	691	2701
4095	511	2815	4095	701	2691
0	767	2815	616	824	2702
255	767	2815	701	824	2702
511	767	2815	829	825	2702
767	767	2815	1001	826	2702
1023	767	2815	1201	828	2702
1279	767	2815	1418	830	2702
1535	767	2815	1646	833	2702
1791	767	2815	1882	836	2702
2047	767	2815	2122	841	2702
2303	767	2815	2365	845	2702
2559	767	2815	2611	851	2702
2815	767	2815	2858	857	2702
3071	767	2815	3107	864	2702
3327	767	2815	3357	872	2702
3583	767	2815	3607	880	2702
3839	767	2815	3858	889	2701
4095	767	2815	4095	896	2692
0	1023	2815	628	1058	2703
255	1023	2815	711	1059	2703
511	1023	2815	838	1059	2703
767	1023	2815	1008	1060	2703
1023	1023	2815	1207	1061	2703
1279	1023	2815	1423	1063	2703
1535	1023	2815	1650	1065	2703
1791	1023	2815	1885	1068	2703
2047	1023	2815	2125	1071	2703
2303	1023	2815	2368	1075	2703
2559	1023	2815	2613	1079	2703
2815	1023	2815	2860	1084	2703
3071	1023	2815	3109	1089	2703
3327	1023	2815	3358	1095	2703
3583	1023	2815	3609	1101	2703
3839	1023	2815	3860	1108	2703
4095	1023	2815	4095	1111	2692
0	1279	2815	644	1299	2704
255	1279	2815	725	1300	2704
511	1279	2815	849	1300	2704
767	1279	2815	1017	1301	2704
1023	1279	2815	1214	1302	2704
1279	1279	2815	1429	1303	2704
1535	1279	2815	1656	1305	2704
1791	1279	2815	1889	1307	2704
2047	1279	2815	2128	1309	2704
2303	1279	2815	2371	1312	2704
2559	1279	2815	2616	1316	2704
2815	1279	2815	2863	1319	2704
3071	1279	2815	3111	1324	2704
3327	1279	2815	3360	1328	2704
3583	1279	2815	3611	1333	2704
3839	1279	2815	3861	1339	2704
4095	1279	2815	4095	1339	2692
0	1535	2815	663	1544	2706
255	1535	2815	741	1544	2706
511	1535	2815	863	1545	2706
767	1535	2815	1029	1545	2706
1023	1535	2815	1224	1546	2706
1279	1535	2815	1437	1547	2706
1535	1535	2815	1662	1549	2706
1791	1535	2815	1895	1550	2706
2047	1535	2815	2133	1552	2706
2303	1535	2815	2375	1555	2706
2559	1535	2815	2620	1557	2706
2815	1535	2815	2866	1560	2706
3071	1535	2815	3114	1564	2706
3327	1535	2815	3363	1568	2706
3583	1535	2815	3613	1572	2706
3839	1535	2815	3864	1577	2706
4095	1535	2815	4095	1574	2693
0	1791	2815	685	1791	2708
255	1791	2815	762	1791	2708
511	1791	2815	881	1792	2708
767	1791	2815	1043	1792	2708
1023	1791	2815	1235	1793	2708
1279	1791	2815	1447	1794	2708
1535	1791	2815	1670	1795	2708
1791	1791	2815	1902	1796	2708
2047	1791	2815	2139	1798	2708
2303	1791	2815	2380	1800	2708
2559	1791	2815	2624	1802	2708
2815	1791	2815	2870	1805	2708
3071	1791	2815	3118	1808	2708
3327	1791	2815	3366	1811	2708
3583	1791	2815	3616	1814	2708
3839	1791	2815	3866	1818	2708
4095	1791	2815	4095	1813	2693
0	2047	2815	711	2040	2711
255	2047	2815	785	2040	2711
511	2047	2815	901	2040	2711
767	2047	2815	1060	2041	2711
1023	2047	2815	1249	2041	2710
1279	2047	2815	1458	2042	2710
1535	2047	2815	1680	2043	2710
1791	2047	2815	1910	2044	2710
2047	2047	2815	2146	2046	2710
2303	2047	2815	2386	2047	2710
2559	2047	2815	2629	2049	2710
2815	2047	2815	2875	2051	2710
3071	2047	2815	3122	2054	2710
3327	2047	2815	3370	2056	2710
3583	2047	2815	3619	2059	2710
3839	2047	2815	3870	2063	2710
4095	2047	2815	4095	2054	2694
0	2303	2815	741	2289	2713
255	2303	2815	811	2289	2713
511	2303	2815	923	2290	2713
767	2303	2815	1079	2290	2713
1023	2303	2815	1265	2290	2713
1279	2303	2815	1471	2291	2713
1535	2303	2815	1691	2292	2713
1791	2303	2815	1919	2293	2713
2047	2303	2815	2154	2294	2713
2303	2303	2815	2393	2296	2713
2559	2303	2815	2636	2297	2713
2815	2303	2815	2880	2299	2713
3071	2303	2815	3127	2301	2713
3327	2303	2815	3375	2304	2713
3583	2303	2815	3624	2306	2713
3839	2303	2815	3873	2309	2713
4095	2303	2815	4095	2296	2694
0	2559	2815	773	2539	2717
255	2559	2815	841	2539	2717
511	2559	2815	949	2540	2717
767	2559	2815	1100	2540	2717
1023	2559	2815	1282	2540	2717
1279	2559	2815	1486	2541	2717
1535	2559	2815	1703	2542	2717
1791	2559	2815	1930	2543	2717
2047	2559	2815	2163	2544	2717
2303	2559	2815	2402	2545	2717
2559	2559	2815	2643	2546	2717
2815	2559	2815	2887	2548	2717
3071	2559	2815	3133	2550	2717
3327	2559	2815	3380	2552	2717
3583	2559	2815	3628	2554	2717
3839	2559	2815	3878	2557	2717
4095	2559	2815	4095	2539	2695
0	2815	2815	808	2790	2721
255	2815	2815	873	2790	2721
511	2815	2815	977	2790	2721
767	2815	2815	1124	2791	2721
1023	2815	2815	1302	2791	2721
1279	2815	2815	1503	2791	2721
1535	2815	2815	1717	2792	2721
1791	2815	2815	1942	2793	2721
2047	2815	2815	2174	2794	2721
2303	2815	2815	2411	2795	2721
2559	2815	2815	2651	2796	2721
2815	2815	2815	2894	2798	2721
3071	2815	2815	3139	2799	2721
3327	2815	2815	3386	2801	2721
3583	2815	2815	3634	2803	2721
3839	2815	2815	3883	2805	2721
4095	2815	2815	4095	2782	2696
0	3071	2815	845	3041	2725
255	3071	2815	907	3041	2725
511	3071	2815	1007	3041	2725
767	3071	2815	1150	3041	2725
1023	3071	2815	1324	3042	2725
1279	3071	2815	1521	3042	2725
1535	3071	2815	1733	3043	2725
1791	3071	2815	1956	3044	2725
2047	3071	2815	2186	3044	2725
2303	3071	2815	2421	3045	2725
2559	3071	2815	2660	3047	2725
2815	3071	2815	2902	3048	2725
3071	3071	2815	3147	3049	2725
3327	3071	2815	3393	3051	2725
3583	3071	2815	3640	3053	2725
3839	3071	2815	3888	3055	2725
4095	3071	2815	4095	3026	2697
0	3327	2815	885	3292	2730
255	3327	2815	944	3292	2730
511	3327	2815	1040	3292	2730
767	3327	2815	1178	3293	2730
1023	3327	2815	1348	3293	2730
1279	3327	2815	1542	3293	2730
1535	3327	2815	1751	3294	2730
1791	3327	2815	1971	3295	2730
2047	3327	2815	2199	3295	2730
2303	3327	2815	2433	3296	2730
2559	3327	2815	2670	3297	2730
2815	3327	2815	2911	3298	2730
3071	3327	2815	3155	3300	2730
3327	3327	2815	3400	3301	2730
3583	3327	2815	3647	3303	2730
3839	3327	2815	3894	3305	2730
4095	3327	2815	4095	3268	2698
0	3583	2815	927	3544	2735
255	3583	2815	983	3544	2735
511	3583	2815	1075	3544	2735
767	3583	2815	1209	3544	2735
1023	3583	2815	1374	3544	2735
1279	3583	2815	1564	3545	2735
1535	3583	2815	1770	3545	2735
1791	3583	2815	1987	3546	2735
2047	3583	2815	2213	3547	2735
2303	3583	2815	2445	3547	2735
2559	3583	2815	2682	3548	2735
2815	3583	2815	2921	3549	2735
3071	3583	2815	3164	3551	2735
3327	3583	2815	3408	3552	2735
3583	3583	2815	3654	3553	2735
3839	3583	2815	3901	3555	2735
4095	3583	2815	4095	3510	2699
0	3839	2815	970	3795	2741
255	3839	2815	1024	3795	2741
511	3839	2815	1112	3796	2741
767	3839	2815	1241	3796	2741
1023	3839	2815	1402	3796	2741
1279	3839	2815	1588	3796	2741
1535	3839	2815	1790	3797	2741
1791	3839	2815	2005	3797	2741
2047	3839	2815	2229	3798	2741
2303	3839	2815	2459	3799	2741
2559	3839	2815	2694	3800	2741
2815	3839	2815	2932	3800	2741
3071	3839	2815	3174	3802	2741
3327	3839	2815	3417	3803	2741
3583	3839	2815	3662	3804	2741
3839	3839	2815	3909	3806	2741
4095	3839	2815	4095	3751	2701
0	4095	2815	1016	4047	2748
255	4095	2815	1067	4047	2748
511	4095	2815	1151	4047	2748
767	4095	2815	1275	4047	2748
1023	4095	2815	1432	4048	2748
1279	4095	2815	1613	4048	2748
1535	4095	2815	1812	4048	2748
1791	4095	2815	2024	4049	2748
2047	4095	2815	2246	4049	2748
2303	4095	2815	2474	4050	2748
2559	4095	2815	2707	4051	2748
2815	4095	2815	2944	4052	2748
3071	4095	2815	3184	4053	2748
3327	4095	2815	3427	4054	2747
3583	4095	2815	3671	4055	2747
3839	4095	2815	3917	4057	2747
4095	4095	2815	4095	3991	2702
0	0	3071	669	295	2947
255	0	3071	747	296	2947
511	0	3071	868	298	2947
767	0	3071	1033	301	2947
1023	0	3071	1227	306	2947
1279	0	3071	1440	311	2947
1535	0	3071	1664	319	2947
1791	0	3071	1897	327	2947
2047	0	3071	2135	337	2947
2303	0	3071	2377	349	2947
2559	0	3071	2621	362	2947
2815	0	3071	2867	376	2947
3071	0	3071	3115	392	2947
3327	0	3071	3364	408	2946
3583	0	3071	3614	426	2946
3839	0	3071	3864	445	2946
4095	0	3071	4095	462	2932
0	255	3071	672	439	2947
255	255	3071	750	440	2947
511	255	3071	870	441	2947
767	255	3071	1035	444	2947
1023	255	3071	1228	447	2947
1279	255	3071	1441	451	2947
1535	255	3071	1665	456	2947
1791	255	3071	1898	463	2947
2047	255	3071	2136	470	2947
2303	255	3071	2377	479	2947
2559	255	3071	2621	489	2947
2815	255	3071	2868	500	2947
3071	255	3071	3115	512	2947
3327	255	3071	3364	525	2947
3583	255	3071	3614	539	2947
3839	255	3071	3865	554	2947
4095	255	3071	4095	567	2932
0	511	3071	677	623	2947
255	511	3071	754	623	2947
511	511	3071	874	624	2947
767	511	3071	1038	626	2947
1023	511	3071	1231	628	2947
1279	511	3071	1443	631	2947
1535	511	3071	1667	635	2947
1791	511	3071	1899	639	2947
2047	511	3071	2137	645	2947
2303	511	3071	2378	651	2947
2559	511	3071	2622	658	2947
2815	511	3071	2868	667	2947
3071	511	3071	3116	676	2947
3327	511	3071	3365	686	2947
3583	511	3071	3615	696	2947
3839	511	3071	3865	708	2947
4095	511	3071	4095	717	2932
0	767	3071	684	838	2948
255	767	3071	761	839	2948
511	767	3071	880	839	2948
767	767	3071	1042	840	2948
1023	767	3071	1235	842	2948
1279	767	3071	1446	844	2948
1535	767	3071	1670	847	2948
1791	767	3071	1901	850	2948
2047	767	3071	2139	854	2948
2303	767	3071	2380	859	2948
2559	767	3071	2624	865	2948
2815	767	3071	2870	871	2948
3071	767	3071	3117	877	2948
3327	767	3071	3366	885	2948
3583	767	3071	3616	893	2948
3839	767	3071	3866	902	2948
4095	767	3071	4095	907	2932
0	1023	3071	695	1069	2949
255	1023	3071	770	1069	2949
511	1023	3071	888	1070	2949
767	1023	3071	1049	1071	2949
1023	1023	3071	1240	1072	2949
1279	1023	3071	1451	1074	2949
1535	1023	3071	1674	1076	2949
1791	1023	3071	1905	1078	2949
2047	1023	3071	2142	1082	2949
2303	1023	3071	2382	1085	2949
2559	1023	3071	2626	1089	2949
2815	1023	3071	2872	1094	2949
3071	1023	3071	3119	1099	2949
3327	1023	3071	3368	1105	2949
3583	1023	3071	3617	1111	2949
3839	1023	3071	3868	1118	2949
4095	1023	3071	4095	1120	2932
0	1279	3071	709	1308	2950
255	1279	3071	783	1308	2950
511	1279	3071	898	1309	2950
767	1279	3071	1058	1309	2950
1023	1279	3071	1247	1310	2950
1279	1279	3071	1457	1312	2950
1535	1279	3071	1679	1313	2950
1791	1279	3071	1909	1315	2950
2047	1279	3071	2145	1318	2950
2303	1279	3071	2386	1321	2950
2559	1279	3071	2629	1324	2950
2815	1279	3071	2874	1328	2950
3071	1279	3071	3121	1332	2950
3327	1279	3071	3370	1336	2950
3583	1279	3071	3619	1342	2950
3839	1279	3071	3869	1347	2950
4095	1279	3071	4095	1345	2932
0	1535	3071	726	1551	2952
255	1535	3071	798	1551	2952
511	1535	3071	912	1552	2952
767	1535	3071	1069	1552	2952
1023	1535	3071	1257	1553	2952
1279	1535	3071	1464	1554	2952
1535	1535	3071	1685	1555	2952
1791	1535	3071	1915	1557	2952
2047	1535	3071	2150	1559	2952
2303	1535	3071	2390	1561	2952
2559	1535	3071	2633	1564	2952
2815	1535	3071	2878	1567	2951
3071	1535	3071	3124	1571	2951
3327	1535	3071	3372	1574	2951
3583	1535	3071	3622	1579	2951
3839	1535	3071	3871	1583	2951
4095	1535	3071	4095	1578	2932
0	1791	3071	747	1797	2953
255	1791	3071	817	1797	2953
511	1791	3071	928	1797	2953
767	1791	3071	1083	1798	2953
1023	1791	3071	1268	1799	2953
1279	1791	3071	1474	1800	2953
1535	1791	3071	1693	1801	2953
1791	1791	3071	1921	1802	2953
2047	1791	3071	2156	1804	2953
2303	1791	3071	2395	1806	2953
2559	1791	3071	2637	1808	2953
2815	1791	3071	2882	1810	2953
3071	1791	3071	3128	1813	2953
3327	1791	3071	3376	1817	2953
3583	1791	3071	3624	1820	2953
3839	1791	3071	3874	1824	2953
4095	1791	3071	4095	1815	2932
0	2047	3071	770	2045	2956
255	2047	3071	838	2045	2956
511	2047	3071	947	2045	2956
767	2047	3071	1098	2045	2956
1023	2047	3071	1281	2046	2956
1279	2047	3071	1485	2047	2956
1535	2047	3071	1702	2048	2956
1791	2047	3071	1929	2049	2956
2047	2047	3071	2163	2050	2956
2303	2047	3071	2401	2052	2956
2559	2047	3071	2642	2054	2956
2815	2047	3071	2886	2056	2956
3071	2047	3071	3132	2059	2956
3327	2047	3071	3380	2061	2956
3583	2047	3071	3628	2064	2956
3839	2047	3071	3877	2068	2956
4095	2047	3071	4095	2055	2932
0	2303	3071	797	2293	2958
255	2303	3071	863	2294	2958
511	2303	3071	968	2294	2958
767	2303	3071	1117	2294	2958
1023	2303	3071	1296	2295	2958
1279	2303	3071	1497	2295	2958
1535	2303	3071	1713	2296	2958
1791	2303	3071	1939	2297	2958
2047	2303	3071	2171	2298	2958
2303	2303	3071	2408	2300	2958
2559	2303	3071	2649	2301	2958
2815	2303	3071	2892	2303	2958
3071	2303	3071	3137	2305	2958
3327	2303	3071	3384	2308	2958
3583	2303	3071	3632	2310	2958
3839	2303	3071	3881	2313	2958
4095	2303	3071	4095	2296	2932
0	2559	3071	827	2543	2961
255	2559	3071	891	2543	2961
511	2559	3071	993	2543	2961
767	2559	3071	1137	2544	2961
1023	2559	3071	1314	2544	2961
1279	2559	3071	1512	2545	2961
1535	2559	3071	1725	2545	2961
1791	2559	3071	1949	2546	2961
2047	2559	3071	2180	2547	2961
2303	2559	3071	2416	2549	2961
2559	2559	3071	2656	2550	2961
2815	2559	3071	2898	2552	2961
3071	2559	3071	3143	2554	2961
3327	2559	3071	3389	2556	2961
3583	2559	3071	3637	2558	2961
3839	2559	3071	3886	2560	2961
4095	2559	3071	4095	2538	2933
0	2815	3071	860	2793	2965
255	2815	3071	921	2793	2965
511	2815	3071	1019	2794	2965
767	2815	3071	1160	2794	2965
1023	2815	3071	1333	2794	2965
1279	2815	3071	1528	2795	2965
1535	2815	3071	1739	2795	2965
1791	2815	3071	1961	2796	2965
2047	2815	3071	2190	2797	2965
2303	2815	3071	2425	2798	2965
2559	2815	3071	2664	2800	2965
2815	2815	3071	2906	2801	2965
3071	2815	3071	3149	2803	2965
3327	2815	3071	3395	2804	2965
3583	2815	3071	3642	2806	2965
3839	2815	3071	3890	2809	2965
4095	2815	3071	4095	2781	2933
0	3071	3071	895	3044	2969
255	3071	3071	953	3044	2969
511	3071	3071	1048	3044	2969
767	3071	3071	1185	3044	2969
1023	3071	3071	1354	3045	2969
1279	3071	3071	1547	3045	2969
1535	3071	3071	1755	3046	2969
1791	3071	3071	1975	3046	2969
2047	3071	3071	2202	3047	2969
2303	3071	3071	2435	3048	2969
2559	3071	3071	2673	3049	2969
2815	3071	3071	2914	3051	2969
3071	3071	3071	3157	3052	2969
3327	3071	3071	3402	3054	2969
3583	3071	3071	3648	3056	2969
3839	3071	3071	3896	3058	2969
4095	3071	3071	4095	3023	2933
0	3327	3071	932	3295	2973
255	3327	3071	988	3295	2973
511	3327	3071	1080	3295	2973
767	3327	3071	1213	3295	2973
1023	3327	3071	1378	3296	2973
1279	3327	3071	1567	3296	2973
1535	3327	3071	1772	3297	2973
1791	3327	3071	1989	3297	2973
2047	3327	3071	2215	3298	2973
2303	3327	3071	2447	3299	2973
2559	3327	3071	2683	3300	2973
2815	3327	3071	2923	3301	2973
3071	3327	3071	3165	3302	2973
3327	3327	3071	3409	3304	2973
3583	3327	3071	3655	3306	2973
3839	3327	3071	3902	3307	2973
4095	3327	3071	4095	3265	2933
0	3583	3071	972	3546	2978
255	3583	3071	1025	3546	2978
511	3583	3071	1113	3546	2978
767	3583	3071	1242	3546	2978
1023	3583	3071	1403	3547	2978
1279	3583	3071	1588	3547	2978
1535	3583	3071	1791	3548	2978
1791	3583	3071	2006	3548	2978
2047	3583	3071	2229	3549	2978
2303	3583	3071	2459	3550	2978
2559	3583	3071	2694	3551	2978
2815	3583	3071	2933	3552	2978
3071	3583	3071	3174	3553	2978
3327	3583	3071	3417	3554	2978
3583	3583	3071	3662	3556	2978
3839	3583	3071	3909	3557	2978
4095	3583	3071	4095	3506	2934
0	3839	3071	1013	3798	2983
255	3839	3071	1064	3798	2983
511	3839	3071	1149	3798	2983
767	3839	3071	1274	3798	2983
1023	3839	3071	1430	3798	2983
1279	3839	3071	1612	3798	2983
1535	3839	3071	1811	3799	2983
1791	3839	3071	2023	3799	2983
2047	3839	3071	2245	3800	2983
2303	3839	3071	2473	3801	2983
2559	3839	3071	2706	3802	2983
2815	3839	3071	2944	3803	2983
3071	3839	3071	3184	3804	2983
3327	3839	3071	3426	3805	2983
3583	3839	3071	3671	3806	2983
3839	3839	3071	3916	3808	2983
4095	3839	3071	4095	3747	2934
0	4095	3071	1056	4049	2989
255	4095	3071	1105	4049	2989
511	4095	3071	1186	4049	2989
767	4095	3071	1307	4049	2989
1023	4095	3071	1459	4050	2989
1279	4095	3071	1637	4050	2989
1535	4095	3071	1833	4050	2989
1791	4095	3071	2042	4051	2989
2047	4095	3071	2261	4051	2989
2303	4095	3071	2488	4052	2989
2559	4095	3071	2719	4053	2989
2815	4095	3071	2955	4054	2989
3071	4095	3071	3194	4055	2989
3327	4095	3071	3436	4056	2989
3583	4095	3071	3679	4057	2989
3839	4095	3071	3925	4059	2989
4095	4095	3071	4095	3986	2934
0	0	3327	739	335	3193
255	0	3327	810	336	3193
511	0	3327	922	338	3193
767	0	3327	1077	341	3193
1023	0	3327	1264	345	3193
1279	0	3327	1470	350	3193
1535	0	3327	1690	357	3193
1791	0	3327	1919	365	3193
2047	0	3327	2154	374	3193
2303	0	3327	2393	385	3193
2559	0	3327	2635	397	3193
2815	0	3327	2880	410	3193
3071	0	3327	3127	424	3193
3327	0	3327	3374	440	3193
3583	0	3327	3623	456	3193
3839	0	3327	3873	474	3193
4095	0	3327	4095	489	3171
0	255	3327	741	469	3193
255	255	3327	812	469	3193
511	255	3327	924	471	3193
767	255	3327	1079	473	3193
1023	255	3327	1265	476	3193
1279	255	3327	1471	480	3193
1535	255	3327	1691	485	3193
1791	255	3327	1919	491	3193
2047	255	3327	2154	498	3193
2303	255	3327	2394	506	3193
2559	255	3327	2636	515	3193
2815	255	3327	2881	526	3193
3071	255	3327	3127	537	3193
3327	255	3327	3375	550	3193
3583	255	3327	3624	563	3193
3839	255	3327	3873	578	3193
4095	255	3327	4095	589	3171
0	511	3327	745	644	3194
255	511	3327	816	644	3194
511	511	3327	927	645	3194
767	511	3327	1082	647	3194
1023	511	3327	1267	649	3194
1279	511	3327	1473	652	3194
1535	511	3327	1692	655	3194
1791	511	3327	1921	660	3193
2047	511	3327	2156	665	3193
2303	511	3327	2395	671	3193
2559	511	3327	2637	678	3193
2815	511	3327	2881	686	3193
3071	511	3327	3128	695	3193
3327	511	3327	3375	705	3193
3583	511	3327	3624	715	3193
3839	511	3327	3874	727	3193
4095	511	3327	4095	733	3171
0	767	3327	752	854	3194
255	767	3327	822	854	3194
511	767	3327	932	855	3194
767	767	3327	1086	856	3194
1023	767	3327	1271	857	3194
1279	767	3327	1476	860	3194
1535	767	3327	1695	862	3194
1791	767	3327	1923	866	3194
2047	767	3327	2157	870	3194
2303	767	3327	2396	874	3194
2559	767	3327	2638	880	3194
2815	767	3327	2883	886	3194
3071	767	3327	3129	892	3194
3327	767	3327	3377	900	3194
3583	767	3327	3625	908	3194
3839	767	3327	3875	916	3194
4095	767	3327	4095	919	3171
0	1023	3327	762	1081	3195
255	1023	3327	831	1081	3195
511	1023	3327	940	1082	3195
767	1023	3327	1093	1083	3195
1023	1023	3327	1276	1084	3195
1279	1023	3327	1481	1085	3195
1535	1023	3327	1699	1088	3195
1791	1023	3327	1926	1090	3195
2047	1023	3327	2160	1093	3195
2303	1023	3327	2399	1097	3195
2559	1023	3327	2640	1101	3195
2815	1023	3327	2885	1105	3195
3071	1023	3327	3131	1111	3195
3327	1023	3327	3378	1116	3195
3583	1023	3327	3627	1123	3195
3839	1023	3327	3876	1130	3195
4095	1023	3327	4095	1128	3170
0	1279	3327	774	1317	3196
255	1279	3327	842	1317	3196
511	1279	3327	950	1318	3196
767	1279	3327	1101	1319	3196
1023	1279	3327	1283	1320	3196
1279	1279	3327	1487	1321	3196
1535	1279	3327	1704	1323	3196
1791	1279	3327	1931	1325	3196
2047	1279	3327	2164	1327	3196
2303	1279	3327	2402	1330	3196
2559	1279	3327	2643	1333	3196
2815	1279	3327	2887	1337	3196
3071	1279	3327	3133	1341	3196
3327	1279	3327	3380	1346	3196
3583	1279	3327	3629	1351	3196
3839	1279	3327	3878	1356	3196
4095	1279	3327	4095	1351	3170
0	1535	3327	790	1559	3197
255	1535	3327	856	1559	3197
511	1535	3327	963	1559	3197
767	1535	3327	1112	1560	3197
1023	1535	3327	1292	1561	3197
1279	1535	3327	1494	1562	3197
1535	1535	3327	1710	1563	3197
1791	1535	3327	1936	1565	3197
2047	1535	3327	2169	1567	3197
2303	1535	3327	2406	1569	3197
2559	1535	3327	2647	1572	3197
2815	1535	3327	2890	1575	3197
3071	1535	3327	3136	1578	3197
3327	1535	3327	3383	1582	3197
3583	1535	3327	3631	1586	3197
3839	1535	3327	3880	1591	3197
4095	1535	3327	4095	1582	3170
0	1791	3327	809	1803	3199
255	1791	3327	874	1804	3199
511	1791	3327	978	1804	3199
767	1791	3327	1125	1804	3199
1023	1791	3327	1303	1805	3199
1279	1791	3327	1503	1806	3199
1535	1791	3327	1718	1807	3199
1791	1791	3327	1943	1808	3199
2047	1791	3327	2174	1810	3199
2303	1791	3327	2411	1812	3199
2559	1791	3327	2651	1814	3199
2815	1791	3327	2894	1817	3199
3071	1791	3327	3139	1820	3199
3327	1791	3327	3386	1823	3199
3583	1791	3327	3634	1826	3199
3839	1791	3327	3883	1830	3199
4095	1791	3327	4095	1818	3170
0	2047	3327	831	2050	3201
255	2047	3327	894	2050	3201
511	2047	3327	996	2050	3201
767	2047	3327	1140	2051	3201
1023	2047	3327	1316	2051	3201
1279	2047	3327	1514	2052	3201
1535	2047	3327	1727	2053	3201
1791	2047	3327	1951	2054	3201
2047	2047	3327	2181	2056	3201
2303	2047	3327	2417	2057	3201
2559	2047	3327	2657	2059	3201
2815	2047	3327	2899	2061	3201
3071	2047	3327	3144	2064	3201
3327	2047	3327	3390	2067	3201
3583	2047	3327	3637	2070	3201
3839	2047	3327	3886	2073	3201
4095	2047	3327	4095	2056	3170
0	2303	3327	856	2298	3204
255	2303	3327	917	2298	3204
511	2303	3327	1016	2298	3204
767	2303	3327	1157	2299	3204
1023	2303	3327	1331	2299	3204
1279	2303	3327	1526	2300	3204
1535	2303	3327	1738	2301	3204
1791	2303	3327	1960	2302	3204
2047	2303	3327	2189	2303	3204
2303	2303	3327	2424	2305	3204
2559	2303	3327	2663	2306	3204
2815	2303	3327	2905	2308	3204
3071	2303	3327	3149	2310	3203
3327	2303	3327	3394	2312	3203
3583	2303	3327	3642	2315	3203
3839	2303	3327	3890	2318	3203
4095	2303	3327	4095	2296	3169
0	2559	3327	884	2547	3206
255	2559	3327	943	2547	3206
511	2559	3327	1039	2547	3206
767	2559	3327	1177	2548	3206
1023	2559	3327	1347	2548	3206
1279	2559	3327	1541	2549	3206
1535	2559	3327	1750	2550	3206
1791	2559	3327	1970	2550	3206
2047	2559	3327	2198	2551	3206
2303	2559	3327	2432	2553	3206
2559	2559	3327	2670	2554	3206
2815	2559	3327	2911	2556	3206
3071	2559	3327	3154	2558	3206
3327	2559	3327	3400	2560	3206
3583	2559	3327	3646	2562	3206
3839	2559	3327	3894	2565	3206
4095	2559	3327	4095	2538	3169
0	2815	3327	914	2797	3209
255	2815	3327	971	2797	3209
511	2815	3327	1064	2797	3209
767	2815	3327	1199	2797	3209
1023	2815	3327	1366	2798	3209
1279	2815	3327	1557	2798	3209
1535	2815	3327	1764	2799	3209
1791	2815	3327	1982	2800	3209
2047	2815	3327	2209	2801	3209
2303	2815	3327	2441	2802	3209
2559	2815	3327	2678	2803	3209
2815	2815	3327	2918	2805	3209
3071	2815	3327	3161	2806	3209
3327	2815	3327	3406	2808	3209
3583	2815	3327	3652	2810	3209
3839	2815	3327	3899	2812	3209
4095	2815	3327	4095	2779	3169
0	3071	3327	947	3047	3213
255	3071	3327	1002	3047	3213
511	3071	3327	1092	3047	3213
767	3071	3327	1223	3048	3213
1023	3071	3327	1387	3048	3213
1279	3071	3327	1575	3048	3213
1535	3071	3327	1779	3049	3213
1791	3071	3327	1995	3050	3213
2047	3071	3327	2220	3051	3213
2303	3071	3327	2451	3052	3213
2559	3071	3327	2687	3053	3213
2815	3071	3327	2926	3054	3213
3071	3071	3327	3168	3055	3213
3327	3071	3327	3412	3057	3213
3583	3071	3327	3658	3059	3213
3839	3071	3327	3905	3061	3213
4095	3071	3327	4095	3021	3168
0	3327	3327	982	3298	3217
255	3327	3327	1035	3298	3217
511	3327	3327	1122	3298	3217
767	3327	3327	1250	3298	3217
1023	3327	3327	1410	3299	3217
1279	3327	3327	1594	3299	3217
1535	3327	3327	1796	3299	3217
1791	3327	3327	2010	3300	3217
2047	3327	3327	2233	3301	3217
2303	3327	3327	2463	3302	3217
2559	3327	3327	2697	3303	3217
2815	3327	3327	2935	3304	3217
3071	3327	3327	3176	3305	3217
3327	3327	3327	3419	3307	3217
3583	3327	3327	3664	3308	3217
3839	3327	3327	3911	3310	3217
4095	3327	3327	4095	3262	3168
0	3583	3327	1019	3549	3221
255	3583	3327	1070	3549	3221
511	3583	3327	1154	3549	3221
767	3583	3327	1278	3549	3221
1023	3583	3327	1434	3549	3221
1279	3583	3327	1615	3550	3221
1535	3583	3327	1814	3550	3221
1791	3583	3327	2026	3551	3221
2047	3583	3327	2247	3552	3221
2303	3583	3327	2475	3552	3221
2559	3583	3327	2708	3553	3221
2815	3583	3327	2945	3554	3221
3071	3583	3327	3185	3556	3221
3327	3583	3327	3428	3557	3221
3583	3583	3327	3672	3558	3221
3839	3583	3327	3918	3560	3221
4095	3583	3327	4095	3502	3167
0	3839	3327	1059	3800	3226
255	3839	3327	1107	3800	3226
511	3839	3327	1188	3800	3226
767	3839	3327	1309	3800	3226
1023	3839	3327	1461	3801	3226
1279	3839	3327	1638	3801	3226
1535	3839	3327	1834	3801	3226
1791	3839	3327	2043	3802	3226
2047	3839	3327	2262	3803	3226
2303	3839	3327	2489	3803	3226
2559	3839	3327	2720	3804	3226
2815	3839	3327	2956	3805	3226
3071	3839	3327	3195	3806	3226
3327	3839	3327	3436	3807	3226
3583	3839	3327	3680	3809	3226
3839	3839	3327	3925	3810	3226
4095	3839	3327	4095	3742	3167
0	4095	3327	1100	4051	3231
255	4095	3327	1146	4051	3231
511	4095	3327	1224	4052	3231
767	4095	3327	1341	4052	3231
1023	4095	3327	1489	4052	3231
1279	4095	3327	1663	4052	3231
1535	4095	3327	1856	4053	3231
1791	4095	3327	2062	4053	3231
2047	4095	3327	2279	4054	3231
2303	4095	3327	2503	4054	3231
2559	4095	3327	2733	4055	3231
2815	4095	3327	2968	4056	3231
3071	4095	3327	3206	4057	3231
3327	4095	3327	3446	4058	3231
3583	4095	3327	3689	4059	3231
3839	4095	3327	3933	4061	3231
4095	4095	3327	4095	3981	3166
0	0	3583	808	376	3439
255	0	3583	873	377	3439
511	0	3583	977	378	3439
767	0	3583	1124	381	3439
1023	0	3583	1303	384	3439
1279	0	3583	1503	389	3439
1535	0	3583	1718	395	3439
1791	0	3583	1942	403	3439
2047	0	3583	2174	411	3439
2303	0	3583	2411	421	3439
2559	0	3583	2651	432	3439
2815	0	3583	2894	444	3439
3071	0	3583	3139	458	3439
3327	0	3583	3386	472	3439
3583	0	3583	3634	488	3439
3839	0	3583	3883	504	3439
4095	0	3583	4095	517	3408
0	255	3583	810	499	3439
255	255	3583	875	500	3439
511	255	3583	979	501	3439
767	255	3583	1126	503	3439
1023	255	3583	1304	506	3439
1279	255	3583	1504	510	3439
1535	255	3583	1718	514	3439
1791	255	3583	1943	520	3439
2047	255	3583	2175	527	3439
2303	255	3583	2411	534	3439
2559	255	3583	2652	543	3439
2815	255	3583	2895	553	3439
3071	255	3583	3140	564	3439
3327	255	3583	3386	576	3439
3583	255	3583	3634	589	3439
3839	255	3583	3883	603	3439
4095	255	3583	4095	612	3408
0	511	3583	814	666	3440
255	511	3583	879	667	3440
511	511	3583	982	668	3440
767	511	3583	1128	669	3440
1023	511	3583	1306	671	3440
1279	511	3583	1506	674	3440
1535	511	3583	1720	678	3440
1791	511	3583	1945	682	3440
2047	511	3583	2176	687	3440
2303	511	3583	2412	693	3440
2559	511	3583	2653	700	3440
2815	511	3583	2896	707	3440
3071	511	3583	3140	716	3440
3327	511	3583	3387	725	3440
3583	511	3583	3635	735	3440
3839	511	3583	3884	746	3440
4095	511	3583	4095	751	3408
0	767	3583	820	870	3440
255	767	3583	884	871	3440
511	767	3583	987	872	3440
767	767	3583	1133	873	3440
1023	767	3583	1310	874	3440
1279	767	3583	1509	876	3440
1535	767	3583	1723	879	3440
1791	767	3583	1947	882	3440
2047	767	3583	2178	886	3440
2303	767	3583	2414	891	3440
2559	767	3583	2654	896	3440
2815	767	3583	2897	902	3440
3071	767	3583	3142	908	3440
3327	767	3583	3388	915	3440
3583	767	3583	3636	923	3440
3839	767	3583	3885	932	3440
4095	767	3583	4095	932	3408
0	1023	3583	829	1094	3441
255	1023	3583	892	1094	3441
511	1023	3583	994	1095	3441
767	1023	3583	1139	1095	3441
1023	1023	3583	1315	1097	3441
1279	1023	3583	1513	1098	3441
1535	1023	3583	1726	1100	3441
1791	1023	3583	1950	1103	3441
2047	1023	3583	2181	1106	3441
2303	1023	3583	2417	1109	3441
2559	1023	3583	2656	1113	3441
2815	1023	3583	2899	1118	3441
3071	1023	3583	3143	1123	3441
3327	1023	3583	3390	1129	3441
3583	1023	3583	3637	1135	3441
3839	1023	3583	3886	1142	3441
4095	1023	3583	4095	1138	3407
0	1279	3583	841	1327	3442
255	1279	3583	903	1328	3442
511	1279	3583	1004	1328	3442
767	1279	3583	1147	1329	3442
1023	1279	3583	1322	1330	3442
1279	1279	3583	1519	1331	3442
1535	1279	3583	1731	1333	3442
1791	1279	3583	1954	1335	3442
2047	1279	3583	2184	1337	3442
2303	1279	3583	2420	1340	3442
2559	1279	3583	2659	1343	3442
2815	1279	3583	2901	1347	3442
3071	1279	3583	3146	1351	3442
3327	1279	3583	3392	1356	3442
3583	1279	3583	3639	1361	3442
3839	1279	3583	3888	1366	3442
4095	1279	3583	4095	1358	3407
0	1535	3583	855	1567	3443
255	1535	3583	916	1567	3443
511	1535	3583	1015	1568	3443
767	1535	3583	1157	1568	3443
1023	1535	3583	1330	1569	3443
1279	1535	3583	1526	1570	3443
1535	1535	3583	1737	1571	3443
1791	1535	3583	1959	1573	3443
2047	1535	3583	2189	1575	3443
2303	1535	3583	2424	1577	3443
2559	1535	3583	2663	1580	3443
2815	1535	3583	2905	1583	3443
3071	1535	3583	3149	1586	3443
3327	1535	3583	3394	1590	3443
3583	1535	3583	3641	1594	3443
3839	1535	3583	3890	1599	3443
4095	1535	3583	4095	1587	3407
0	1791	3583	872	1810	3445
255	1791	3583	932	1811	3445
511	1791	3583	1030	1811	3445
767	1791	3583	1169	1811	3445
1023	1791	3583	1341	1812	3445
1279	1791	3583	1535	1813	3445
1535	1791	3583	1745	1814	3445
1791	1791	3583	1966	1815	3445
2047	1791	3583	2195	1817	3445
2303	1791	3583	2429	1819	3445
2559	1791	3583	2667	1821	3445
2815	1791	3583	2908	1824	3445
3071	1791	3583	3152	1827	3445
3327	1791	3583	3398	1830	3445
3583	1791	3583	3644	1833	3445
3839	1791	3583	3892	1837	3445
4095	1791	3583	4095	1821	3406
0	2047	3583	893	2056	3447
255	2047	3583	951	2056	3447
511	2047	3583	1047	2056	3447
767	2047	3583	1184	2057	3447
1023	2047	3583	1353	2057	3447
1279	2047	3583	1545	2058	3447
1535	2047	3583	1754	2059	3447
1791	2047	3583	1974	2060	3447
2047	2047	3583	2201	2062	3447
2303	2047	3583	2435	2063	3447
2559	2047	3583	2672	2065	3447
2815	2047	3583	2913	2067	3447
3071	2047	3583	3156	2070	3447
3327	2047	3583	3401	2073	3447
3583	2047	3583	3648	2076	3447
3839	2047	3583	3896	2079	3447
4095	2047	3583	4095	2058	3406
0	2303	3583	916	2303	3449
255	2303	3583	973	2303	3449
511	2303	3583	1066	2304	3449
767	2303	3583	1200	2304	3449
1023	2303	3583	1367	2304	3449
1279	2303	3583	1558	2305	3449
1535	2303	3583	1764	2306	3449
1791	2303	3583	1983	2307	3449
2047	2303	3583	2209	2308	3449
2303	2303	3583	2442	2310	3449
2559	2303	3583	2679	2311	3449
2815	2303	3583	2919	2313	3449
3071	2303	3583	3161	2315	3449
3327	2303	3583	3406	2318	3449
3583	2303	3583	3652	2320	3449
3839	2303	3583	3899	2323	3449
4095	2303	3583	4095	2297	3405
0	2559	3583	941	2552	3451
255	2559	3583	997	2552	3451
511	2559	3583	1088	2552	3451
767	2559	3583	1219	2552	3451
1023	2559	3583	1384	2553	3451
1279	2559	3583	1572	2553	3451
1535	2559	3583	1776	2554	3451
1791	2559	3583	1993	2555	3451
2047	2559	3583	2218	2556	3451
2303	2559	3583	2450	2557	3451
2559	2559	3583	2686	2559	3451
2815	2559	3583	2925	2560	3451
3071	2559	3583	3167	2562	3451
3327	2559	3583	3411	2564	3451
3583	2559	3583	3657	2567	3451
3839	2559	3583	3904	2569	3451
4095	2559	3583	4095	2537	3404
0	2815	3583	970	2801	3454
255	2815	3583	1023	2801	3454
511	2815	3583	1112	2801	3454
767	2815	3583	1241	2801	3454
1023	2815	3583	1402	2802	3454
1279	2815	3583	1587	2802	3454
1535	2815	3583	1790	2803	3454
1791	2815	3583	2005	2804	3454
2047	2815	3583	2228	2805	3454
2303	2815	3583	2459	2806	3454
2559	2815	3583	2694	2807	3454
2815	2815	3583	2932	2809	3454
3071	2815	3583	3173	2810	3454
3327	2815	3583	3417	2812	3454
3583	2815	3583	3662	2814	3454
3839	2815	3583	3909	2816	3454
4095	2815	3583	4095	2777	3403
0	3071	3583	1001	3051	3458
255	3071	3583	1052	3051	3458
511	3071	3583	1138	3051	3457
767	3071	3583	1264	3051	3457
1023	3071	3583	1422	3052	3457
1279	3071	3583	1605	3052	3457
1535	3071	3583	1805	3053	3457
1791	3071	3583	2018	3053	3457
2047	3071	3583	2240	3054	3457
2303	3071	3583	2469	3055	3457
2559	3071	3583	2703	3056	3457
2815	3071	3583	2940	3058	3457
3071	3071	3583	3181	3059	3457
3327	3071	3583	3423	3061	3457
3583	3071	3583	3668	3063	3457
3839	3071	3583	3914	3064	3457
4095	3071	3583	4095	3018	3402
0	3327	3583	1034	3301	3461
255	3327	3583	1084	3301	3461
511	3327	3583	1167	3301	3461
767	3327	3583	1289	3301	3461
1023	3327	3583	1444	3302	3461
1279	3327	3583	1624	3302	3461
1535	3327	3583	1821	3303	3461
1791	3327	3583	2032	3303	3461
2047	3327	3583	2253	3304	3461
2303	3327	3583	2480	3305	3461
2559	3327	3583	2712	3306	3461
2815	3327	3583	2949	3307	3461
3071	3327	3583	3189	3309	3461
3327	3327	3583	3431	3310	3461
3583	3327	3583	3675	3312	3461
3839	3327	3583	3920	3313	3461
4095	3327	3583	4095	3258	3401
0	3583	3583	1069	3552	3465
255	3583	3583	1117	3552	3465
511	3583	3583	1198	3552	3465
767	3583	3583	1317	3552	3465
1023	3583	3583	1468	3552	3465
1279	3583	3583	1645	3553	3465
1535	3583	3583	1840	3553	3465
1791	3583	3583	2048	3554	3465
2047	3583	3583	2266	3554	3465
2303	3583	3583	2492	3555	3465
2559	3583	3583	2723	3556	3465
2815	3583	3583	2959	3557	3465
3071	3583	3583	3198	3559	3465
3327	3583	3583	3439	3560	3465
3583	3583	3583	3682	3561	3465
3839	3583	3583	3927	3563	3465
4095	3583	3583	4095	3498	3400
0	3839	3583	1106	3803	3469
255	3839	3583	1152	3803	3469
511	3839	3583	1230	3803	3469
767	3839	3583	1346	3803	3469
1023	3839	3583	1494	3803	3469
1279	3839	3583	1667	3804	3469
1535	3839	3583	1859	3804	3469
1791	3839	3583	2065	3805	3469
2047	3839	3583	2282	3805	3469
2303	3839	3583	2506	3806	3469
2559	3839	3583	2735	3807	3469
2815	3839	3583	2970	3808	3469
3071	3839	3583	3207	3809	3469
3327	3839	3583	3448	3810	3469
3583	3839	3583	3690	3811	3469
3839	3839	3583	3934	3813	3469
4095	3839	3583	4095	3737	3398
0	4095	3583	1145	4054	3474
255	4095	3583	1190	4054	3474
511	4095	3583	1265	4054	3474
767	4095	3583	1377	4054	3474
1023	4095	3583	1522	4054	3474
1279	4095	3583	1691	4055	3474
1535	4095	3583	1880	4055	3474
1791	4095	3583	2084	4056	3474
2047	4095	3583	2298	4056	3474
2303	4095	3583	2520	4057	3474
2559	4095	3583	2748	4058	3474
2815	4095	3583	2981	4059	3474
3071	4095	3583	3218	4060	3474
3327	4095	3583	3457	4061	3474
3583	4095	3583	3699	4062	3474
3839	4095	3583	3943	4063	3474
4095	4095	3583	4095	3975	3397
0	0	3839	878	416	3686
255	0	3839	937	417	3686
511	0	3839	1034	418	3686
767	0	3839	1173	421	3686
1023	0	3839	1344	424	3686
1279	0	3839	1538	428	3686
1535	0	3839	1747	434	3686
1791	0	3839	1968	441	3686
2047	0	3839	2196	449	3686
2303	0	3839	2430	458	3686
2559	0	3839	2669	468	3686
2815	0	3839	2910	479	3686
3071	0	3839	3153	492	3686
3327	0	3839	3399	505	3686
3583	0	3839	3645	520	3686
3839	0	3839	3893	536	3686
4095	0	3839	4095	546	3644
0	255	3839	880	531	3686
255	255	3839	939	531	3686
511	255	3839	1036	533	3686
767	255	3839	1174	534	3686
1023	255	3839	1345	537	3686
1279	255	3839	1539	541	3686
1535	255	3839	1748	545	3686
1791	255	3839	1969	550	3686
2047	255	3839	2197	557	3686
2303	255	3839	2431	564	3686
2559	255	3839	2669	573	3686
2815	255	3839	2910	582	3686
3071	255	3839	3154	592	3686
3327	255	3839	3399	604	3686
3583	255	3839	3646	616	3686
3839	255	3839	3894	629	3686
4095	255	3839	4095	636	3643
0	511	3839	883	690	3686
255	511	3839	942	691	3686
511	511	3839	1039	692	3686
767	511	3839	1177	693	3686
1023	511	3839	1347	695	3686
1279	511	3839	1541	698	3686
1535	511	3839	1750	701	3686
1791	511	3839	1970	705	3686
2047	511	3839	2198	710	3686
2303	511	3839	2432	716	3686
2559	511	3839	2670	723	3686
2815	511	3839	2911	730	3686
3071	511	3839	3154	738	3686
3327	511	3839	3400	747	3686
3583	511	3839	3646	757	3686
3839	511	3839	3894	768	3686
4095	511	3839	4095	770	3643
0	767	3839	889	889	3687
255	767	3839	948	889	3687
511	767	3839	1043	890	3687
767	767	3839	1181	891	3687
1023	767	3839	1351	892	3687
1279	767	3839	1543	894	3687
1535	767	3839	1752	897	3687
1791	767	3839	1972	900	3687
2047	767	3839	2200	904	3687
2303	767	3839	2434	908	3687
2559	767	3839	2671	913	3687
2815	767	3839	2912	919	3687
3071	767	3839	3156	925	3687
3327	767	3839	3401	932	3686
3583	767	3839	3647	940	3686
3839	767	3839	3895	949	3686
4095	767	3839	4095	947	3643
0	1023	3839	897	1108	3687
255	1023	3839	955	1108	3687
511	1023	3839	1050	1109	3687
767	1023	3839	1187	1109	3687
1023	1023	3839	1356	1111	3687
1279	1023	3839	1548	1112	3687
1535	1023	3839	1756	1114	3687
1791	1023	3839	1975	1117	3687
2047	1023	3839	2203	1120	3687
2303	1023	3839	2436	1123	3687
2559	1023	3839	2674	1127	3687
2815	1023	3839	2914	1132	3687
3071	1023	3839	3157	1137	3687
3327	1023	3839	3402	1142	3687
3583	1023	3839	3649	1148	3687
3839	1023	3839	3896	1155	3687
4095	1023	3839	4095	1148	3643
0	1279	3839	908	1339	3688
255	1279	3839	965	1339	3688
511	1279	3839	1059	1339	3688
767	1279	3839	1195	1340	3688
1023	1279	3839	1362	1341	3688
1279	1279	3839	1553	1342	3688
1535	1279	3839	1761	1344	3688
1791	1279	3839	1980	1346	3688
2047	1279	3839	2206	1348	3688
2303	1279	3839	2439	1351	3688
2559	1279	3839	2676	1354	3688
2815	1279	3839	2917	1358	3688
3071	1279	3839	3160	1362	3688
3327	1279	3839	3404	1366	3688
3583	1279	3839	3651	1371	3688
3839	1279	3839	3898	1377	3688
4095	1279	3839	4095	1366	3642
0	1535	3839	921	1576	3689
255	1535	3839	977	1576	3689
511	1535	3839	1070	1577	3689
767	1535	3839	1204	1577	3689
1023	1535	3839	1371	1578	3689
1279	1535	3839	1560	1579	3689
1535	1535	3839	1767	1581	3689
1791	1535	3839	1985	1582	3689
2047	1535	3839	2211	1584	3689
2303	1535	3839	2443	1586	3689
2559	1535	3839	2680	1589	3689
2815	1535	3839	2920	1592	3689
3071	1535	3839	3162	1595	3689
3327	1535	3839	3407	1599	3689
3583	1535	3839	3653	1603	3689
3839	1535	3839	3900	1608	3689
4095	1535	3839	4095	1592	3642
0	1791	3839	937	1818	3691
255	1791	3839	992	1818	3691
511	1791	3839	1084	1818	3691
767	1791	3839	1216	1819	3691
1023	1791	3839	1381	1820	3691
1279	1791	3839	1569	1821	3691
1535	1791	3839	1774	1822	3691
1791	1791	3839	1991	1823	3691
2047	1791	3839	2217	1825	3691
2303	1791	3839	2448	1827	3691
2559	1791	3839	2684	1829	3691
2815	1791	3839	2924	1831	3691
3071	1791	3839	3166	1834	3691
3327	1791	3839	3410	1837	3691
3583	1791	3839	3656	1841	3691
3839	1791	3839	3903	1845	3691
4095	1791	3839	4095	1824	3641
0	2047	3839	955	2063	3692
255	2047	3839	1010	2063	3692
511	2047	3839	1099	2063	3692
767	2047	3839	1230	2063	3692
1023	2047	3839	1393	2064	3692
1279	2047	3839	1579	2065	3692
1535	2047	3839	1783	2066	3692
1791	2047	3839	1999	2067	3692
2047	2047	3839	2223	2068	3692
2303	2047	3839	2454	2070	3692
2559	2047	3839	2690	2072	3692
2815	2047	3839	2928	2074	3692
3071	2047	3839	3170	2076	3692
3327	2047	3839	3414	2079	3692
3583	2047	3839	3659	2082	3692
3839	2047	3839	3906	2085	3692
4095	2047	3839	4095	2059	3640
0	2303	3839	977	2309	3694
255	2303	3839	1030	2309	3694
511	2303	3839	1118	2309	3694
767	2303	3839	1246	2310	3694
1023	2303	3839	1406	2310	3694
1279	2303	3839	1591	2311	3694
1535	2303	3839	1793	2312	3694
1791	2303	3839	2008	2313	3694
2047	2303	3839	2231	2314	3694
2303	2303	3839	2461	2315	3694
2559	2303	3839	2696	2317	3694
2815	2303	3839	2934	2319	3694
3071	2303	3839	3175	2321	3694
3327	2303	3839	3418	2323	3694
3583	2303	3839	3663	2326	3694
3839	2303	3839	3910	2329	3694
4095	2303	3839	4095	2297	3639
0	2559	3839	1001	2557	3697
255	2559	3839	1052	2557	3697
511	2559	3839	1138	2557	3697
767	2559	3839	1264	2557	3697
1023	2559	3839	1422	2558	3697
1279	2559	3839	1605	2558	3697
1535	2559	3839	1805	2559	3697
1791	2559	3839	2018	2560	3697
2047	2559	3839	2240	2561	3697
2303	2559	3839	2469	2562	3697
2559	2559	3839	2703	2564	3697
2815	2559	3839	2940	2565	3697
3071	2559	3839	3181	2567	3697
3327	2559	3839	3424	2569	3697
3583	2559	3839	3668	2571	3697
3839	2559	3839	3914	2574	3697
4095	2559	3839	4095	2536	3638
0	2815	3839	1027	2805	3699
255	2815	3839	1077	2805	3699
511	2815	3839	1161	2806	3699
767	2815	3839	1284	2806	3699
1023	2815	3839	1440	2806	3699
1279	2815	3839	1620	2807	3699
1535	2815	3839	1818	2807	3699
1791	2815	3839	2029	2808	3699
2047	2815	3839	2250	2809	3699
2303	2815	3839	2478	2810	3699
2559	2815	3839	2711	2812	3699
2815	2815	3839	2947	2813	3699
3071	2815	3839	3187	2815	3699
3327	2815	3839	3429	2816	3699
3583	2815	3839	3673	2818	3699
3839	2815	3839	3919	2821	3699
4095	2815	3839	4095	2775	3636
0	3071	3839	1056	3055	3702
255	3071	3839	1105	3055	3702
511	3071	3839	1186	3055	3702
767	3071	3839	1307	3055	3702
1023	3071	3839	1459	3055	3702
1279	3071	3839	1637	3056	3702
1535	3071	3839	1833	3057	3702
1791	3071	3839	2042	3057	3702
2047	3071	3839	2261	3058	3702
2303	3071	3839	2488	3059	3702
2559	3071	3839	2719	3060	3702
2815	3071	3839	2955	3062	3702
3071	3071	3839	3194	3063	3702
3327	3071	3839	3436	3065	3702
3583	3071	3839	3679	3066	3702
3839	3071	3839	3925	3068	3702
4095	3071	3839	4095	3015	3635
0	3327	3839	1087	3305	3706
255	3327	3839	1134	3305	3706
511	3327	3839	1214	3305	3706
767	3327	3839	1331	3305	3706
1023	3327	3839	1481	3305	3706
1279	3327	3839	1656	3306	3706
1535	3327	3839	1849	3306	3706
1791	3327	3839	2056	3307	3705
2047	3327	3839	2274	3308	3705
2303	3327	3839	2499	3309	3705
2559	3327	3839	2729	3310	3705
2815	3327	3839	2964	3311	3705
3071	3327	3839	3202	3312	3705
3327	3327	3839	3443	3314	3705
3583	3327	3839	3686	3315	3705
3839	3327	3839	3931	3317	3705
4095	3327	3839	4095	3254	3633
0	3583	3839	1121	3555	3709
255	3583	3839	1166	3555	3709
511	3583	3839	1243	3555	3709
767	3583	3839	1357	3555	3709
1023	3583	3839	1504	3556	3709
1279	3583	3839	1676	3556	3709
1535	3583	3839	1867	3556	3709
1791	3583	3839	2072	3557	3709
2047	3583	3839	2288	3558	3709
2303	3583	3839	2511	3559	3709
2559	3583	3839	2740	3559	3709
2815	3583	3839	2974	3561	3709
3071	3583	3839	3211	3562	3709
3327	3583	3839	3451	3563	3709
3583	3583	3839	3693	3565	3709
3839	3583	3839	3937	3566	3709
4095	3583	3839	4095	3493	3631
0	3839	3839	1156	3806	3713
255	3839	3839	1200	3806	3713
511	3839	3839	1274	3806	3713
767	3839	3839	1386	3806	3713
1023	3839	3839	1529	3806	3713
1279	3839	3839	1698	3807	3713
1535	3839	3839	1886	3807	3713
1791	3839	3839	2089	3808	3713
2047	3839	3839	2302	3808	3713
2303	3839	3839	2524	3809	3713
2559	3839	3839	2752	3810	3713
2815	3839	3839	2985	3811	3713
3071	3839	3839	3221	3812	3713
3327	3839	3839	3460	3813	3713
3583	3839	3839	3701	3814	3713
3839	3839	3839	3945	3816	3713
4095	3839	3839	4095	3731	3629
0	4095	3839	1193	4057	3717
255	4095	3839	1236	4057	3717
511	4095	3839	1308	4057	3717
767	4095	3839	1416	4057	3717
1023	4095	3839	1556	4057	3717
1279	4095	3839	1722	4057	3717
1535	4095	3839	1907	4058	3717
1791	4095	3839	2107	4058	3717
2047	4095	3839	2319	4059	3717
2303	4095	3839	2539	4060	3717
2559	4095	3839	2765	4060	3717
2815	4095	3839	2996	4061	3717
3071	4095	3839	3231	4062	3717
3327	4095	3839	3470	4063	3717
3583	4095	3839	3710	4065	3717
3839	4095	3839	3953	4066	3717
4095	4095	3839	4095	3969	3627
0	0	4095	947	457	3932
255	0	4095	1002	457	3932
511	0	4095	1093	459	3932
767	0	4095	1224	461	3932
1023	0	4095	1387	464	3932
1279	0	4095	1575	468	3932
1535	0	4095	1779	473	3932
1791	0	4095	1995	479	3932
2047	0	4095	2220	486	3932
2303	0	4095	2451	495	3932
2559	0	4095	2687	504	3932
2815	0	4095	2926	515	3932
3071	0	4095	3168	527	3932
3327	0	4095	3412	539	3932
3583	0	4095	3658	553	3932
3839	0	4095	3905	568	3932
4095	0	4095	4095	575	3877
0	255	4095	949	563	3932
255	255	4095	1004	564	3932
511	255	4095	1094	565	3932
767	255	4095	1225	567	3932
1023	255	4095	1389	569	3932
1279	255	4095	1576	573	3932
1535	255	4095	1780	577	3932
1791	255	4095	1996	582	3932
2047	255	4095	2221	588	3932
2303	255	4095	2452	595	3932
2559	255	4095	2688	603	3932
2815	255	4095	2927	612	3932
3071	255	4095	3169	622	3932
3327	255	4095	3413	632	3932
3583	255	4095	3658	644	3932
3839	255	4095	3905	657	3932
4095	255	4095	4095	661	3877
0	511	4095	952	715	3932
255	511	4095	1007	716	3932
511	511	4095	1097	717	3932
767	511	4095	1228	718	3932
1023	511	4095	1391	720	3932
1279	511	4095	1578	723	3932
1535	511	4095	1782	726	3932
1791	511	4095	1998	730	3932
2047	511	4095	2222	735	3932
2303	511	4095	2453	740	3932
2559	511	4095	2689	747	3932
2815	511	4095	2928	754	3932
3071	511	4095	3169	762	3932
3327	511	4095	3413	770	3932
3583	511	4095	3659	780	3932
3839	511	4095	3906	790	3932
4095	511	4095	4095	790	3877
0	767	4095	957	908	3933
255	767	4095	1012	908	3933
511	767	4095	1101	909	3933
767	767	4095	1231	910	3933
1023	767	4095	1394	911	3933
1279	767	4095	1580	913	3933
1535	767	4095	1784	916	3933
1791	767	4095	2000	919	3933
2047	767	4095	2224	923	3933
2303	767	4095	2455	927	3933
2559	767	4095	2690	932	3933
2815	767	4095	2929	938	3933
3071	767	4095	3171	944	3933
3327	767	4095	3414	951	3933
3583	767	4095	3660	958	3933
3839	767	4095	3906	967	3933
4095	767	4095	4095	962	3877
0	1023	4095	965	1123	3933
255	1023	4095	1019	1123	3933
511	1023	4095	1108	1124	3933
767	1023	4095	1237	1124	3933
1023	1023	4095	1399	1126	3933
1279	1023	4095	1585	1127	3933
1535	1023	4095	1788	1129	3933
1791	1023	4095	2003	1132	3933
2047	1023	4095	2227	1135	3933
2303	1023	4095	2457	1138	3933
2559	1023	4095	2692	1142	3933
2815	1023	4095	2931	1146	3933
3071	1023	4095	3172	1151	3933
3327	1023	4095	3416	1157	3933
3583	1023	4095	3661	1163	3933
3839	1023	4095	3908	1169	3933
4095	1023	4095	4095	1160	3876
0	1279	4095	975	1351	3934
255	1279	4095	1028	1351	3934
511	1279	4095	1116	1351	3934
767	1279	4095	1244	1352	3934
1023	1279	4095	1405	1353	3934
1279	1279	4095	1590	1354	3934
1535	1279	4095	1792	1356	3934
1791	1279	4095	2007	1358	3934
2047	1279	4095	2230	1360	3934
2303	1279	4095	2460	1363	3934
2559	1279	4095	2695	1366	3934
2815	1279	4095	2933	1370	3934
3071	1279	4095	3175	1374	3934
3327	1279	4095	3418	1378	3934
3583	1279	4095	3663	1383	3934
3839	1279	4095	3909	1388	3934
4095	1279	4095	4095	1374	3875
0	1535	4095	987	1586	3935
255	1535	4095	1039	1586	3935
511	1535	4095	1126	1587	3935
767	1535	4095	1253	1587	3935
1023	1535	4095	1413	1588	3935
1279	1535	4095	1597	1589	3935
1535	1535	4095	1798	1590	3935
1791	1535	4095	2012	1592	3935
2047	1535	4095	2235	1594	3935
2303	1535	4095	2464	1596	3935
2559	1535	4095	2699	1599	3935
2815	1535	4095	2937	1602	3935
3071	1535	4095	3177	1605	3935
3327	1535	4095	3421	1609	3935
3583	1535	4095	3665	1613	3935
3839	1535	4095	3912	1617	3935
4095	1535	4095	4095	1597	3875
0	1791	4095	1002	1826	3937
255	1791	4095	1053	1827	3937
511	1791	4095	1139	1827	3937
767	1791	4095	1265	1827	3937
1023	1791	4095	1423	1828	3937
1279	1791	4095	1605	1829	3937
1535	1791	4095	1805	1830	3937
1791	1791	4095	2018	1831	3937
2047	1791	4095	2240	1833	3937
2303	1791	4095	2469	1835	3937
2559	1791	4095	2703	1837	3937
2815	1791	4095	2940	1840	3937
3071	1791	4095	3181	1842	3937
3327	1791	4095	3424	1845	3937
3583	1791	4095	3668	1849	3937
3839	1791	4095	3914	1853	3937
4095	1791	4095	4095	1827	3874
0	2047	4095	1019	2070	3938
255	2047	4095	1070	2070	3938
511	2047	4095	1154	2070	3938
767	2047	4095	1278	2070	3938
1023	2047	4095	1434	2071	3938
1279	2047	4095	1615	2072	3938
1535	2047	4095	1814	2073	3938
1791	2047	4095	2026	2074	3938
2047	2047	4095	2247	2075	3938
2303	2047	4095	2475	2077	3938
2559	2047	4095	2708	2079	3938
2815	2047	4095	2945	2081	3938
3071	2047	4095	3185	2083	3938
3327	2047	4095	3428	2086	3938
3583	2047	4095	3672	2089	3938
3839	2047	4095	3918	2092	3938
4095	2047	4095	4095	2061	3872
0	2303	4095	1039	2315	3940
255	2303	4095	1088	2315	3940
511	2303	4095	1171	2315	3940
767	2303	4095	1293	2316	3940
1023	2303	4095	1448	2316	3940
1279	2303	4095	1627	2317	3940
1535	2303	4095	1824	2318	3940
1791	2303	4095	2034	2319	3940
2047	2303	4095	2255	2320	3940
2303	2303	4095	2482	2321	3940
2559	2303	4095	2714	2323	3940
2815	2303	4095	2950	2325	3940
3071	2303	4095	3190	2327	3940
3327	2303	4095	3432	2329	3940
3583	2303	4095	3676	2332	3940
3839	2303	4095	3921	2335	3940
4095	2303	4095	4095	2297	3871
0	2559	4095	1061	2562	3942
255	2559	4095	1110	2562	3942
511	2559	4095	1191	2562	3942
767	2559	4095	1311	2563	3942
1023	2559	4095	1463	2563	3942
1279	2559	4095	1640	2564	3942
1535	2559	4095	1836	2564	3942
1791	2559	4095	2045	2565	3942
2047	2559	4095	2263	2566	3942
2303	2559	4095	2489	2568	3942
2559	2559	4095	2721	2569	3942
2815	2559	4095	2957	2571	3942
3071	2559	4095	3196	2573	3942
3327	2559	4095	3437	2575	3942
3583	2559	4095	3681	2577	3942
3839	2559	4095	3926	2579	3942
4095	2559	4095	4095	2534	3869
0	2815	4095	1086	2810	3945
255	2815	4095	1133	2810	3945
511	2815	4095	1213	2810	3945
767	2815	4095	1330	2811	3945
1023	2815	4095	1480	2811	3945
1279	2815	4095	1655	2812	3945
1535	2815	4095	1848	2812	3945
1791	2815	4095	2056	2813	3945
2047	2815	4095	2273	2814	3945
2303	2815	4095	2498	2815	3945
2559	2815	4095	2729	2816	3945
2815	2815	4095	2964	2818	3945
3071	2815	4095	3202	2819	3944
3327	2815	4095	3443	2821	3944
3583	2815	4095	3686	2823	3944
3839	2815	4095	3930	2825	3944
4095	2815	4095	4095	2773	3868
0	3071	4095	1113	3059	3947
255	3071	4095	1159	3059	3947
511	3071	4095	1236	3059	3947
767	3071	4095	1352	3059	3947
1023	3071	4095	1499	3060	3947
1279	3071	4095	1671	3060	3947
1535	3071	4095	1863	3061	3947
1791	3071	4095	2068	3062	3947
2047	3071	4095	2284	3062	3947
2303	3071	4095	2508	3063	3947
2559	3071	4095	2738	3065	3947
2815	3071	4095	2972	3066	3947
3071	3071	4095	3209	3067	3947
3327	3071	4095	3449	3069	3947
3583	3071	4095	3692	3071	3947
3839	3071	4095	3936	3073	3947
4095	3071	4095	4095	3011	3866
0	3327	4095	1143	3308	3950
255	3327	4095	1187	3309	3950
511	3327	4095	1262	3309	3950
767	3327	4095	1375	3309	3950
1023	3327	4095	1520	3309	3950
1279	3327	4095	1690	3310	3950
1535	3327	4095	1879	3310	3950
1791	3327	4095	2082	3311	3950
2047	3327	4095	2297	3312	3950
2303	3327	4095	2519	3312	3950
2559	3327	4095	2747	3313	3950
2815	3327	4095	2981	3315	3950
3071	3327	4095	3217	3316	3950
3327	3327	4095	3457	3317	3950
3583	3327	4095	3698	3319	3950
3839	3327	4095	3942	3321	3950
4095	3327	4095	4095	3250	3863
0	3583	4095	1174	3558	3954
255	3583	4095	1217	3559	3954
511	3583	4095	1291	3559	3954
767	3583	4095	1400	3559	3954
1023	3583	4095	1542	3559	3954
1279	3583	4095	1709	3559	3954
1535	3583	4095	1896	3560	3954
1791	3583	4095	2098	3561	3954
2047	3583	4095	2310	3561	3954
2303	3583	4095	2531	3562	3954
2559	3583	4095	2758	3563	3953
2815	3583	4095	2990	3564	3953
3071	3583	4095	3226	3565	3953
3327	3583	4095	3465	3567	3953
3583	3583	4095	3706	3568	3953
3839	3583	4095	3949	3570	3953
4095	3583	4095	4095	3488	3861
0	3839	4095	1208	3809	3957
255	3839	4095	1249	3809	3957
511	3839	4095	1321	3809	3957
767	3839	4095	1428	3809	3957
1023	3839	4095	1566	3809	3957
1279	3839	4095	1731	3810	3957
1535	3839	4095	1915	3810	3957
1791	3839	4095	2114	3811	3957
2047	3839	4095	2325	3811	3957
2303	3839	4095	2544	3812	3957
2559	3839	4095	2770	3813	3957
2815	3839	4095	3001	3814	3957
3071	3839	4095	3236	3815	3957
3327	3839	4095	3473	3816	3957
3583	3839	4095	3714	3818	3957
3839	3839	4095	3956	3819	3957
4095	3839	4095	4095	3725	3858
0	4095	4095	1243	4059	3961
255	4095	4095	1284	4060	3961
511	4095	4095	1353	4060	3961
767	4095	4095	1457	4060	3961
1023	4095	4095	1593	4060	3961
1279	4095	4095	1754	4060	3961
1535	4095	4095	1935	4061	3961
1791	4095	4095	2132	4061	3961
2047	4095	4095	2341	4062	3961
2303	4095	4095	2559	4063	3961
2559	4095	4095	2783	4063	3961
2815	4095	4095	3012	4064	3961
3071	4095	4095	3246	4065	3961
3327	4095	4095	3483	4066	3961
3583	4095	4095	3722	4068	3961
3839	4095	4095	3964	4069	3961
4095	4095	4095	4095	3962	3855
