0	0	0	0	0	0
255	0	0	242	1	0
511	0	0	491	3	0
767	0	0	740	7	0
1023	0	0	989	12	0
1279	0	0	1238	19	0
1535	0	0	1488	27	0
1791	0	0	1738	39	0
2047	0	0	1987	51	0
2303	0	0	2236	66	0
2559	0	0	2485	83	0
2815	0	0	2735	103	0
3071	0	0	2984	125	0
3327	0	0	3233	149	0
3583	0	0	3483	176	0
3839	0	0	3732	203	0
4095	0	0	3982	231	0
0	255	0	24	249	1
255	255	0	260	250	1
511	255	0	501	251	1
767	255	0	747	254	1
1023	255	0	994	258	1
1279	255	0	1242	262	1
1535	255	0	1490	269	1
1791	255	0	1739	276	1
2047	255	0	1988	285	1
2303	255	0	2237	294	0
2559	255	0	2485	305	0
2815	255	0	2734	318	0
3071	255	0	2984	332	0
3327	255	0	3233	346	0
3583	255	0	3482	361	0
3839	255	0	3732	378	0
4095	255	0	3981	395	0
0	511	0	66	501	4
255	511	0	289	502	4
511	511	0	518	503	4
767	511	0	758	504	4
1023	511	0	1002	506	3
1279	511	0	1249	509	3
1535	511	0	1496	512	3
1791	511	0	1743	517	3
2047	511	0	1991	522	3
2303	511	0	2240	528	3
2559	511	0	2488	534	2
2815	511	0	2737	542	2
3071	511	0	2985	550	2
3327	511	0	3234	559	1
3583	511	0	3483	569	1
3839	511	0	3732	579	0
4095	511	0	3981	591	0
0	767	0	135	754	8
255	767	0	333	754	7
511	767	0	545	755	7
767	767	0	777	756	7
1023	767	0	1016	757	7
1279	767	0	1259	759	7
1535	767	0	1504	761	7
1791	767	0	1750	764	7
2047	767	0	1997	768	7
2303	767	0	2245	771	6
2559	767	0	2493	776	6
2815	767	0	2741	781	6
3071	767	0	2989	787	6
3327	767	0	3237	793	5
3583	767	0	3486	800	5
3839	767	0	3735	807	4
4095	767	0	3983	815	4
0	1023	0	226	1007	13
255	1023	0	388	1007	13
511	1023	0	581	1007	13
767	1023	0	802	1008	13
1023	1023	0	1035	1009	13
1279	1023	0	1274	1010	13
1535	1023	0	1516	1012	13
1791	1023	0	1760	1014	12
2047	1023	0	2006	1017	12
2303	1023	0	2252	1019	12
2559	1023	0	2499	1023	12
2815	1023	0	2746	1026	11
3071	1023	0	2994	1031	11
3327	1023	0	3242	1035	11
3583	1023	0	3490	1040	10
3839	1023	0	3738	1046	10
4095	1023	0	3987	1052	9
0	1279	0	318	1259	20
255	1279	0	452	1259	20
511	1279	0	627	1260	20
767	1279	0	835	1260	20
1023	1279	0	1060	1261	20
1279	1279	0	1294	1262	20
1535	1279	0	1532	1263	20
1791	1279	0	1774	1265	20
2047	1279	0	2017	1267	20
2303	1279	0	2262	1269	19
2559	1279	0	2508	1272	19
2815	1279	0	2754	1275	19
3071	1279	0	3001	1278	18
3327	1279	0	3248	1281	18
3583	1279	0	3496	1285	18
3839	1279	0	3743	1290	17
4095	1279	0	3991	1294	17
0	1535	0	411	1512	30
255	1535	0	523	1512	30
511	1535	0	680	1512	30
767	1535	0	875	1513	30
1023	1535	0	1090	1513	30
1279	1535	0	1318	1514	29
1535	1535	0	1552	1515	29
1791	1535	0	1790	1517	29
2047	1535	0	2031	1518	29
2303	1535	0	2274	1520	29
2559	1535	0	2518	1522	28
2815	1535	0	2764	1524	28
3071	1535	0	3009	1527	28
3327	1535	0	3256	1530	27
3583	1535	0	3503	1533	27
3839	1535	0	3750	1536	26
4095	1535	0	3997	1540	26
0	1791	0	503	1765	41
255	1791	0	599	1765	41
511	1791	0	739	1765	41
767	1791	0	921	1765	41
1023	1791	0	1127	1766	41
1279	1791	0	1347	1766	41
1535	1791	0	1576	1767	41
1791	1791	0	1810	1768	41
2047	1791	0	2049	1770	40
2303	1791	0	2289	1771	40
2559	1791	0	2532	1773	40
2815	1791	0	2775	1775	40
3071	1791	0	3020	1777	39
3327	1791	0	3265	1779	39
3583	1791	0	3511	1782	38
3839	1791	0	3758	1785	38
4095	1791	0	4004	1788	37
0	2047	0	596	2017	55
255	2047	0	678	2017	55
511	2047	0	804	2018	55
767	2047	0	972	2018	55
1023	2047	0	1168	2018	55
1279	2047	0	1381	2019	55
1535	2047	0	1604	2020	54
1791	2047	0	1834	2020	54
2047	2047	0	2069	2022	54
2303	2047	0	2307	2023	54
2559	2047	0	2547	2024	54
2815	2047	0	2789	2026	53
3071	2047	0	3032	2028	53
3327	2047	0	3276	2030	53
3583	2047	0	3521	2032	52
3839	2047	0	3767	2034	52
4095	2047	0	4013	2037	51
0	2303	0	688	2270	71
255	2303	0	760	2270	71
511	2303	0	873	2270	71
767	2303	0	1029	2270	71
1023	2303	0	1215	2271	71
1279	2303	0	1419	2271	71
1535	2303	0	1636	2272	71
1791	2303	0	1861	2273	70
2047	2303	0	2092	2274	70
2303	2303	0	2327	2275	70
2559	2303	0	2565	2276	70
2815	2303	0	2805	2277	69
3071	2303	0	3047	2279	69
3327	2303	0	3290	2281	69
3583	2303	0	3533	2283	68
3839	2303	0	3778	2285	68
4095	2303	0	4023	2287	67
0	2559	0	781	2523	89
255	2559	0	844	2523	89
511	2559	0	947	2523	89
767	2559	0	1091	2523	89
1023	2559	0	1266	2523	89
1279	2559	0	1462	2524	89
1535	2559	0	1672	2524	89
1791	2559	0	1892	2525	89
2047	2559	0	2119	2526	89
2303	2559	0	2351	2527	88
2559	2559	0	2586	2528	88
2815	2559	0	2824	2529	88
3071	2559	0	3063	2530	87
3327	2559	0	3305	2532	87
3583	2559	0	3547	2534	87
3839	2559	0	3790	2536	86
4095	2559	0	4035	2538	86
0	2815	0	873	2775	110
255	2815	0	930	2775	110
511	2815	0	1023	2775	110
767	2815	0	1156	2776	110
1023	2815	0	1321	2776	110
1279	2815	0	1509	2776	110
1535	2815	0	1712	2777	110
1791	2815	0	1927	2777	110
2047	2815	0	2149	2778	110
2303	2815	0	2377	2779	109
2559	2815	0	2609	2780	109
2815	2815	0	2844	2781	109
3071	2815	0	3082	2782	108
3327	2815	0	3321	2784	108
3583	2815	0	3562	2785	108
3839	2815	0	3804	2787	107
4095	2815	0	4048	2788	107
0	3071	0	965	3028	134
255	3071	0	1016	3028	134
511	3071	0	1101	3028	134
767	3071	0	1225	3028	134
1023	3071	0	1380	3028	134
1279	3071	0	1559	3029	134
1535	3071	0	1756	3029	134
1791	3071	0	1964	3030	133
2047	3071	0	2182	3030	133
2303	3071	0	2406	3031	133
2559	3071	0	2635	3032	133
2815	3071	0	2867	3033	132
3071	3071	0	3103	3034	132
3327	3071	0	3340	3035	132
3583	3071	0	3580	3037	131
3839	3071	0	3820	3038	131
4095	3071	0	4062	3040	130
0	3327	0	1058	3280	160
255	3327	0	1104	3281	160
511	3327	0	1181	3281	160
767	3327	0	1296	3281	160
1023	3327	0	1443	3281	160
1279	3327	0	1614	3281	160
1535	3327	0	1803	3282	160
1791	3327	0	2005	3282	160
2047	3327	0	2218	3283	160
2303	3327	0	2438	3283	159
2559	3327	0	2663	3284	159
2815	3327	0	2893	3285	159
3071	3327	0	3126	3286	158
3327	3327	0	3361	3287	158
3583	3327	0	3599	3288	158
3839	3327	0	3838	3290	157
4095	3327	0	4078	3291	157
0	3583	0	1150	3533	188
255	3583	0	1192	3533	188
511	3583	0	1264	3533	188
767	3583	0	1370	3533	188
1023	3583	0	1508	3534	188
1279	3583	0	1671	3534	188
1535	3583	0	1853	3534	188
1791	3583	0	2050	3535	188
2047	3583	0	2257	3535	188
2303	3583	0	2473	3536	187
2559	3583	0	2694	3537	187
2815	3583	0	2921	3537	187
3071	3583	0	3151	3538	187
3327	3583	0	3384	3539	186
3583	3583	0	3620	3540	186
3839	3583	0	3857	3542	185
4095	3583	0	4095	3542	185
0	3839	0	1243	3786	216
255	3839	0	1281	3786	216
511	3839	0	1347	3786	216
767	3839	0	1446	3786	216
1023	3839	0	1576	3786	216
1279	3839	0	1731	3786	216
1535	3839	0	1907	3787	216
1791	3839	0	2097	3787	216
2047	3839	0	2299	3788	215
2303	3839	0	2510	3788	215
2559	3839	0	2728	3789	215
2815	3839	0	2951	3790	215
3071	3839	0	3178	3790	214
3327	3839	0	3409	3791	214
3583	3839	0	3643	3792	214
3839	3839	0	3878	3793	213
4095	3839	0	4095	3776	212
0	4095	0	1335	4038	244
255	4095	0	1371	4038	244
511	4095	0	1432	4039	244
767	4095	0	1524	4039	244
1023	4095	0	1647	4039	244
1279	4095	0	1795	4039	244
1535	4095	0	1963	4039	244
1791	4095	0	2147	4040	243
2047	4095	0	2344	4040	243
2303	4095	0	2550	4041	243
2559	4095	0	2764	4041	243
2815	4095	0	2984	4042	243
3071	4095	0	3208	4043	242
3327	4095	0	3436	4044	242
3583	4095	0	3667	4044	242
3839	4095	0	3901	4045	241
4095	4095	0	4095	4006	239
0	0	255	11	3	240
255	0	255	250	4	240
511	0	255	496	6	240
767	0	255	743	10	240
1023	0	255	992	15	240
1279	0	255	1240	22	240
1535	0	255	1489	30	240
1791	0	255	1738	41	240
2047	0	255	1987	53	239
2303	0	255	2236	68	239
2559	0	255	2485	85	239
2815	0	255	2734	104	239
3071	0	255	2983	126	238
3327	0	255	3232	150	238
3583	0	255	3481	176	238
3839	0	255	3730	203	237
4095	0	255	3979	229	237
0	255	255	35	251	241
255	255	255	268	252	241
511	255	255	506	253	241
767	255	255	750	256	241
1023	255	255	996	260	241
1279	255	255	1244	265	241
1535	255	255	1492	271	241
1791	255	255	1740	278	241
2047	255	255	1989	287	240
2303	255	255	2237	296	240
2559	255	255	2486	307	240
2815	255	255	2735	319	240
3071	255	255	2984	333	239
3327	255	255	3233	347	239
3583	255	255	3482	362	239
3839	255	255	3731	378	238
4095	255	255	3980	395	238
0	511	255	77	503	243
255	511	255	296	503	243
511	511	255	522	504	243
767	511	255	761	505	243
1023	511	255	1005	507	243
1279	511	255	1250	510	243
1535	511	255	1497	514	242
1791	511	255	1744	518	242
2047	511	255	1992	523	242
2303	511	255	2241	529	242
2559	511	255	2489	535	242
2815	511	255	2737	543	242
3071	511	255	2986	551	241
3327	511	255	3235	560	241
3583	511	255	3484	570	241
3839	511	255	3732	580	240
4095	511	255	3981	592	240
0	767	255	146	755	246
255	767	255	339	755	246
511	767	255	549	756	246
767	767	255	779	757	246
1023	767	255	1018	758	246
1279	767	255	1261	760	246
1535	767	255	1505	762	245
1791	767	255	1751	765	245
2047	767	255	1998	768	245
2303	767	255	2246	772	245
2559	767	255	2493	777	245
2815	767	255	2741	782	244
3071	767	255	2990	787	244
3327	767	255	3238	794	244
3583	767	255	3486	800	244
3839	767	255	3735	808	243
4095	767	255	3984	816	243
0	1023	255	234	1007	250
255	1023	255	393	1007	250
511	1023	255	585	1008	250
767	1023	255	805	1009	250
1023	1023	255	1037	1010	250
1279	1023	255	1276	1011	250
1535	1023	255	1518	1013	250
1791	1023	255	1762	1015	249
2047	1023	255	2007	1017	249
2303	1023	255	2253	1020	249
2559	1023	255	2500	1023	249
2815	1023	255	2747	1027	249
3071	1023	255	2995	1031	248
3327	1023	255	3243	1036	248
3583	1023	255	3491	1041	248
3839	1023	255	3739	1046	247
4095	1023	255	3987	1052	247
0	1279	255	325	1260	255
255	1279	255	457	1260	255
511	1279	255	630	1260	255
767	1279	255	838	1261	255
1023	1279	255	1062	1262	255
1279	1279	255	1295	1263	255
1535	1279	255	1533	1264	255
1791	1279	255	1775	1265	255
2047	1279	255	2018	1267	255
2303	1279	255	2263	1270	255
2559	1279	255	2508	1272	254
2815	1279	255	2755	1275	254
3071	1279	255	3001	1278	254
3327	1279	255	3249	1282	254
3583	1279	255	3496	1286	253
3839	1279	255	3744	1290	253
4095	1279	255	3992	1295	253
0	1535	255	416	1512	262
255	1535	255	527	1512	262
511	1535	255	683	1513	262
767	1535	255	877	1513	262
1023	1535	255	1092	1514	262
1279	1535	255	1319	1515	262
1535	1535	255	1553	1516	262
1791	1535	255	1791	1517	262
2047	1535	255	2032	1518	262
2303	1535	255	2275	1520	261
2559	1535	255	2519	1522	261
2815	1535	255	2764	1525	261
3071	1535	255	3010	1527	261
3327	1535	255	3256	1530	260
3583	1535	255	3503	1533	260
3839	1535	255	3750	1537	260
4095	1535	255	3998	1541	259
0	1791	255	508	1765	270
255	1791	255	603	1765	270
511	1791	255	742	1765	270
767	1791	255	923	1766	270
1023	1791	255	1129	1766	270
1279	1791	255	1348	1767	270
1535	1791	255	1577	1768	270
1791	1791	255	1812	1769	270
2047	1791	255	2049	1770	270
2303	1791	255	2290	1771	270
2559	1791	255	2532	1773	269
2815	1791	255	2776	1775	269
3071	1791	255	3020	1777	269
3327	1791	255	3266	1780	269
3583	1791	255	3512	1782	268
3839	1791	255	3758	1785	268
4095	1791	255	4005	1788	268
0	2047	255	599	2018	280
255	2047	255	681	2018	280
511	2047	255	807	2018	280
767	2047	255	975	2018	280
1023	2047	255	1170	2019	280
1279	2047	255	1382	2019	280
1535	2047	255	1605	2020	280
1791	2047	255	1835	2021	279
2047	2047	255	2070	2022	279
2303	2047	255	2308	2023	279
2559	2047	255	2548	2024	279
2815	2047	255	2790	2026	279
3071	2047	255	3033	2028	279
3327	2047	255	3277	2030	278
3583	2047	255	3522	2032	278
3839	2047	255	3767	2035	278
4095	2047	255	4013	2037	277
0	2303	255	691	2270	291
255	2303	255	763	2270	291
511	2303	255	876	2270	291
767	2303	255	1031	2271	291
1023	2303	255	1216	2271	291
1279	2303	255	1421	2271	291
1535	2303	255	1637	2272	290
1791	2303	255	1863	2273	290
2047	2303	255	2093	2274	290
2303	2303	255	2328	2275	290
2559	2303	255	2566	2276	290
2815	2303	255	2806	2278	290
3071	2303	255	3047	2279	289
3327	2303	255	3290	2281	289
3583	2303	255	3534	2283	289
3839	2303	255	3778	2285	289
4095	2303	255	4023	2287	288
0	2559	255	783	2523	303
255	2559	255	847	2523	303
511	2559	255	949	2523	303
767	2559	255	1093	2523	303
1023	2559	255	1267	2523	303
1279	2559	255	1463	2524	303
1535	2559	255	1673	2524	303
1791	2559	255	1893	2525	302
2047	2559	255	2120	2526	302
2303	2559	255	2352	2527	302
2559	2559	255	2587	2528	302
2815	2559	255	2824	2529	302
3071	2559	255	3064	2531	302
3327	2559	255	3305	2532	301
3583	2559	255	3547	2534	301
3839	2559	255	3791	2536	301
4095	2559	255	4035	2538	300
0	2815	255	876	2775	316
255	2815	255	932	2775	316
511	2815	255	1025	2776	316
767	2815	255	1158	2776	316
1023	2815	255	1323	2776	316
1279	2815	255	1510	2776	316
1535	2815	255	1713	2777	316
1791	2815	255	1928	2777	316
2047	2815	255	2150	2778	316
2303	2815	255	2378	2779	316
2559	2815	255	2610	2780	315
2815	2815	255	2845	2781	315
3071	2815	255	3083	2782	315
3327	2815	255	3322	2784	315
3583	2815	255	3563	2785	314
3839	2815	255	3805	2787	314
4095	2815	255	4048	2789	314
0	3071	255	968	3028	331
255	3071	255	1019	3028	331
511	3071	255	1103	3028	331
767	3071	255	1226	3028	331
1023	3071	255	1382	3029	331
1279	3071	255	1561	3029	330
1535	3071	255	1757	3029	330
1791	3071	255	1965	3030	330
2047	3071	255	2183	3031	330
2303	3071	255	2407	3031	330
2559	3071	255	2636	3032	330
2815	3071	255	2868	3033	330
3071	3071	255	3103	3034	329
3327	3071	255	3341	3035	329
3583	3071	255	3580	3037	329
3839	3071	255	3821	3038	329
4095	3071	255	4063	3040	328
0	3327	255	1060	3281	346
255	3327	255	1106	3281	346
511	3327	255	1183	3281	346
767	3327	255	1298	3281	346
1023	3327	255	1444	3281	346
1279	3327	255	1615	3281	346
1535	3327	255	1804	3282	346
1791	3327	255	2006	3282	346
2047	3327	255	2219	3283	346
2303	3327	255	2439	3284	346
2559	3327	255	2664	3284	345
2815	3327	255	2894	3285	345
3071	3327	255	3126	3286	345
3327	3327	255	3362	3287	345
3583	3327	255	3599	3289	345
3839	3327	255	3838	3290	344
4095	3327	255	4079	3291	344
0	3583	255	1152	3533	363
255	3583	255	1194	3533	363
511	3583	255	1265	3533	363
767	3583	255	1372	3534	363
1023	3583	255	1510	3534	363
1279	3583	255	1672	3534	363
1535	3583	255	1854	3534	362
1791	3583	255	2051	3535	362
2047	3583	255	2258	3535	362
2303	3583	255	2473	3536	362
2559	3583	255	2695	3537	362
2815	3583	255	2921	3537	362
3071	3583	255	3152	3538	362
3327	3583	255	3385	3539	361
3583	3583	255	3620	3540	361
3839	3583	255	3858	3542	361
4095	3583	255	4095	3542	360
0	3839	255	1245	3786	380
255	3839	255	1283	3786	380
511	3839	255	1349	3786	380
767	3839	255	1448	3786	380
1023	3839	255	1578	3786	380
1279	3839	255	1733	3787	380
1535	3839	255	1908	3787	380
1791	3839	255	2098	3787	380
2047	3839	255	2300	3788	380
2303	3839	255	2511	3788	380
2559	3839	255	2728	3789	379
2815	3839	255	2952	3790	379
3071	3839	255	3179	3791	379
3327	3839	255	3410	3791	379
3583	3839	255	3643	3792	379
3839	3839	255	3879	3794	378
4095	3839	255	4095	3775	376
0	4095	255	1337	4039	398
255	4095	255	1372	4039	398
511	4095	255	1433	4039	398
767	4095	255	1526	4039	398
1023	4095	255	1648	4039	398
1279	4095	255	1796	4039	398
1535	4095	255	1964	4039	398
1791	4095	255	2148	4040	398
2047	4095	255	2344	4040	398
2303	4095	255	2551	4041	398
2559	4095	255	2764	4041	398
2815	4095	255	2984	4042	398
3071	4095	255	3209	4043	397
3327	4095	255	3437	4044	397
3583	4095	255	3668	4045	397
3839	4095	255	3901	4046	397
4095	4095	255	4095	4006	392
0	0	511	31	8	488
255	0	511	265	10	488
511	0	511	504	12	488
767	0	511	749	15	488
1023	0	511	995	20	488
1279	0	511	1243	27	488
1535	0	511	1491	36	488
1791	0	511	1740	46	488
2047	0	511	1988	59	488
2303	0	511	2237	73	488
2559	0	511	2486	90	487
2815	0	511	2735	109	487
3071	0	511	2984	131	487
3327	0	511	3233	155	487
3583	0	511	3482	181	487
3839	0	511	3731	207	487
4095	0	511	3980	234	486
0	255	511	54	255	489
255	255	511	281	256	489
511	255	511	514	257	489
767	255	511	755	260	489
1023	255	511	1000	264	488
1279	255	511	1247	268	488
1535	255	511	1494	274	488
1791	255	511	1742	282	488
2047	255	511	1990	290	488
2303	255	511	2239	300	488
2559	255	511	2487	311	488
2815	255	511	2736	323	488
3071	255	511	2985	336	488
3327	255	511	3234	350	488
3583	255	511	3483	365	487
3839	255	511	3731	381	487
4095	255	511	3980	397	487
0	511	511	96	505	490
255	511	511	309	505	490
511	511	511	530	506	490
767	511	511	766	508	489
1023	511	511	1009	510	489
1279	511	511	1253	512	489
1535	511	511	1499	516	489
1791	511	511	1746	520	489
2047	511	511	1994	525	489
2303	511	511	2242	531	489
2559	511	511	2490	537	489
2815	511	511	2739	545	489
3071	511	511	2987	553	489
3327	511	511	3236	562	489
3583	511	511	3484	572	488
3839	511	511	3733	582	488
4095	511	511	3982	593	488
0	767	511	165	756	491
255	767	511	350	757	491
511	767	511	556	757	491
767	767	511	785	758	491
1023	767	511	1022	760	491
1279	767	511	1264	761	491
1535	767	511	1508	764	491
1791	767	511	1753	766	491
2047	767	511	2000	770	491
2303	767	511	2247	774	491
2559	767	511	2495	778	491
2815	767	511	2743	783	490
3071	767	511	2991	789	490
3327	767	511	3239	795	490
3583	767	511	3487	802	490
3839	767	511	3736	809	490
4095	767	511	3984	817	490
0	1023	511	250	1008	493
255	1023	511	404	1009	493
511	1023	511	592	1009	493
767	1023	511	810	1010	493
1023	1023	511	1041	1011	493
1279	1023	511	1279	1012	493
1535	1023	511	1520	1014	493
1791	1023	511	1763	1016	493
2047	1023	511	2009	1018	493
2303	1023	511	2254	1021	493
2559	1023	511	2501	1024	493
2815	1023	511	2748	1028	493
3071	1023	511	2996	1032	493
3327	1023	511	3243	1037	492
3583	1023	511	3491	1042	492
3839	1023	511	3740	1047	492
4095	1023	511	3988	1053	492
0	1279	511	337	1261	497
255	1279	511	466	1261	497
511	1279	511	637	1261	497
767	1279	511	842	1262	497
1023	1279	511	1066	1262	496
1279	1279	511	1298	1263	496
1535	1279	511	1536	1265	496
1791	1279	511	1777	1266	496
2047	1279	511	2020	1268	496
2303	1279	511	2264	1270	496
2559	1279	511	2510	1273	496
2815	1279	511	2756	1276	496
3071	1279	511	3002	1279	496
3327	1279	511	3250	1283	496
3583	1279	511	3497	1287	495
3839	1279	511	3745	1291	495
4095	1279	511	3992	1296	495
0	1535	511	426	1513	500
255	1535	511	535	1513	500
511	1535	511	689	1513	500
767	1535	511	882	1514	500
1023	1535	511	1096	1514	500
1279	1535	511	1322	1515	500
1535	1535	511	1556	1516	500
1791	1535	511	1793	1518	500
2047	1535	511	2034	1519	500
2303	1535	511	2276	1521	500
2559	1535	511	2520	1523	500
2815	1535	511	2765	1525	500
3071	1535	511	3011	1528	500
3327	1535	511	3257	1531	499
3583	1535	511	3504	1534	499
3839	1535	511	3751	1537	499
4095	1535	511	3998	1541	499
0	1791	511	516	1765	505
255	1791	511	609	1766	505
511	1791	511	748	1766	505
767	1791	511	927	1766	505
1023	1791	511	1132	1767	505
1279	1791	511	1351	1767	505
1535	1791	511	1580	1768	505
1791	1791	511	1813	1769	505
2047	1791	511	2051	1770	505
2303	1791	511	2291	1772	505
2559	1791	511	2534	1774	505
2815	1791	511	2777	1776	504
3071	1791	511	3021	1778	504
3327	1791	511	3267	1780	504
3583	1791	511	3512	1783	504
3839	1791	511	3759	1786	504
4095	1791	511	4006	1789	504
0	2047	511	606	2018	511
255	2047	511	687	2018	511
511	2047	511	812	2018	511
767	2047	511	979	2019	511
1023	2047	511	1173	2019	511
1279	2047	511	1385	2020	511
1535	2047	511	1608	2020	511
1791	2047	511	1837	2021	510
2047	2047	511	2071	2022	510
2303	2047	511	2309	2023	510
2559	2047	511	2549	2025	510
2815	2047	511	2791	2027	510
3071	2047	511	3034	2028	510
3327	2047	511	3278	2030	510
3583	2047	511	3523	2033	510
3839	2047	511	3768	2035	509
4095	2047	511	4014	2038	509
0	2303	511	697	2271	517
255	2303	511	768	2271	517
511	2303	511	881	2271	517
767	2303	511	1035	2271	517
1023	2303	511	1220	2271	517
1279	2303	511	1423	2272	517
1535	2303	511	1640	2273	517
1791	2303	511	1864	2273	517
2047	2303	511	2095	2274	517
2303	2303	511	2330	2275	517
2559	2303	511	2567	2277	517
2815	2303	511	2807	2278	517
3071	2303	511	3048	2279	516
3327	2303	511	3291	2281	516
3583	2303	511	3535	2283	516
3839	2303	511	3779	2285	516
4095	2303	511	4024	2288	516
0	2559	511	789	2523	525
255	2559	511	852	2523	525
511	2559	511	953	2523	525
767	2559	511	1096	2524	525
1023	2559	511	1270	2524	524
1279	2559	511	1466	2524	524
1535	2559	511	1676	2525	524
1791	2559	511	1895	2525	524
2047	2559	511	2122	2526	524
2303	2559	511	2353	2527	524
2559	2559	511	2588	2528	524
2815	2559	511	2825	2530	524
3071	2559	511	3065	2531	524
3327	2559	511	3306	2532	524
3583	2559	511	3548	2534	523
3839	2559	511	3792	2536	523
4095	2559	511	4036	2538	523
0	2815	511	880	2776	533
255	2815	511	936	2776	533
511	2815	511	1029	2776	533
767	2815	511	1161	2776	533
1023	2815	511	1325	2776	533
1279	2815	511	1512	2777	533
1535	2815	511	1715	2777	533
1791	2815	511	1929	2778	533
2047	2815	511	2151	2779	532
2303	2815	511	2379	2779	532
2559	2815	511	2611	2780	532
2815	2815	511	2846	2781	532
3071	2815	511	3083	2783	532
3327	2815	511	3323	2784	532
3583	2815	511	3564	2785	532
3839	2815	511	3806	2787	532
4095	2815	511	4049	2789	531
0	3071	511	972	3028	542
255	3071	511	1022	3028	542
511	3071	511	1106	3028	542
767	3071	511	1230	3029	542
1023	3071	511	1384	3029	542
1279	3071	511	1563	3029	542
1535	3071	511	1759	3030	542
1791	3071	511	1967	3030	542
2047	3071	511	2184	3031	542
2303	3071	511	2408	3032	542
2559	3071	511	2637	3032	541
2815	3071	511	2869	3033	541
3071	3071	511	3104	3034	541
3327	3071	511	3342	3036	541
3583	3071	511	3581	3037	541
3839	3071	511	3821	3039	541
4095	3071	511	4063	3040	540
0	3327	511	1064	3281	552
255	3327	511	1110	3281	552
511	3327	511	1187	3281	552
767	3327	511	1301	3281	552
1023	3327	511	1447	3281	552
1279	3327	511	1617	3282	552
1535	3327	511	1806	3282	552
1791	3327	511	2008	3283	552
2047	3327	511	2220	3283	552
2303	3327	511	2440	3284	552
2559	3327	511	2665	3285	551
2815	3327	511	2895	3285	551
3071	3327	511	3127	3286	551
3327	3327	511	3363	3288	551
3583	3327	511	3600	3289	551
3839	3327	511	3839	3290	551
4095	3327	511	4079	3292	550
0	3583	511	1156	3533	563
255	3583	511	1197	3534	563
511	3583	511	1268	3534	563
767	3583	511	1375	3534	563
1023	3583	511	1512	3534	563
1279	3583	511	1674	3534	563
1535	3583	511	1856	3535	563
1791	3583	511	2052	3535	563
2047	3583	511	2259	3536	562
2303	3583	511	2475	3536	562
2559	3583	511	2696	3537	562
2815	3583	511	2922	3538	562
3071	3583	511	3153	3539	562
3327	3583	511	3386	3540	562
3583	3583	511	3621	3541	562
3839	3583	511	3858	3542	562
4095	3583	511	4095	3541	561
0	3839	511	1248	3786	574
255	3839	511	1286	3786	574
511	3839	511	1351	3786	574
767	3839	511	1450	3786	574
1023	3839	511	1580	3787	574
1279	3839	511	1735	3787	574
1535	3839	511	1909	3787	574
1791	3839	511	2099	3788	574
2047	3839	511	2301	3788	574
2303	3839	511	2512	3789	574
2559	3839	511	2730	3789	574
2815	3839	511	2953	3790	574
3071	3839	511	3180	3791	574
3327	3839	511	3411	3792	574
3583	3839	511	3644	3793	573
3839	3839	511	3879	3794	573
4095	3839	511	4095	3775	570
0	4095	511	1340	4039	587
255	4095	511	1375	4039	587
511	4095	511	1436	4039	587
767	4095	511	1528	4039	587
1023	4095	511	1650	4039	587
1279	4095	511	1798	4039	587
1535	4095	511	1965	4040	587
1791	4095	511	2149	4040	587
2047	4095	511	2346	4040	587
2303	4095	511	2552	4041	587
2559	4095	511	2766	4042	586
2815	4095	511	2985	4042	586
3071	4095	511	3209	4043	586
3327	4095	511	3438	4044	586
3583	4095	511	3669	4045	586
3839	4095	511	3902	4046	586
4095	4095	511	4095	4005	580
0	0	767	63	17	736
255	0	767	287	18	736
511	0	767	517	20	736
767	0	767	757	24	736
1023	0	767	1002	29	736
1279	0	767	1248	36	736
1535	0	767	1495	44	736
1791	0	767	1743	55	736
2047	0	767	1991	67	736
2303	0	767	2240	82	736
2559	0	767	2488	99	736
2815	0	767	2737	118	736
3071	0	767	2985	140	735
3327	0	767	3234	164	735
3583	0	767	3483	189	735
3839	0	767	3732	215	735
4095	0	767	3981	240	735
0	255	767	86	261	736
255	255	767	303	262	736
511	255	767	526	264	736
767	255	767	764	266	736
1023	255	767	1007	270	736
1279	255	767	1252	275	736
1535	255	767	1498	280	736
1791	255	767	1745	288	736
2047	255	767	1993	296	736
2303	255	767	2241	305	736
2559	255	767	2490	316	736
2815	255	767	2738	328	736
3071	255	767	2987	341	736
3327	255	767	3235	355	736
3583	255	767	3484	370	736
3839	255	767	3733	385	735
4095	255	767	3982	402	735
0	511	767	129	508	737
255	511	767	329	509	737
511	511	767	543	510	737
767	511	767	775	511	737
1023	511	767	1015	513	737
1279	511	767	1258	516	737
1535	511	767	1503	519	737
1791	511	767	1750	524	737
2047	511	767	1997	528	737
2303	511	767	2244	534	737
2559	511	767	2492	541	737
2815	511	767	2740	548	737
3071	511	767	2989	556	736
3327	511	767	3237	565	736
3583	511	767	3486	575	736
3839	511	767	3734	585	736
4095	511	767	3983	597	736
0	767	767	195	759	738
255	767	767	368	759	738
511	767	767	568	760	738
767	767	767	793	760	738
1023	767	767	1028	762	738
1279	767	767	1269	764	738
1535	767	767	1512	766	738
1791	767	767	1757	769	738
2047	767	767	2003	772	738
2303	767	767	2250	776	738
2559	767	767	2497	780	738
2815	767	767	2744	785	738
3071	767	767	2992	791	738
3327	767	767	3240	797	737
3583	767	767	3489	804	737
3839	767	767	3737	811	737
4095	767	767	3985	819	737
0	1023	767	273	1010	740
255	1023	767	419	1010	740
511	1023	767	603	1011	740
767	1023	767	818	1011	740
1023	1023	767	1047	1012	740
1279	1023	767	1283	1014	740
1535	1023	767	1524	1015	739
1791	1023	767	1767	1017	739
2047	1023	767	2011	1020	739
2303	1023	767	2257	1023	739
2559	1023	767	2503	1026	739
2815	1023	767	2750	1030	739
3071	1023	767	2997	1034	739
3327	1023	767	3245	1038	739
3583	1023	767	3493	1043	739
3839	1023	767	3741	1049	739
4095	1023	767	3989	1055	739
0	1279	767	355	1262	742
255	1279	767	480	1262	742
511	1279	767	647	1262	742
767	1279	767	850	1263	742
1023	1279	767	1071	1264	742
1279	1279	767	1303	1265	742
1535	1279	767	1540	1266	742
1791	1279	767	1780	1268	741
2047	1279	767	2022	1269	741
2303	1279	767	2267	1272	741
2559	1279	767	2512	1274	741
2815	1279	767	2758	1277	741
3071	1279	767	3004	1280	741
3327	1279	767	3251	1284	741
3583	1279	767	3498	1288	741
3839	1279	767	3746	1292	741
4095	1279	767	3994	1297	741
0	1535	767	441	1514	744
255	1535	767	547	1514	744
511	1535	767	698	1514	744
767	1535	767	889	1515	744
1023	1535	767	1102	1515	744
1279	1535	767	1327	1516	744
1535	1535	767	1559	1517	744
1791	1535	767	1797	1519	744
2047	1535	767	2037	1520	744
2303	1535	767	2279	1522	744
2559	1535	767	2522	1524	744
2815	1535	767	2767	1526	744
3071	1535	767	3013	1529	744
3327	1535	767	3259	1532	744
3583	1535	767	3505	1535	743
3839	1535	767	3752	1538	743
4095	1535	767	3999	1542	743
0	1791	767	528	1766	747
255	1791	767	620	1766	747
511	1791	767	756	1767	747
767	1791	767	934	1767	747
1023	1791	767	1137	1768	747
1279	1791	767	1356	1768	747
1535	1791	767	1583	1769	747
1791	1791	767	1817	1770	747
2047	1791	767	2054	1771	747
2303	1791	767	2294	1773	747
2559	1791	767	2536	1775	747
2815	1791	767	2779	1776	747
3071	1791	767	3023	1779	747
3327	1791	767	3268	1781	747
3583	1791	767	3514	1784	747
3839	1791	767	3760	1787	746
4095	1791	767	4007	1790	746
0	2047	767	617	2019	751
255	2047	767	697	2019	751
511	2047	767	820	2019	751
767	2047	767	985	2019	751
1023	2047	767	1179	2020	751
1279	2047	767	1389	2020	751
1535	2047	767	1611	2021	751
1791	2047	767	1840	2022	751
2047	2047	767	2074	2023	751
2303	2047	767	2311	2024	751
2559	2047	767	2551	2026	751
2815	2047	767	2793	2027	751
3071	2047	767	3035	2029	751
3327	2047	767	3279	2031	750
3583	2047	767	3524	2033	750
3839	2047	767	3769	2036	750
4095	2047	767	4015	2039	750
0	2303	767	707	2271	756
255	2303	767	777	2271	755
511	2303	767	888	2271	755
767	2303	767	1041	2272	755
1023	2303	767	1225	2272	755
1279	2303	767	1427	2273	755
1535	2303	767	1643	2273	755
1791	2303	767	1867	2274	755
2047	2303	767	2098	2275	755
2303	2303	767	2332	2276	755
2559	2303	767	2569	2277	755
2815	2303	767	2809	2279	755
3071	2303	767	3050	2280	755
3327	2303	767	3292	2282	755
3583	2303	767	3536	2284	755
3839	2303	767	3780	2286	755
4095	2303	767	4025	2288	754
0	2559	767	797	2524	760
255	2559	767	859	2524	760
511	2559	767	960	2524	760
767	2559	767	1102	2524	760
1023	2559	767	1275	2524	760
1279	2559	767	1470	2525	760
1535	2559	767	1679	2525	760
1791	2559	767	1898	2526	760
2047	2559	767	2124	2527	760
2303	2559	767	2355	2528	760
2559	2559	767	2590	2529	760
2815	2559	767	2827	2530	760
3071	2559	767	3066	2531	760
3327	2559	767	3307	2533	760
3583	2559	767	3550	2535	760
3839	2559	767	3793	2537	760
4095	2559	767	4037	2539	759
0	2815	767	887	2776	766
255	2815	767	943	2776	766
511	2815	767	1035	2776	766
767	2815	767	1167	2777	766
1023	2815	767	1330	2777	766
1279	2815	767	1516	2777	766
1535	2815	767	1719	2778	766
1791	2815	767	1932	2778	766
2047	2815	767	2154	2779	766
2303	2815	767	2381	2780	766
2559	2815	767	2613	2781	766
2815	2815	767	2848	2782	766
3071	2815	767	3085	2783	766
3327	2815	767	3324	2784	766
3583	2815	767	3565	2786	765
3839	2815	767	3807	2788	765
4095	2815	767	4050	2789	765
0	3071	767	978	3029	772
255	3071	767	1029	3029	772
511	3071	767	1112	3029	772
767	3071	767	1235	3029	772
1023	3071	767	1389	3029	772
1279	3071	767	1567	3030	772
1535	3071	767	1762	3030	772
1791	3071	767	1970	3031	772
2047	3071	767	2187	3031	772
2303	3071	767	2410	3032	772
2559	3071	767	2639	3033	772
2815	3071	767	2871	3034	772
3071	3071	767	3106	3035	772
3327	3071	767	3343	3036	772
3583	3071	767	3582	3037	772
3839	3071	767	3823	3039	772
4095	3071	767	4064	3041	771
0	3327	767	1070	3281	779
255	3327	767	1115	3281	779
511	3327	767	1192	3281	779
767	3327	767	1305	3282	779
1023	3327	767	1451	3282	779
1279	3327	767	1621	3282	779
1535	3327	767	1809	3283	779
1791	3327	767	2011	3283	779
2047	3327	767	2223	3284	779
2303	3327	767	2442	3284	779
2559	3327	767	2667	3285	779
2815	3327	767	2896	3286	779
3071	3327	767	3129	3287	779
3327	3327	767	3364	3288	779
3583	3327	767	3601	3289	779
3839	3327	767	3840	3290	779
4095	3327	767	4080	3292	778
0	3583	767	1161	3534	787
255	3583	767	1203	3534	787
511	3583	767	1273	3534	787
767	3583	767	1379	3534	787
1023	3583	767	1516	3534	787
1279	3583	767	1678	3535	787
1535	3583	767	1859	3535	787
1791	3583	767	2055	3535	787
2047	3583	767	2262	3536	787
2303	3583	767	2477	3537	787
2559	3583	767	2698	3537	787
2815	3583	767	2924	3538	787
3071	3583	767	3154	3539	786
3327	3583	767	3387	3540	786
3583	3583	767	3622	3541	786
3839	3583	767	3859	3542	786
4095	3583	767	4095	3541	785
0	3839	767	1253	3786	795
255	3839	767	1291	3786	795
511	3839	767	1356	3787	795
767	3839	767	1455	3787	795
1023	3839	767	1584	3787	795
1279	3839	767	1738	3787	795
1535	3839	767	1912	3787	795
1791	3839	767	2102	3788	795
2047	3839	767	2303	3788	795
2303	3839	767	2514	3789	795
2559	3839	767	2731	3790	795
2815	3839	767	2954	3790	795
3071	3839	767	3181	3791	795
3327	3839	767	3412	3792	795
3583	3839	767	3645	3793	795
3839	3839	767	3881	3794	794
4095	3839	767	4095	3774	790
0	4095	767	1344	4039	804
255	4095	767	1379	4039	804
511	4095	767	1440	4039	804
767	4095	767	1532	4039	804
1023	4095	767	1654	4039	804
1279	4095	767	1801	4040	804
1535	4095	767	1968	4040	804
1791	4095	767	2152	4040	804
2047	4095	767	2348	4041	804
2303	4095	767	2554	4041	804
2559	4095	767	2767	4042	804
2815	4095	767	2987	4043	804
3071	4095	767	3211	4043	804
3327	4095	767	3439	4044	804
3583	4095	767	3670	4045	803
3839	4095	767	3903	4046	803
4095	4095	767	4095	4004	795
0	0	1023	109	30	984
255	0	1023	317	31	984
511	0	1023	535	33	984
767	0	1023	770	37	984
1023	0	1023	1011	42	984
1279	0	1023	1255	48	984
1535	0	1023	1501	57	984
1791	0	1023	1748	67	984
2047	0	1023	1995	80	984
2303	0	1023	2243	95	984
2559	0	1023	2491	112	984
2815	0	1023	2739	131	984
3071	0	1023	2988	152	984
3327	0	1023	3236	176	984
3583	0	1023	3485	200	983
3839	0	1023	3734	225	983
4095	0	1023	3982	250	983
0	255	1023	133	270	984
255	255	1023	331	271	984
511	255	1023	544	273	984
767	255	1023	776	275	984
1023	255	1023	1016	279	984
1279	255	1023	1259	283	984
1535	255	1023	1504	289	984
1791	255	1023	1750	296	984
2047	255	1023	1997	304	984
2303	255	1023	2245	313	984
2559	255	1023	2493	324	984
2815	255	1023	2741	336	984
3071	255	1023	2989	348	984
3327	255	1023	3237	362	984
3583	255	1023	3486	376	984
3839	255	1023	3734	392	984
4095	255	1023	3983	408	983
0	511	1023	175	513	985
255	511	1023	356	514	985
511	511	1023	560	515	985
767	511	1023	787	516	985
1023	511	1023	1024	518	985
1279	511	1023	1265	521	985
1535	511	1023	1509	524	985
1791	511	1023	1754	528	985
2047	511	1023	2001	533	985
2303	511	1023	2248	539	985
2559	511	1023	2495	546	984
2815	511	1023	2743	553	984
3071	511	1023	2991	561	984
3327	511	1023	3239	570	984
3583	511	1023	3488	579	984
3839	511	1023	3736	590	984
4095	511	1023	3985	601	984
0	767	1023	234	762	986
255	767	1023	393	762	986
511	767	1023	585	763	985
767	767	1023	805	764	985
1023	767	1023	1037	765	985
1279	767	1023	1275	767	985
1535	767	1023	1517	769	985
1791	767	1023	1761	772	985
2047	767	1023	2007	775	985
2303	767	1023	2253	779	985
2559	767	1023	2500	784	985
2815	767	1023	2747	789	985
3071	767	1023	2995	794	985
3327	767	1023	3242	800	985
3583	767	1023	3491	807	985
3839	767	1023	3739	815	985
4095	767	1023	3987	823	985
0	1023	1023	304	1012	987
255	1023	1023	441	1013	987
511	1023	1023	619	1013	987
767	1023	1023	829	1014	987
1023	1023	1023	1056	1015	987
1279	1023	1023	1290	1016	987
1535	1023	1023	1529	1018	987
1791	1023	1023	1771	1020	986
2047	1023	1023	2015	1022	986
2303	1023	1023	2260	1025	986
2559	1023	1023	2506	1028	986
2815	1023	1023	2753	1032	986
3071	1023	1023	3000	1036	986
3327	1023	1023	3247	1041	986
3583	1023	1023	3495	1046	986
3839	1023	1023	3743	1051	986
4095	1023	1023	3991	1057	986
0	1279	1023	381	1264	988
255	1279	1023	499	1264	988
511	1279	1023	662	1264	988
767	1279	1023	861	1265	988
1023	1279	1023	1080	1266	988
1279	1279	1023	1309	1267	988
1535	1279	1023	1545	1268	988
1791	1279	1023	1785	1269	988
2047	1279	1023	2026	1271	988
2303	1279	1023	2270	1274	988
2559	1279	1023	2515	1276	988
2815	1279	1023	2760	1279	988
3071	1279	1023	3006	1282	988
3327	1279	1023	3253	1286	988
3583	1279	1023	3500	1290	988
3839	1279	1023	3748	1294	987
4095	1279	1023	3995	1299	987
0	1535	1023	462	1516	990
255	1535	1023	564	1516	990
511	1535	1023	712	1516	990
767	1535	1023	899	1516	990
1023	1535	1023	1110	1517	990
1279	1535	1023	1333	1518	990
1535	1535	1023	1565	1519	990
1791	1535	1023	1801	1520	990
2047	1535	1023	2041	1522	990
2303	1535	1023	2282	1523	990
2559	1535	1023	2525	1525	990
2815	1535	1023	2770	1528	990
3071	1535	1023	3015	1530	990
3327	1535	1023	3261	1533	990
3583	1535	1023	3507	1536	989
3839	1535	1023	3754	1540	989
4095	1535	1023	4001	1544	989
0	1791	1023	546	1768	992
255	1791	1023	635	1768	992
511	1791	1023	769	1768	992
767	1791	1023	944	1768	992
1023	1791	1023	1145	1769	992
1279	1791	1023	1362	1769	992
1535	1791	1023	1589	1770	992
1791	1791	1023	1821	1771	992
2047	1791	1023	2058	1773	992
2303	1791	1023	2297	1774	992
2559	1791	1023	2538	1776	992
2815	1791	1023	2781	1778	992
3071	1791	1023	3025	1780	992
3327	1791	1023	3270	1782	992
3583	1791	1023	3516	1785	992
3839	1791	1023	3762	1788	992
4095	1791	1023	4008	1791	992
0	2047	1023	632	2020	995
255	2047	1023	711	2020	995
511	2047	1023	831	2020	995
767	2047	1023	994	2020	995
1023	2047	1023	1186	2021	995
1279	2047	1023	1396	2021	995
1535	2047	1023	1616	2022	995
1791	2047	1023	1845	2023	995
2047	2047	1023	2078	2024	995
2303	2047	1023	2315	2025	995
2559	2047	1023	2554	2027	995
2815	2047	1023	2795	2028	995
3071	2047	1023	3038	2030	995
3327	2047	1023	3281	2032	995
3583	2047	1023	3526	2034	994
3839	2047	1023	3771	2037	994
4095	2047	1023	4017	2040	994
0	2303	1023	720	2272	998
255	2303	1023	789	2272	998
511	2303	1023	898	2272	998
767	2303	1023	1050	2273	998
1023	2303	1023	1232	2273	998
1279	2303	1023	1433	2273	998
1535	2303	1023	1648	2274	998
1791	2303	1023	1872	2275	998
2047	2303	1023	2101	2276	998
2303	2303	1023	2335	2277	998
2559	2303	1023	2572	2278	998
2815	2303	1023	2811	2279	998
3071	2303	1023	3052	2281	998
3327	2303	1023	3294	2283	998
3583	2303	1023	3538	2285	998
3839	2303	1023	3782	2287	998
4095	2303	1023	4027	2289	997
0	2559	1023	809	2524	1002
255	2559	1023	870	2525	1002
511	2559	1023	969	2525	1002
767	2559	1023	1110	2525	1002
1023	2559	1023	1282	2525	1002
1279	2559	1023	1476	2526	1002
1535	2559	1023	1684	2526	1002
1791	2559	1023	1902	2527	1002
2047	2559	1023	2128	2528	1002
2303	2559	1023	2358	2529	1002
2559	2559	1023	2593	2530	1002
2815	2559	1023	2830	2531	1002
3071	2559	1023	3069	2532	1002
3327	2559	1023	3309	2534	1001
3583	2559	1023	3551	2536	1001
3839	2559	1023	3794	2537	1001
4095	2559	1023	4038	2539	1001
0	2815	1023	898	2777	1006
255	2815	1023	953	2777	1006
511	2815	1023	1043	2777	1006
767	2815	1023	1174	2777	1006
1023	2815	1023	1337	2778	1006
1279	2815	1023	1522	2778	1006
1535	2815	1023	1724	2778	1006
1791	2815	1023	1936	2779	1006
2047	2815	1023	2158	2780	1006
2303	2815	1023	2384	2781	1006
2559	2815	1023	2616	2782	1006
2815	2815	1023	2850	2783	1006
3071	2815	1023	3087	2784	1006
3327	2815	1023	3326	2785	1006
3583	2815	1023	3567	2787	1005
3839	2815	1023	3809	2788	1005
4095	2815	1023	4051	2790	1005
0	3071	1023	988	3029	1011
255	3071	1023	1037	3029	1011
511	3071	1023	1120	3030	1011
767	3071	1023	1242	3030	1011
1023	3071	1023	1395	3030	1011
1279	3071	1023	1572	3030	1011
1535	3071	1023	1767	3031	1011
1791	3071	1023	1974	3031	1011
2047	3071	1023	2190	3032	1011
2303	3071	1023	2413	3033	1010
2559	3071	1023	2642	3033	1010
2815	3071	1023	2873	3034	1010
3071	3071	1023	3108	3036	1010
3327	3071	1023	3345	3037	1010
3583	3071	1023	3584	3038	1010
3839	3071	1023	3824	3040	1010
4095	3071	1023	4066	3041	1010
0	3327	1023	1078	3282	1016
255	3327	1023	1123	3282	1016
511	3327	1023	1199	3282	1016
767	3327	1023	1312	3282	1016
1023	3327	1023	1457	3282	1016
1279	3327	1023	1626	3283	1016
1535	3327	1023	1813	3283	1016
1791	3327	1023	2015	3284	1016
2047	3327	1023	2226	3284	1016
2303	3327	1023	2445	3285	1016
2559	3327	1023	2670	3286	1016
2815	3327	1023	2899	3286	1016
3071	3327	1023	3131	3287	1015
3327	3327	1023	3366	3289	1015
3583	3327	1023	3603	3290	1015
3839	3327	1023	3842	3291	1015
4095	3327	1023	4082	3293	1015
0	3583	1023	1169	3534	1022
255	3583	1023	1210	3534	1022
511	3583	1023	1280	3534	1022
767	3583	1023	1385	3535	1022
1023	3583	1023	1521	3535	1021
1279	3583	1023	1683	3535	1021
1535	3583	1023	1863	3535	1021
1791	3583	1023	2059	3536	1021
2047	3583	1023	2265	3536	1021
2303	3583	1023	2480	3537	1021
2559	3583	1023	2701	3538	1021
2815	3583	1023	2927	3539	1021
3071	3583	1023	3156	3539	1021
3327	3583	1023	3389	3540	1021
3583	3583	1023	3624	3542	1021
3839	3583	1023	3861	3543	1021
4095	3583	1023	4095	3540	1020
0	3839	1023	1260	3787	1028
255	3839	1023	1297	3787	1028
511	3839	1023	1362	3787	1028
767	3839	1023	1460	3787	1028
1023	3839	1023	1589	3787	1028
1279	3839	1023	1743	3788	1028
1535	3839	1023	1916	3788	1028
1791	3839	1023	2106	3788	1028
2047	3839	1023	2307	3789	1028
2303	3839	1023	2517	3789	1028
2559	3839	1023	2734	3790	1027
2815	3839	1023	2957	3791	1027
3071	3839	1023	3184	3792	1027
3327	3839	1023	3414	3792	1027
3583	3839	1023	3647	3793	1027
3839	3839	1023	3882	3795	1027
4095	3839	1023	4095	3773	1021
0	4095	1023	1351	4039	1034
255	4095	1023	1386	4039	1034
511	4095	1023	1446	4040	1034
767	4095	1023	1538	4040	1034
1023	4095	1023	1659	4040	1034
1279	4095	1023	1805	4040	1034
1535	4095	1023	1972	4040	1034
1791	4095	1023	2155	4041	1034
2047	4095	1023	2351	4041	1034
2303	4095	1023	2557	4042	1034
2559	4095	1023	2770	4042	1034
2815	4095	1023	2989	4043	1034
3071	4095	1023	3213	4044	1034
3327	4095	1023	3441	4045	1034
3583	4095	1023	3672	4045	1034
3839	4095	1023	3905	4046	1034
4095	4095	1023	4095	4003	1022
0	0	1279	171	46	1232
255	0	1279	354	48	1232
511	0	1279	559	50	1232
767	0	1279	786	53	1232
1023	0	1279	1023	58	1232
1279	0	1279	1265	65	1232
1535	0	1279	1509	74	1232
1791	0	1279	1754	84	1232
2047	0	1279	2000	97	1232
2303	0	1279	2248	111	1232
2559	0	1279	2495	128	1232
2815	0	1279	2743	148	1232
3071	0	1279	2991	169	1232
3327	0	1279	3239	192	1232
3583	0	1279	3487	215	1232
3839	0	1279	3736	238	1231
4095	0	1279	3984	262	1231
0	255	1279	192	282	1232
255	255	1279	367	283	1232
511	255	1279	567	284	1232
767	255	1279	792	287	1232
1023	255	1279	1028	290	1232
1279	255	1279	1268	294	1232
1535	255	1279	1511	300	1232
1791	255	1279	1756	307	1232
2047	255	1279	2003	315	1232
2303	255	1279	2249	324	1232
2559	255	1279	2497	334	1232
2815	255	1279	2744	345	1232
3071	255	1279	2992	358	1232
3327	255	1279	3240	371	1232
3583	255	1279	3488	385	1232
3839	255	1279	3737	401	1232
4095	255	1279	3985	417	1232
0	511	1279	228	520	1233
255	511	1279	389	521	1233
511	511	1279	582	522	1233
767	511	1279	803	523	1233
1023	511	1279	1036	525	1233
1279	511	1279	1274	528	1233
1535	511	1279	1517	531	1232
1791	511	1279	1761	535	1232
2047	511	1279	2006	540	1232
2303	511	1279	2252	545	1232
2559	511	1279	2499	552	1232
2815	511	1279	2747	559	1232
3071	511	1279	2994	567	1232
3327	511	1279	3242	576	1232
3583	511	1279	3490	585	1232
3839	511	1279	3738	596	1232
4095	511	1279	3987	607	1232
0	767	1279	279	767	1233
255	767	1279	424	767	1233
511	767	1279	606	767	1233
767	767	1279	820	768	1233
1023	767	1279	1049	770	1233
1279	767	1279	1285	771	1233
1535	767	1279	1525	774	1233
1791	767	1279	1768	777	1233
2047	767	1279	2012	780	1233
2303	767	1279	2258	784	1233
2559	767	1279	2504	788	1233
2815	767	1279	2751	793	1233
3071	767	1279	2998	799	1233
3327	767	1279	3245	805	1233
3583	767	1279	3493	811	1233
3839	767	1279	3741	819	1233
4095	767	1279	3989	827	1233
0	1023	1279	342	1016	1234
255	1023	1279	469	1016	1234
511	1023	1279	639	1016	1234
767	1023	1279	844	1017	1234
1023	1023	1279	1067	1018	1234
1279	1023	1279	1299	1019	1234
1535	1023	1279	1537	1021	1234
1791	1023	1279	1778	1023	1234
2047	1023	1279	2020	1026	1234
2303	1023	1279	2265	1028	1234
2559	1023	1279	2510	1032	1234
2815	1023	1279	2756	1035	1234
3071	1023	1279	3003	1039	1234
3327	1023	1279	3250	1044	1234
3583	1023	1279	3497	1049	1234
3839	1023	1279	3745	1055	1234
4095	1023	1279	3993	1060	1233
0	1279	1279	412	1266	1235
255	1279	1279	524	1267	1235
511	1279	1279	681	1267	1235
767	1279	1279	875	1267	1235
1023	1279	1279	1091	1268	1235
1279	1279	1279	1318	1269	1235
1535	1279	1279	1552	1270	1235
1791	1279	1279	1791	1272	1235
2047	1279	1279	2032	1274	1235
2303	1279	1279	2274	1276	1235
2559	1279	1279	2519	1279	1235
2815	1279	1279	2764	1281	1235
3071	1279	1279	3010	1285	1235
3327	1279	1279	3256	1288	1235
3583	1279	1279	3503	1292	1235
3839	1279	1279	3750	1297	1235
4095	1279	1279	3997	1301	1235
0	1535	1279	489	1518	1237
255	1535	1279	587	1518	1237
511	1535	1279	729	1518	1237
767	1535	1279	913	1518	1237
1023	1535	1279	1121	1519	1237
1279	1535	1279	1342	1520	1237
1535	1535	1279	1572	1521	1237
1791	1535	1279	1807	1522	1237
2047	1535	1279	2046	1524	1236
2303	1535	1279	2287	1525	1236
2559	1535	1279	2529	1527	1236
2815	1535	1279	2773	1530	1236
3071	1535	1279	3018	1532	1236
3327	1535	1279	3264	1535	1236
3583	1535	1279	3510	1538	1236
3839	1535	1279	3756	1542	1236
4095	1535	1279	4003	1546	1236
0	1791	1279	569	1769	1238
255	1791	1279	655	1769	1238
511	1791	1279	785	1770	1238
767	1791	1279	957	1770	1238
1023	1791	1279	1156	1770	1238
1279	1791	1279	1371	1771	1238
1535	1791	1279	1596	1772	1238
1791	1791	1279	1827	1773	1238
2047	1791	1279	2063	1774	1238
2303	1791	1279	2302	1776	1238
2559	1791	1279	2542	1777	1238
2815	1791	1279	2785	1779	1238
3071	1791	1279	3029	1782	1238
3327	1791	1279	3273	1784	1238
3583	1791	1279	3518	1787	1238
3839	1791	1279	3764	1790	1238
4095	1791	1279	4010	1793	1238
0	2047	1279	652	2021	1241
255	2047	1279	728	2021	1241
511	2047	1279	846	2021	1240
767	2047	1279	1007	2022	1240
1023	2047	1279	1196	2022	1240
1279	2047	1279	1404	2023	1240
1535	2047	1279	1623	2024	1240
1791	2047	1279	1850	2024	1240
2047	2047	1279	2083	2025	1240
2303	2047	1279	2319	2027	1240
2559	2047	1279	2558	2028	1240
2815	2047	1279	2799	2030	1240
3071	2047	1279	3041	2032	1240
3327	2047	1279	3284	2034	1240
3583	2047	1279	3528	2036	1240
3839	2047	1279	3773	2038	1240
4095	2047	1279	4019	2041	1240
0	2303	1279	737	2273	1243
255	2303	1279	805	2273	1243
511	2303	1279	912	2274	1243
767	2303	1279	1062	2274	1243
1023	2303	1279	1241	2274	1243
1279	2303	1279	1441	2275	1243
1535	2303	1279	1655	2275	1243
1791	2303	1279	1877	2276	1243
2047	2303	1279	2106	2277	1243
2303	2303	1279	2339	2278	1243
2559	2303	1279	2576	2279	1243
2815	2303	1279	2815	2281	1243
3071	2303	1279	3055	2282	1243
3327	2303	1279	3297	2284	1243
3583	2303	1279	3540	2286	1243
3839	2303	1279	3784	2288	1242
4095	2303	1279	4029	2290	1242
0	2559	1279	824	2526	1246
255	2559	1279	884	2526	1246
511	2559	1279	982	2526	1246
767	2559	1279	1121	2526	1246
1023	2559	1279	1291	2526	1246
1279	2559	1279	1483	2527	1246
1535	2559	1279	1691	2527	1246
1791	2559	1279	1908	2528	1246
2047	2559	1279	2133	2529	1246
2303	2559	1279	2363	2530	1246
2559	2559	1279	2596	2531	1246
2815	2559	1279	2833	2532	1246
3071	2559	1279	3072	2533	1246
3327	2559	1279	3312	2535	1245
3583	2559	1279	3554	2537	1245
3839	2559	1279	3797	2538	1245
4095	2559	1279	4040	2541	1245
0	2815	1279	912	2778	1249
255	2815	1279	966	2778	1249
511	2815	1279	1055	2778	1249
767	2815	1279	1184	2778	1249
1023	2815	1279	1345	2778	1249
1279	2815	1279	1529	2779	1249
1535	2815	1279	1730	2779	1249
1791	2815	1279	1942	2780	1249
2047	2815	1279	2162	2781	1249
2303	2815	1279	2389	2781	1249
2559	2815	1279	2620	2782	1249
2815	2815	1279	2854	2784	1249
3071	2815	1279	3090	2785	1249
3327	2815	1279	3329	2786	1249
3583	2815	1279	3569	2788	1249
3839	2815	1279	3811	2789	1249
4095	2815	1279	4053	2791	1248
0	3071	1279	1000	3030	1253
255	3071	1279	1049	3030	1253
511	3071	1279	1131	3030	1253
767	3071	1279	1251	3031	1253
1023	3071	1279	1403	3031	1253
1279	3071	1279	1579	3031	1253
1535	3071	1279	1773	3032	1253
1791	3071	1279	1979	3032	1253
2047	3071	1279	2195	3033	1253
2303	3071	1279	2418	3033	1253
2559	3071	1279	2645	3034	1252
2815	3071	1279	2877	3035	1252
3071	3071	1279	3111	3036	1252
3327	3071	1279	3348	3038	1252
3583	3071	1279	3587	3039	1252
3839	3071	1279	3827	3040	1252
4095	3071	1279	4068	3042	1252
0	3327	1279	1089	3283	1257
255	3327	1279	1134	3283	1257
511	3327	1279	1209	3283	1257
767	3327	1279	1321	3283	1257
1023	3327	1279	1464	3283	1257
1279	3327	1279	1633	3283	1257
1535	3327	1279	1819	3284	1257
1791	3327	1279	2020	3284	1257
2047	3327	1279	2231	3285	1257
2303	3327	1279	2449	3286	1257
2559	3327	1279	2673	3286	1256
2815	3327	1279	2902	3287	1256
3071	3327	1279	3134	3288	1256
3327	3327	1279	3369	3289	1256
3583	3327	1279	3606	3290	1256
3839	3327	1279	3844	3292	1256
4095	3327	1279	4084	3293	1256
0	3583	1279	1179	3535	1261
255	3583	1279	1220	3535	1261
511	3583	1279	1289	3535	1261
767	3583	1279	1394	3535	1261
1023	3583	1279	1529	3536	1261
1279	3583	1279	1689	3536	1261
1535	3583	1279	1869	3536	1261
1791	3583	1279	2064	3537	1261
2047	3583	1279	2270	3537	1261
2303	3583	1279	2484	3538	1261
2559	3583	1279	2704	3538	1261
2815	3583	1279	2930	3539	1261
3071	3583	1279	3159	3540	1261
3327	3583	1279	3392	3541	1261
3583	3583	1279	3627	3542	1261
3839	3583	1279	3863	3543	1261
4095	3583	1279	4095	3539	1258
0	3839	1279	1269	3788	1266
255	3839	1279	1306	3788	1266
511	3839	1279	1371	3788	1266
767	3839	1279	1468	3788	1266
1023	3839	1279	1596	3788	1266
1279	3839	1279	1749	3788	1266
1535	3839	1279	1922	3789	1266
1791	3839	1279	2111	3789	1266
2047	3839	1279	2311	3789	1266
2303	3839	1279	2521	3790	1266
2559	3839	1279	2738	3791	1266
2815	3839	1279	2960	3791	1266
3071	3839	1279	3187	3792	1266
3327	3839	1279	3417	3793	1266
3583	3839	1279	3649	3794	1266
3839	3839	1279	3884	3795	1265
4095	3839	1279	4095	3772	1257
0	4095	1279	1359	4040	1271
255	4095	1279	1394	4040	1271
511	4095	1279	1454	4040	1271
767	4095	1279	1545	4040	1271
1023	4095	1279	1666	4040	1271
1279	4095	1279	1811	4041	1271
1535	4095	1279	1978	4041	1271
1791	4095	1279	2160	4041	1271
2047	4095	1279	2356	4042	1271
2303	4095	1279	2561	4042	1271
2559	4095	1279	2773	4043	1271
2815	4095	1279	2992	4044	1271
3071	4095	1279	3216	4044	1271
3327	4095	1279	3444	4045	1271
3583	4095	1279	3674	4046	1271
3839	4095	1279	3907	4047	1271
4095	4095	1279	4095	4002	1256
0	0	1535	238	68	1480
255	0	1535	396	69	1480
511	0	1535	587	71	1480
767	0	1535	806	75	1480
1023	0	1535	1038	80	1480
1279	0	1535	1276	86	1480
1535	0	1535	1518	95	1480
1791	0	1535	1762	105	1480
2047	0	1535	2007	118	1480
2303	0	1535	2253	133	1480
2559	0	1535	2500	150	1480
2815	0	1535	2747	169	1480
3071	0	1535	2995	189	1480
3327	0	1535	3243	210	1480
3583	0	1535	3491	232	1480
3839	0	1535	3739	254	1480
4095	0	1535	3987	277	1480
0	255	1535	256	296	1480
255	255	1535	408	297	1480
511	255	1535	595	298	1480
767	255	1535	812	301	1480
1023	255	1535	1042	304	1480
1279	255	1535	1280	308	1480
1535	255	1535	1521	314	1480
1791	255	1535	1764	320	1480
2047	255	1535	2009	328	1480
2303	255	1535	2255	337	1480
2559	255	1535	2502	347	1480
2815	255	1535	2749	357	1480
3071	255	1535	2996	369	1480
3327	255	1535	3244	382	1480
3583	255	1535	3492	396	1480
3839	255	1535	3740	411	1480
4095	255	1535	3988	427	1480
0	511	1535	285	529	1480
255	511	1535	428	529	1480
511	511	1535	610	530	1480
767	511	1535	823	531	1480
1023	511	1535	1050	533	1480
1279	511	1535	1286	536	1480
1535	511	1535	1526	539	1480
1791	511	1535	1769	543	1480
2047	511	1535	2013	548	1480
2303	511	1535	2258	553	1480
2559	511	1535	2504	560	1480
2815	511	1535	2751	567	1480
3071	511	1535	2998	575	1480
3327	511	1535	3246	583	1480
3583	511	1535	3494	593	1480
3839	511	1535	3741	603	1480
4095	511	1535	3990	614	1480
0	767	1535	329	772	1481
255	767	1535	460	772	1481
511	767	1535	633	773	1481
767	767	1535	839	774	1481
1023	767	1535	1063	775	1481
1279	767	1535	1296	777	1481
1535	767	1535	1534	779	1481
1791	767	1535	1775	782	1481
2047	767	1535	2019	785	1481
2303	767	1535	2263	789	1481
2559	767	1535	2509	794	1481
2815	767	1535	2755	798	1481
3071	767	1535	3002	804	1481
3327	767	1535	3249	810	1481
3583	767	1535	3496	817	1481
3839	767	1535	3744	824	1481
4095	767	1535	3992	832	1480
0	1023	1535	385	1020	1482
255	1023	1535	503	1020	1482
511	1023	1535	664	1021	1482
767	1023	1535	863	1021	1482
1023	1023	1535	1081	1022	1482
1279	1023	1535	1311	1024	1482
1535	1023	1535	1546	1025	1482
1791	1023	1535	1785	1027	1482
2047	1023	1535	2027	1030	1482
2303	1023	1535	2271	1032	1481
2559	1023	1535	2515	1036	1481
2815	1023	1535	2761	1039	1481
3071	1023	1535	3007	1043	1481
3327	1023	1535	3254	1048	1481
3583	1023	1535	3501	1053	1481
3839	1023	1535	3748	1058	1481
4095	1023	1535	3995	1064	1481
0	1279	1535	450	1270	1483
255	1279	1535	554	1270	1483
511	1279	1535	704	1270	1483
767	1279	1535	893	1271	1483
1023	1279	1535	1105	1271	1483
1279	1279	1535	1330	1272	1482
1535	1279	1535	1562	1274	1482
1791	1279	1535	1798	1275	1482
2047	1279	1535	2038	1277	1482
2303	1279	1535	2280	1279	1482
2559	1279	1535	2524	1282	1482
2815	1279	1535	2768	1285	1482
3071	1279	1535	3014	1288	1482
3327	1279	1535	3260	1291	1482
3583	1279	1535	3506	1295	1482
3839	1279	1535	3753	1300	1482
4095	1279	1535	4000	1304	1482
0	1535	1535	521	1520	1484
255	1535	1535	614	1520	1484
511	1535	1535	751	1521	1484
767	1535	1535	930	1521	1484
1023	1535	1535	1134	1522	1484
1279	1535	1535	1353	1522	1484
1535	1535	1535	1581	1523	1484
1791	1535	1535	1815	1525	1484
2047	1535	1535	2052	1526	1484
2303	1535	1535	2292	1528	1484
2559	1535	1535	2534	1530	1484
2815	1535	1535	2778	1532	1483
3071	1535	1535	3022	1535	1483
3327	1535	1535	3267	1538	1483
3583	1535	1535	3513	1541	1483
3839	1535	1535	3759	1544	1483
4095	1535	1535	4006	1548	1483
0	1791	1535	597	1771	1485
255	1791	1535	679	1772	1485
511	1791	1535	805	1772	1485
767	1791	1535	973	1772	1485
1023	1791	1535	1169	1773	1485
1279	1791	1535	1381	1773	1485
1535	1791	1535	1604	1774	1485
1791	1791	1535	1835	1775	1485
2047	1791	1535	2069	1776	1485
2303	1791	1535	2307	1778	1485
2559	1791	1535	2547	1780	1485
2815	1791	1535	2789	1782	1485
3071	1791	1535	3032	1784	1485
3327	1791	1535	3277	1786	1485
3583	1791	1535	3522	1789	1485
3839	1791	1535	3767	1792	1485
4095	1791	1535	4013	1795	1485
0	2047	1535	677	2023	1487
255	2047	1535	750	2023	1487
511	2047	1535	865	2023	1487
767	2047	1535	1022	2024	1487
1023	2047	1535	1209	2024	1487
1279	2047	1535	1414	2025	1487
1535	2047	1535	1632	2025	1487
1791	2047	1535	1858	2026	1487
2047	2047	1535	2089	2027	1487
2303	2047	1535	2325	2029	1487
2559	2047	1535	2563	2030	1487
2815	2047	1535	2803	2032	1487
3071	2047	1535	3045	2033	1487
3327	2047	1535	3288	2035	1487
3583	2047	1535	3532	2038	1486
3839	2047	1535	3776	2040	1486
4095	2047	1535	4022	2043	1486
0	2303	1535	759	2275	1489
255	2303	1535	824	2275	1489
511	2303	1535	929	2275	1489
767	2303	1535	1076	2275	1489
1023	2303	1535	1253	2276	1489
1279	2303	1535	1451	2276	1489
1535	2303	1535	1663	2277	1489
1791	2303	1535	1885	2278	1489
2047	2303	1535	2113	2279	1489
2303	2303	1535	2345	2280	1489
2559	2303	1535	2581	2281	1489
2815	2303	1535	2819	2282	1489
3071	2303	1535	3059	2284	1489
3327	2303	1535	3301	2286	1489
3583	2303	1535	3544	2288	1488
3839	2303	1535	3787	2290	1488
4095	2303	1535	4032	2292	1488
0	2559	1535	843	2527	1491
255	2559	1535	902	2527	1491
511	2559	1535	998	2527	1491
767	2559	1535	1134	2527	1491
1023	2559	1535	1303	2528	1491
1279	2559	1535	1493	2528	1491
1535	2559	1535	1699	2529	1491
1791	2559	1535	1915	2529	1491
2047	2559	1535	2139	2530	1491
2303	2559	1535	2368	2531	1491
2559	2559	1535	2601	2532	1491
2815	2559	1535	2837	2533	1491
3071	2559	1535	3076	2535	1491
3327	2559	1535	3316	2536	1491
3583	2559	1535	3557	2538	1491
3839	2559	1535	3800	2540	1491
4095	2559	1535	4043	2542	1491
0	2815	1535	929	2779	1494
255	2815	1535	982	2779	1494
511	2815	1535	1070	2779	1494
767	2815	1535	1197	2779	1494
1023	2815	1535	1356	2780	1494
1279	2815	1535	1539	2780	1494
1535	2815	1535	1738	2781	1494
1791	2815	1535	1949	2781	1494
2047	2815	1535	2168	2782	1494
2303	2815	1535	2394	2783	1494
2559	2815	1535	2624	2784	1494
2815	2815	1535	2858	2785	1494
3071	2815	1535	3094	2786	1493
3327	2815	1535	3333	2787	1493
3583	2815	1535	3573	2789	1493
3839	2815	1535	3814	2790	1493
4095	2815	1535	4056	2792	1493
0	3071	1535	1015	3031	1497
255	3071	1535	1064	3031	1497
511	3071	1535	1144	3031	1497
767	3071	1535	1263	3032	1497
1023	3071	1535	1414	3032	1497
1279	3071	1535	1588	3032	1497
1535	3071	1535	1781	3033	1497
1791	3071	1535	1986	3033	1497
2047	3071	1535	2201	3034	1497
2303	3071	1535	2423	3035	1497
2559	3071	1535	2650	3035	1496
2815	3071	1535	2881	3036	1496
3071	3071	1535	3115	3037	1496
3327	3071	1535	3351	3039	1496
3583	3071	1535	3590	3040	1496
3839	3071	1535	3830	3041	1496
4095	3071	1535	4071	3043	1496
0	3327	1535	1103	3284	1500
255	3327	1535	1147	3284	1500
511	3327	1535	1221	3284	1500
767	3327	1535	1332	3284	1500
1023	3327	1535	1474	3284	1500
1279	3327	1535	1641	3284	1500
1535	3327	1535	1827	3285	1500
1791	3327	1535	2027	3285	1500
2047	3327	1535	2237	3286	1500
2303	3327	1535	2454	3287	1500
2559	3327	1535	2678	3287	1500
2815	3327	1535	2906	3288	1500
3071	3327	1535	3138	3289	1500
3327	3327	1535	3372	3290	1500
3583	3327	1535	3609	3291	1500
3839	3327	1535	3847	3293	1499
4095	3327	1535	4087	3294	1499
0	3583	1535	1192	3536	1503
255	3583	1535	1232	3536	1503
511	3583	1535	1301	3536	1503
767	3583	1535	1404	3536	1503
1023	3583	1535	1538	3536	1503
1279	3583	1535	1698	3537	1503
1535	3583	1535	1877	3537	1503
1791	3583	1535	2070	3537	1503
2047	3583	1535	2275	3538	1503
2303	3583	1535	2489	3539	1503
2559	3583	1535	2709	3539	1503
2815	3583	1535	2934	3540	1503
3071	3583	1535	3163	3541	1503
3327	3583	1535	3395	3542	1503
3583	3583	1535	3630	3543	1503
3839	3583	1535	3866	3544	1503
4095	3583	1535	4095	3537	1499
0	3839	1535	1281	3788	1507
255	3839	1535	1318	3788	1507
511	3839	1535	1381	3788	1507
767	3839	1535	1478	3789	1507
1023	3839	1535	1605	3789	1507
1279	3839	1535	1757	3789	1507
1535	3839	1535	1929	3789	1507
1791	3839	1535	2117	3790	1507
2047	3839	1535	2317	3790	1507
2303	3839	1535	2526	3791	1507
2559	3839	1535	2742	3791	1507
2815	3839	1535	2964	3792	1507
3071	3839	1535	3190	3793	1507
3327	3839	1535	3420	3794	1507
3583	3839	1535	3652	3795	1507
3839	3839	1535	3887	3796	1507
4095	3839	1535	4095	3771	1496
0	4095	1535	1370	4041	1512
255	4095	1535	1404	4041	1512
511	4095	1535	1463	4041	1512
767	4095	1535	1554	4041	1512
1023	4095	1535	1674	4041	1512
1279	4095	1535	1819	4041	1512
1535	4095	1535	1985	4042	1512
1791	4095	1535	2166	4042	1512
2047	4095	1535	2361	4043	1512
2303	4095	1535	2566	4043	1512
2559	4095	1535	2778	4044	1512
2815	4095	1535	2996	4044	1511
3071	4095	1535	3220	4045	1511
3327	4095	1535	3447	4046	1511
3583	4095	1535	3677	4047	1511
3839	4095	1535	3910	4048	1511
4095	4095	1535	4095	4000	1493
0	0	1791	305	94	1728
255	0	1791	443	95	1728
511	0	1791	620	97	1728
767	0	1791	830	101	1728
1023	0	1791	1056	106	1728
1279	0	1791	1291	112	1728
1535	0	1791	1530	121	1728
1791	0	1791	1772	132	1728
2047	0	1791	2015	144	1728
2303	0	1791	2260	159	1728
2559	0	1791	2506	175	1728
2815	0	1791	2753	193	1728
3071	0	1791	3000	212	1728
3327	0	1791	3247	232	1728
3583	0	1791	3495	252	1728
3839	0	1791	3743	273	1728
4095	0	1791	3991	295	1728
0	255	1791	320	313	1728
255	255	1791	453	314	1728
511	255	1791	628	315	1728
767	255	1791	836	317	1728
1023	255	1791	1060	320	1728
1279	255	1791	1294	324	1728
1535	255	1791	1532	330	1728
1791	255	1791	1774	336	1728
2047	255	1791	2017	343	1728
2303	255	1791	2262	352	1728
2559	255	1791	2508	361	1728
2815	255	1791	2754	372	1728
3071	255	1791	3001	383	1728
3327	255	1791	3248	396	1728
3583	255	1791	3496	410	1728
3839	255	1791	3744	424	1728
4095	255	1791	3991	439	1728
0	511	1791	345	539	1728
255	511	1791	472	539	1728
511	511	1791	641	540	1728
767	511	1791	846	541	1728
1023	511	1791	1068	543	1728
1279	511	1791	1300	546	1728
1535	511	1791	1538	549	1728
1791	511	1791	1778	553	1728
2047	511	1791	2021	558	1728
2303	511	1791	2265	563	1728
2559	511	1791	2511	569	1728
2815	511	1791	2757	576	1728
3071	511	1791	3003	584	1728
3327	511	1791	3250	593	1728
3583	511	1791	3498	602	1728
3839	511	1791	3745	612	1728
4095	511	1791	3993	623	1728
0	767	1791	383	779	1729
255	767	1791	501	779	1729
511	767	1791	663	780	1729
767	767	1791	862	781	1729
1023	767	1791	1081	782	1729
1279	767	1791	1310	784	1729
1535	767	1791	1546	786	1729
1791	767	1791	1785	789	1729
2047	767	1791	2027	792	1729
2303	767	1791	2270	796	1729
2559	767	1791	2515	800	1729
2815	767	1791	2761	805	1729
3071	767	1791	3007	811	1729
3327	767	1791	3253	817	1729
3583	767	1791	3500	823	1728
3839	767	1791	3748	830	1728
4095	767	1791	3995	838	1728
0	1023	1791	433	1025	1729
255	1023	1791	541	1025	1729
511	1023	1791	693	1026	1729
767	1023	1791	885	1026	1729
1023	1023	1791	1099	1027	1729
1279	1023	1791	1324	1029	1729
1535	1023	1791	1557	1030	1729
1791	1023	1791	1795	1032	1729
2047	1023	1791	2035	1035	1729
2303	1023	1791	2278	1037	1729
2559	1023	1791	2521	1041	1729
2815	1023	1791	2766	1044	1729
3071	1023	1791	3012	1048	1729
3327	1023	1791	3258	1053	1729
3583	1023	1791	3505	1058	1729
3839	1023	1791	3752	1063	1729
4095	1023	1791	3999	1069	1729
0	1279	1791	492	1273	1730
255	1279	1791	589	1274	1730
511	1279	1791	731	1274	1730
767	1279	1791	915	1274	1730
1023	1279	1791	1122	1275	1730
1279	1279	1791	1343	1276	1730
1535	1279	1791	1573	1278	1730
1791	1279	1791	1808	1279	1730
2047	1279	1791	2046	1281	1730
2303	1279	1791	2287	1283	1730
2559	1279	1791	2530	1286	1730
2815	1279	1791	2774	1288	1730
3071	1279	1791	3018	1292	1730
3327	1279	1791	3264	1295	1730
3583	1279	1791	3510	1299	1730
3839	1279	1791	3757	1303	1730
4095	1279	1791	4003	1308	1730
0	1535	1791	558	1523	1731
255	1535	1791	645	1523	1731
511	1535	1791	777	1524	1731
767	1535	1791	951	1524	1731
1023	1535	1791	1150	1525	1731
1279	1535	1791	1366	1526	1731
1535	1535	1791	1592	1527	1731
1791	1535	1791	1824	1528	1731
2047	1535	1791	2060	1529	1731
2303	1535	1791	2299	1531	1731
2559	1535	1791	2540	1533	1731
2815	1535	1791	2783	1535	1731
3071	1535	1791	3027	1538	1731
3327	1535	1791	3272	1541	1731
3583	1535	1791	3517	1544	1731
3839	1535	1791	3763	1548	1731
4095	1535	1791	4009	1551	1731
0	1791	1791	629	1774	1732
255	1791	1791	708	1774	1732
511	1791	1791	829	1774	1732
767	1791	1791	993	1775	1732
1023	1791	1791	1185	1775	1732
1279	1791	1791	1394	1776	1732
1535	1791	1791	1615	1777	1732
1791	1791	1791	1844	1778	1732
2047	1791	1791	2077	1779	1732
2303	1791	1791	2314	1781	1732
2559	1791	1791	2553	1782	1732
2815	1791	1791	2795	1784	1732
3071	1791	1791	3037	1786	1732
3327	1791	1791	3281	1789	1732
3583	1791	1791	3526	1791	1732
3839	1791	1791	3771	1794	1732
4095	1791	1791	4016	1797	1732
0	2047	1791	705	2025	1734
255	2047	1791	776	2025	1734
511	2047	1791	887	2026	1734
767	2047	1791	1040	2026	1734
1023	2047	1791	1224	2026	1734
1279	2047	1791	1427	2027	1734
1535	2047	1791	1643	2028	1734
1791	2047	1791	1867	2028	1734
2047	2047	1791	2097	2029	1734
2303	2047	1791	2331	2031	1734
2559	2047	1791	2569	2032	1734
2815	2047	1791	2808	2034	1733
3071	2047	1791	3050	2036	1733
3327	2047	1791	3292	2038	1733
3583	2047	1791	3536	2040	1733
3839	2047	1791	3780	2042	1733
4095	2047	1791	4025	2045	1733
0	2303	1791	784	2277	1735
255	2303	1791	848	2277	1735
511	2303	1791	949	2277	1735
767	2303	1791	1093	2277	1735
1023	2303	1791	1268	2278	1735
1279	2303	1791	1464	2278	1735
1535	2303	1791	1674	2279	1735
1791	2303	1791	1894	2280	1735
2047	2303	1791	2120	2280	1735
2303	2303	1791	2352	2282	1735
2559	2303	1791	2587	2283	1735
2815	2303	1791	2824	2284	1735
3071	2303	1791	3064	2286	1735
3327	2303	1791	3305	2287	1735
3583	2303	1791	3548	2289	1735
3839	2303	1791	3791	2292	1735
4095	2303	1791	4035	2294	1735
0	2559	1791	866	2529	1737
255	2559	1791	923	2529	1737
511	2559	1791	1016	2529	1737
767	2559	1791	1151	2529	1737
1023	2559	1791	1317	2529	1737
1279	2559	1791	1505	2530	1737
1535	2559	1791	1709	2530	1737
1791	2559	1791	1924	2531	1737
2047	2559	1791	2147	2532	1737
2303	2559	1791	2375	2533	1737
2559	2559	1791	2607	2534	1737
2815	2559	1791	2843	2535	1737
3071	2559	1791	3080	2536	1737
3327	2559	1791	3320	2538	1737
3583	2559	1791	3561	2540	1737
3839	2559	1791	3803	2541	1737
4095	2559	1791	4046	2544	1737
0	2815	1791	949	2781	1739
255	2815	1791	1001	2781	1739
511	2815	1791	1087	2781	1739
767	2815	1791	1212	2781	1739
1023	2815	1791	1369	2781	1739
1279	2815	1791	1550	2782	1739
1535	2815	1791	1748	2782	1739
1791	2815	1791	1957	2783	1739
2047	2815	1791	2176	2783	1739
2303	2815	1791	2401	2784	1739
2559	2815	1791	2630	2785	1739
2815	2815	1791	2863	2786	1739
3071	2815	1791	3099	2787	1739
3327	2815	1791	3337	2789	1739
3583	2815	1791	3576	2790	1739
3839	2815	1791	3817	2792	1739
4095	2815	1791	4059	2794	1739
0	3071	1791	1034	3033	1742
255	3071	1791	1081	3033	1742
511	3071	1791	1160	3033	1742
767	3071	1791	1277	3033	1742
1023	3071	1791	1426	3033	1742
1279	3071	1791	1599	3034	1742
1535	3071	1791	1790	3034	1742
1791	3071	1791	1994	3034	1742
2047	3071	1791	2208	3035	1742
2303	3071	1791	2429	3036	1742
2559	3071	1791	2656	3037	1742
2815	3071	1791	2886	3038	1742
3071	3071	1791	3120	3039	1742
3327	3071	1791	3356	3040	1742
3583	3071	1791	3594	3041	1741
3839	3071	1791	3833	3043	1741
4095	3071	1791	4074	3044	1741
0	3327	1791	1120	3285	1744
255	3327	1791	1163	3285	1744
511	3327	1791	1236	3285	1744
767	3327	1791	1346	3285	1744
1023	3327	1791	1486	3285	1744
1279	3327	1791	1652	3286	1744
1535	3327	1791	1836	3286	1744
1791	3327	1791	2035	3286	1744
2047	3327	1791	2244	3287	1744
2303	3327	1791	2461	3288	1744
2559	3327	1791	2684	3288	1744
2815	3327	1791	2911	3289	1744
3071	3327	1791	3143	3290	1744
3327	3327	1791	3376	3291	1744
3583	3327	1791	3613	3293	1744
3839	3327	1791	3851	3294	1744
4095	3327	1791	4090	3295	1744
0	3583	1791	1207	3537	1747
255	3583	1791	1247	3537	1747
511	3583	1791	1314	3537	1747
767	3583	1791	1417	3537	1747
1023	3583	1791	1550	3538	1747
1279	3583	1791	1708	3538	1747
1535	3583	1791	1885	3538	1747
1791	3583	1791	2078	3539	1747
2047	3583	1791	2282	3539	1747
2303	3583	1791	2495	3540	1747
2559	3583	1791	2714	3540	1747
2815	3583	1791	2939	3541	1747
3071	3583	1791	3168	3542	1747
3327	3583	1791	3399	3543	1747
3583	3583	1791	3634	3544	1747
3839	3583	1791	3870	3545	1747
4095	3583	1791	4095	3536	1742
0	3839	1791	1295	3789	1751
255	3839	1791	1331	3789	1751
511	3839	1791	1394	3789	1751
767	3839	1791	1490	3790	1751
1023	3839	1791	1616	3790	1751
1279	3839	1791	1767	3790	1751
1535	3839	1791	1938	3790	1751
1791	3839	1791	2125	3791	1751
2047	3839	1791	2324	3791	1751
2303	3839	1791	2532	3792	1751
2559	3839	1791	2748	3792	1751
2815	3839	1791	2969	3793	1751
3071	3839	1791	3195	3794	1751
3327	3839	1791	3424	3795	1750
3583	3839	1791	3656	3796	1750
3839	3839	1791	3891	3797	1750
4095	3839	1791	4095	3769	1737
0	4095	1791	1383	4042	1754
255	4095	1791	1417	4042	1754
511	4095	1791	1476	4042	1754
767	4095	1791	1565	4042	1754
1023	4095	1791	1684	4042	1754
1279	4095	1791	1828	4042	1754
1535	4095	1791	1993	4043	1754
1791	4095	1791	2174	4043	1754
2047	4095	1791	2368	4043	1754
2303	4095	1791	2572	4044	1754
2559	4095	1791	2783	4045	1754
2815	4095	1791	3001	4045	1754
3071	4095	1791	3224	4046	1754
3327	4095	1791	3451	4047	1754
3583	4095	1791	3681	4048	1754
3839	4095	1791	3914	4049	1754
4095	4095	1791	4095	3998	1731
0	0	2047	373	125	1976
255	0	2047	493	126	1976
511	0	2047	657	128	1976
767	0	2047	857	132	1976
1023	0	2047	1077	137	1976
1279	0	2047	1307	144	1976
1535	0	2047	1543	152	1976
1791	0	2047	1783	163	1976
2047	0	2047	2025	175	1976
2303	0	2047	2269	189	1976
2559	0	2047	2514	204	1976
2815	0	2047	2759	220	1976
3071	0	2047	3006	237	1976
3327	0	2047	3252	255	1976
3583	0	2047	3500	274	1976
3839	0	2047	3747	294	1976
4095	0	2047	3995	315	1976
0	255	2047	385	332	1976
255	255	2047	503	333	1976
511	255	2047	664	334	1976
767	255	2047	863	336	1976
1023	255	2047	1081	339	1976
1279	255	2047	1311	343	1976
1535	255	2047	1546	348	1976
1791	255	2047	1785	354	1976
2047	255	2047	2027	361	1976
2303	255	2047	2271	369	1976
2559	255	2047	2515	378	1976
2815	255	2047	2761	388	1976
3071	255	2047	3007	400	1976
3327	255	2047	3254	412	1976
3583	255	2047	3501	425	1976
3839	255	2047	3748	439	1976
4095	255	2047	3995	454	1976
0	511	2047	407	551	1976
255	511	2047	520	551	1976
511	511	2047	677	552	1976
767	511	2047	873	553	1976
1023	511	2047	1089	555	1976
1279	511	2047	1317	558	1976
1535	511	2047	1551	561	1976
1791	511	2047	1790	565	1976
2047	511	2047	2031	569	1976
2303	511	2047	2274	575	1976
2559	511	2047	2518	581	1976
2815	511	2047	2763	587	1976
3071	511	2047	3009	595	1976
3327	511	2047	3255	603	1976
3583	511	2047	3502	612	1976
3839	511	2047	3750	622	1976
4095	511	2047	3997	633	1976
0	767	2047	440	787	1977
255	767	2047	547	787	1977
511	767	2047	698	788	1977
767	767	2047	889	789	1977
1023	767	2047	1101	790	1977
1279	767	2047	1327	792	1977
1535	767	2047	1559	794	1977
1791	767	2047	1796	797	1977
2047	767	2047	2037	800	1977
2303	767	2047	2279	804	1977
2559	767	2047	2522	808	1977
2815	767	2047	2767	813	1976
3071	767	2047	3013	818	1976
3327	767	2047	3259	824	1976
3583	767	2047	3505	831	1976
3839	767	2047	3752	838	1976
4095	767	2047	3999	846	1976
0	1023	2047	484	1031	1977
255	1023	2047	583	1031	1977
511	1023	2047	726	1032	1977
767	1023	2047	911	1032	1977
1023	1023	2047	1119	1033	1977
1279	1023	2047	1341	1035	1977
1535	1023	2047	1571	1036	1977
1791	1023	2047	1806	1038	1977
2047	1023	2047	2045	1041	1977
2303	1023	2047	2286	1043	1977
2559	1023	2047	2529	1047	1977
2815	1023	2047	2773	1050	1977
3071	1023	2047	3018	1054	1977
3327	1023	2047	3263	1059	1977
3583	1023	2047	3509	1064	1977
3839	1023	2047	3756	1069	1977
4095	1023	2047	4003	1075	1977
0	1279	2047	538	1278	1978
255	1279	2047	628	1278	1978
511	1279	2047	763	1279	1978
767	1279	2047	939	1279	1978
1023	1279	2047	1142	1280	1978
1279	1279	2047	1359	1281	1978
1535	1279	2047	1586	1282	1978
1791	1279	2047	1819	1284	1978
2047	1279	2047	2056	1286	1978
2303	1279	2047	2295	1288	1978
2559	1279	2047	2537	1290	1978
2815	1279	2047	2780	1293	1978
3071	1279	2047	3024	1296	1978
3327	1279	2047	3269	1300	1978
3583	1279	2047	3515	1304	1978
3839	1279	2047	3761	1308	1977
4095	1279	2047	4007	1313	1977
0	1535	2047	599	1527	1979
255	1535	2047	681	1527	1979
511	1535	2047	806	1527	1979
767	1535	2047	974	1528	1979
1023	1535	2047	1170	1529	1979
1279	1535	2047	1382	1529	1979
1535	1535	2047	1605	1530	1979
1791	1535	2047	1835	1532	1979
2047	1535	2047	2070	1533	1979
2303	1535	2047	2308	1535	1978
2559	1535	2047	2548	1537	1978
2815	1535	2047	2790	1539	1978
3071	1535	2047	3033	1542	1978
3327	1535	2047	3277	1545	1978
3583	1535	2047	3522	1548	1978
3839	1535	2047	3767	1551	1978
4095	1535	2047	4013	1555	1978
0	1791	2047	666	1777	1980
255	1791	2047	740	1777	1980
511	1791	2047	856	1777	1980
767	1791	2047	1015	1778	1980
1023	1791	2047	1203	1778	1980
1279	1791	2047	1410	1779	1980
1535	1791	2047	1628	1780	1980
1791	1791	2047	1855	1781	1980
2047	1791	2047	2087	1782	1980
2303	1791	2047	2322	1784	1979
2559	1791	2047	2561	1785	1979
2815	1791	2047	2801	1787	1979
3071	1791	2047	3043	1789	1979
3327	1791	2047	3286	1792	1979
3583	1791	2047	3530	1794	1979
3839	1791	2047	3775	1797	1979
4095	1791	2047	4020	1800	1979
0	2047	2047	738	2028	1981
255	2047	2047	805	2028	1981
511	2047	2047	912	2028	1981
767	2047	2047	1062	2028	1981
1023	2047	2047	1242	2029	1981
1279	2047	2047	1442	2029	1981
1535	2047	2047	1655	2030	1981
1791	2047	2047	1878	2031	1981
2047	2047	2047	2106	2032	1981
2303	2047	2047	2340	2033	1981
2559	2047	2047	2576	2035	1981
2815	2047	2047	2815	2036	1981
3071	2047	2047	3055	2038	1981
3327	2047	2047	3297	2040	1981
3583	2047	2047	3540	2042	1981
3839	2047	2047	3784	2045	1980
4095	2047	2047	4029	2048	1980
0	2303	2047	813	2279	1982
255	2303	2047	875	2279	1982
511	2303	2047	973	2279	1982
767	2303	2047	1114	2280	1982
1023	2303	2047	1285	2280	1982
1279	2303	2047	1478	2280	1982
1535	2303	2047	1686	2281	1982
1791	2303	2047	1904	2282	1982
2047	2303	2047	2129	2283	1982
2303	2303	2047	2360	2284	1982
2559	2303	2047	2594	2285	1982
2815	2303	2047	2831	2286	1982
3071	2303	2047	3070	2288	1982
3327	2303	2047	3310	2290	1982
3583	2303	2047	3552	2292	1982
3839	2303	2047	3795	2294	1982
4095	2303	2047	4039	2296	1982
0	2559	2047	892	2531	1984
255	2559	2047	948	2531	1984
511	2559	2047	1039	2531	1984
767	2559	2047	1170	2531	1984
1023	2559	2047	1333	2531	1984
1279	2559	2047	1519	2532	1984
1535	2559	2047	1721	2532	1984
1791	2559	2047	1934	2533	1984
2047	2559	2047	2156	2534	1984
2303	2559	2047	2383	2535	1984
2559	2559	2047	2614	2536	1984
2815	2559	2047	2849	2537	1984
3071	2559	2047	3086	2538	1984
3327	2559	2047	3325	2540	1984
3583	2559	2047	3566	2542	1984
3839	2559	2047	3808	2543	1984
4095	2559	2047	4050	2545	1983
0	2815	2047	973	2782	1986
255	2815	2047	1023	2782	1986
511	2815	2047	1107	2782	1986
767	2815	2047	1230	2783	1986
1023	2815	2047	1385	2783	1986
1279	2815	2047	1564	2783	1986
1535	2815	2047	1759	2784	1986
1791	2815	2047	1968	2784	1986
2047	2815	2047	2185	2785	1986
2303	2815	2047	2408	2786	1986
2559	2815	2047	2637	2787	1985
2815	2815	2047	2869	2788	1985
3071	2815	2047	3105	2789	1985
3327	2815	2047	3342	2791	1985
3583	2815	2047	3581	2792	1985
3839	2815	2047	3822	2794	1985
4095	2815	2047	4063	2795	1985
0	3071	2047	1056	3034	1988
255	3071	2047	1102	3034	1988
511	3071	2047	1179	3034	1988
767	3071	2047	1294	3035	1988
1023	3071	2047	1441	3035	1988
1279	3071	2047	1612	3035	1988
1535	3071	2047	1802	3036	1988
1791	3071	2047	2004	3036	1988
2047	3071	2047	2217	3037	1988
2303	3071	2047	2437	3037	1988
2559	3071	2047	2663	3038	1988
2815	3071	2047	2892	3039	1988
3071	3071	2047	3125	3040	1987
3327	3071	2047	3361	3042	1987
3583	3071	2047	3598	3043	1987
3839	3071	2047	3837	3044	1987
4095	3071	2047	4078	3046	1987
0	3327	2047	1140	3286	1990
255	3327	2047	1182	3286	1990
511	3327	2047	1254	3286	1990
767	3327	2047	1362	3286	1990
1023	3327	2047	1501	3287	1990
1279	3327	2047	1664	3287	1990
1535	3327	2047	1847	3287	1990
1791	3327	2047	2044	3288	1990
2047	3327	2047	2252	3288	1990
2303	3327	2047	2468	3289	1990
2559	3327	2047	2691	3290	1990
2815	3327	2047	2917	3291	1990
3071	3327	2047	3148	3292	1990
3327	3327	2047	3381	3293	1990
3583	3327	2047	3617	3294	1990
3839	3327	2047	3855	3295	1990
4095	3327	2047	4094	3297	1990
0	3583	2047	1225	3538	1992
255	3583	2047	1264	3538	1992
511	3583	2047	1331	3538	1992
767	3583	2047	1432	3539	1992
1023	3583	2047	1563	3539	1992
1279	3583	2047	1720	3539	1992
1535	3583	2047	1896	3539	1992
1791	3583	2047	2088	3540	1992
2047	3583	2047	2291	3540	1992
2303	3583	2047	2503	3541	1992
2559	3583	2047	2721	3542	1992
2815	3583	2047	2945	3542	1992
3071	3583	2047	3173	3543	1992
3327	3583	2047	3404	3544	1992
3583	3583	2047	3638	3545	1992
3839	3583	2047	3874	3547	1992
4095	3583	2047	4095	3534	1984
0	3839	2047	1311	3790	1995
255	3839	2047	1348	3791	1995
511	3839	2047	1410	3791	1995
767	3839	2047	1504	3791	1995
1023	3839	2047	1628	3791	1995
1279	3839	2047	1778	3791	1995
1535	3839	2047	1948	3792	1995
1791	3839	2047	2134	3792	1995
2047	3839	2047	2332	3792	1995
2303	3839	2047	2539	3793	1995
2559	3839	2047	2754	3794	1995
2815	3839	2047	2975	3794	1995
3071	3839	2047	3200	3795	1995
3327	3839	2047	3429	3796	1995
3583	3839	2047	3661	3797	1995
3839	3839	2047	3895	3798	1995
4095	3839	2047	4095	3766	1978
0	4095	2047	1399	4043	1998
255	4095	2047	1432	4043	1998
511	4095	2047	1490	4043	1998
767	4095	2047	1579	4043	1998
1023	4095	2047	1696	4043	1998
1279	4095	2047	1839	4043	1998
1535	4095	2047	2003	4044	1998
1791	4095	2047	2183	4044	1998
2047	4095	2047	2376	4044	1998
2303	4095	2047	2579	4045	1998
2559	4095	2047	2790	4046	1998
2815	4095	2047	3007	4046	1998
3071	4095	2047	3229	4047	1998
3327	4095	2047	3456	4048	1998
3583	4095	2047	3685	4049	1998
3839	4095	2047	3918	4050	1998
4095	4095	2047	4095	3995	1970
0	0	2303	440	161	2224
255	0	2303	547	163	2224
511	0	2303	698	165	2224
767	0	2303	889	168	2224
1023	0	2303	1101	173	2224
1279	0	2303	1327	180	2224
1535	0	2303	1559	187	2224
1791	0	2303	1796	197	2224
2047	0	2303	2036	208	2224
2303	0	2303	2279	220	2224
2559	0	2303	2522	234	2224
2815	0	2303	2767	248	2224
3071	0	2303	3013	264	2224
3327	0	2303	3259	281	2224
3583	0	2303	3505	299	2224
3839	0	2303	3752	318	2224
4095	0	2303	3999	337	2224
0	255	2303	451	353	2224
255	255	2303	555	354	2224
511	255	2303	705	355	2224
767	255	2303	894	357	2224
1023	255	2303	1106	360	2224
1279	255	2303	1330	364	2224
1535	255	2303	1562	368	2224
1791	255	2303	1799	374	2224
2047	255	2303	2038	381	2224
2303	255	2303	2280	389	2224
2559	255	2303	2524	397	2224
2815	255	2303	2768	407	2224
3071	255	2303	3014	418	2224
3327	255	2303	3260	430	2224
3583	255	2303	3506	442	2224
3839	255	2303	3753	456	2224
4095	255	2303	4000	470	2224
0	511	2303	470	564	2224
255	511	2303	571	565	2224
511	511	2303	717	565	2224
767	511	2303	903	567	2224
1023	511	2303	1113	569	2224
1279	511	2303	1336	571	2224
1535	511	2303	1567	574	2224
1791	511	2303	1803	578	2224
2047	511	2303	2042	582	2224
2303	511	2303	2283	588	2224
2559	511	2303	2527	593	2224
2815	511	2303	2771	600	2224
3071	511	2303	3016	608	2224
3327	511	2303	3262	616	2224
3583	511	2303	3508	625	2224
3839	511	2303	3755	634	2224
4095	511	2303	4002	645	2224
0	767	2303	499	797	2225
255	767	2303	595	797	2225
511	767	2303	736	797	2225
767	767	2303	918	798	2225
1023	767	2303	1125	800	2225
1279	767	2303	1346	801	2225
1535	767	2303	1575	804	2225
1791	767	2303	1810	806	2225
2047	767	2303	2048	809	2224
2303	767	2303	2288	813	2224
2559	767	2303	2531	817	2224
2815	767	2303	2775	822	2224
3071	767	2303	3019	827	2224
3327	767	2303	3265	833	2224
3583	767	2303	3511	840	2224
3839	767	2303	3757	847	2224
4095	767	2303	4004	854	2224
0	1023	2303	539	1038	2225
255	1023	2303	629	1038	2225
511	1023	2303	763	1039	2225
767	1023	2303	940	1039	2225
1023	1023	2303	1142	1040	2225
1279	1023	2303	1359	1041	2225
1535	1023	2303	1586	1043	2225
1791	1023	2303	1819	1045	2225
2047	1023	2303	2056	1047	2225
2303	1023	2303	2296	1050	2225
2559	1023	2303	2537	1053	2225
2815	1023	2303	2780	1057	2225
3071	1023	2303	3024	1061	2225
3327	1023	2303	3269	1065	2225
3583	1023	2303	3515	1070	2225
3839	1023	2303	3761	1076	2225
4095	1023	2303	4008	1082	2225
0	1279	2303	587	1284	2226
255	1279	2303	671	1284	2226
511	1279	2303	798	1284	2226
767	1279	2303	967	1285	2226
1023	1279	2303	1164	1285	2226
1279	1279	2303	1377	1286	2225
1535	1279	2303	1601	1288	2225
1791	1279	2303	1832	1289	2225
2047	1279	2303	2067	1291	2225
2303	1279	2303	2305	1293	2225
2559	1279	2303	2546	1296	2225
2815	1279	2303	2788	1298	2225
3071	1279	2303	3031	1302	2225
3327	1279	2303	3275	1305	2225
3583	1279	2303	3520	1309	2225
3839	1279	2303	3766	1313	2225
4095	1279	2303	4012	1318	2225
0	1535	2303	643	1531	2226
255	1535	2303	720	1532	2226
511	1535	2303	839	1532	2226
767	1535	2303	1001	1532	2226
1023	1535	2303	1192	1533	2226
1279	1535	2303	1400	1534	2226
1535	1535	2303	1620	1535	2226
1791	1535	2303	1848	1536	2226
2047	1535	2303	2081	1537	2226
2303	1535	2303	2317	1539	2226
2559	1535	2303	2556	1541	2226
2815	1535	2303	2797	1544	2226
3071	1535	2303	3040	1546	2226
3327	1535	2303	3283	1549	2226
3583	1535	2303	3527	1552	2226
3839	1535	2303	3772	1556	2226
4095	1535	2303	4018	1559	2226
0	1791	2303	706	1781	2227
255	1791	2303	777	1781	2227
511	1791	2303	888	1781	2227
767	1791	2303	1041	1781	2227
1023	1791	2303	1224	1782	2227
1279	1791	2303	1427	1783	2227
1535	1791	2303	1643	1783	2227
1791	1791	2303	1867	1785	2227
2047	1791	2303	2097	1786	2227
2303	1791	2303	2332	1787	2227
2559	1791	2303	2569	1789	2227
2815	1791	2303	2809	1791	2227
3071	1791	2303	3050	1793	2227
3327	1791	2303	3292	1795	2227
3583	1791	2303	3536	1798	2227
3839	1791	2303	3780	1801	2227
4095	1791	2303	4025	1804	2227
0	2047	2303	774	2031	2228
255	2047	2303	838	2031	2228
511	2047	2303	941	2031	2228
767	2047	2303	1086	2032	2228
1023	2047	2303	1262	2032	2228
1279	2047	2303	1459	2033	2228
1535	2047	2303	1670	2033	2228
1791	2047	2303	1890	2034	2228
2047	2047	2303	2117	2035	2228
2303	2047	2303	2349	2036	2228
2559	2047	2303	2584	2038	2228
2815	2047	2303	2822	2039	2228
3071	2047	2303	3062	2041	2228
3327	2047	2303	3303	2043	2228
3583	2047	2303	3546	2046	2228
3839	2047	2303	3789	2048	2228
4095	2047	2303	4034	2051	2228
0	2303	2303	846	2282	2229
255	2303	2303	905	2282	2229
511	2303	2303	1000	2282	2229
767	2303	2303	1137	2282	2229
1023	2303	2303	1305	2283	2229
1279	2303	2303	1495	2283	2229
1535	2303	2303	1700	2284	2229
1791	2303	2303	1916	2284	2229
2047	2303	2303	2140	2285	2229
2303	2303	2303	2369	2286	2229
2559	2303	2303	2602	2288	2229
2815	2303	2303	2838	2289	2229
3071	2303	2303	3076	2291	2229
3327	2303	2303	3316	2292	2229
3583	2303	2303	3558	2294	2229
3839	2303	2303	3800	2296	2229
4095	2303	2303	4044	2299	2229
0	2559	2303	922	2533	2231
255	2559	2303	975	2533	2231
511	2559	2303	1064	2533	2231
767	2559	2303	1192	2533	2231
1023	2559	2303	1352	2534	2231
1279	2559	2303	1535	2534	2231
1535	2559	2303	1735	2535	2231
1791	2559	2303	1946	2535	2231
2047	2559	2303	2166	2536	2231
2303	2559	2303	2392	2537	2231
2559	2559	2303	2622	2538	2231
2815	2559	2303	2856	2539	2231
3071	2559	2303	3093	2541	2231
3327	2559	2303	3331	2542	2231
3583	2559	2303	3571	2544	2230
3839	2559	2303	3813	2546	2230
4095	2559	2303	4055	2548	2230
0	2815	2303	1000	2784	2232
255	2815	2303	1049	2784	2232
511	2815	2303	1131	2785	2232
767	2815	2303	1251	2785	2232
1023	2815	2303	1403	2785	2232
1279	2815	2303	1579	2785	2232
1535	2815	2303	1773	2786	2232
1791	2815	2303	1979	2786	2232
2047	2815	2303	2195	2787	2232
2303	2815	2303	2418	2788	2232
2559	2815	2303	2645	2789	2232
2815	2815	2303	2877	2790	2232
3071	2815	2303	3111	2791	2232
3327	2815	2303	3348	2793	2232
3583	2815	2303	3587	2794	2232
3839	2815	2303	3827	2796	2232
4095	2815	2303	4068	2798	2232
0	3071	2303	1080	3036	2234
255	3071	2303	1125	3036	2234
511	3071	2303	1201	3036	2234
767	3071	2303	1314	3036	2234
1023	3071	2303	1458	3037	2234
1279	3071	2303	1627	3037	2234
1535	3071	2303	1815	3037	2234
1791	3071	2303	2016	3038	2234
2047	3071	2303	2227	3039	2234
2303	3071	2303	2446	3039	2234
2559	3071	2303	2671	3040	2234
2815	3071	2303	2899	3041	2234
3071	3071	2303	3132	3042	2234
3327	3071	2303	3367	3043	2234
3583	3071	2303	3604	3045	2234
3839	3071	2303	3842	3046	2234
4095	3071	2303	4082	3048	2234
0	3327	2303	1162	3288	2236
255	3327	2303	1204	3288	2236
511	3327	2303	1274	3288	2236
767	3327	2303	1380	3288	2236
1023	3327	2303	1517	3288	2236
1279	3327	2303	1679	3289	2236
1535	3327	2303	1860	3289	2236
1791	3327	2303	2056	3290	2236
2047	3327	2303	2262	3290	2236
2303	3327	2303	2477	3291	2236
2559	3327	2303	2698	3292	2236
2815	3327	2303	2925	3292	2236
3071	3327	2303	3154	3293	2236
3327	3327	2303	3387	3295	2236
3583	3327	2303	3623	3296	2236
3839	3327	2303	3860	3297	2236
4095	3327	2303	4095	3296	2234
0	3583	2303	1246	3540	2238
255	3583	2303	1284	3540	2238
511	3583	2303	1350	3540	2238
767	3583	2303	1449	3540	2238
1023	3583	2303	1579	3540	2238
1279	3583	2303	1734	3541	2238
1535	3583	2303	1908	3541	2238
1791	3583	2303	2098	3541	2238
2047	3583	2303	2300	3542	2238
2303	3583	2303	2511	3542	2238
2559	3583	2303	2729	3543	2238
2815	3583	2303	2952	3544	2238
3071	3583	2303	3179	3545	2238
3327	3583	2303	3410	3546	2238
3583	3583	2303	3643	3547	2238
3839	3583	2303	3879	3548	2238
4095	3583	2303	4095	3531	2226
0	3839	2303	1331	3792	2241
255	3839	2303	1366	3792	2241
511	3839	2303	1427	3792	2241
767	3839	2303	1520	3792	2241
1023	3839	2303	1643	3792	2241
1279	3839	2303	1791	3793	2241
1535	3839	2303	1960	3793	2241
1791	3839	2303	2144	3793	2241
2047	3839	2303	2341	3794	2241
2303	3839	2303	2548	3794	2241
2559	3839	2303	2762	3795	2241
2815	3839	2303	2982	3796	2240
3071	3839	2303	3206	3796	2240
3327	3839	2303	3435	3797	2240
3583	3839	2303	3666	3798	2240
3839	3839	2303	3900	3800	2240
4095	3839	2303	4095	3763	2218
0	4095	2303	1416	4044	2243
255	4095	2303	1449	4044	2243
511	4095	2303	1506	4044	2243
767	4095	2303	1594	4044	2243
1023	4095	2303	1711	4044	2243
1279	4095	2303	1852	4045	2243
1535	4095	2303	2014	4045	2243
1791	4095	2303	2193	4045	2243
2047	4095	2303	2385	4046	2243
2303	4095	2303	2587	4046	2243
2559	4095	2303	2797	4047	2243
2815	4095	2303	3014	4048	2243
3071	4095	2303	3236	4048	2243
3327	4095	2303	3462	4049	2243
3583	4095	2303	3691	4050	2243
3839	4095	2303	3922	4051	2243
4095	4095	2303	4095	3992	2210
0	0	2559	507	201	2472
255	0	2559	602	202	2472
511	0	2559	742	204	2472
767	0	2559	923	207	2472
1023	0	2559	1128	211	2472
1279	0	2559	1348	217	2472
1535	0	2559	1577	224	2472
1791	0	2559	1811	232	2472
2047	0	2559	2049	242	2472
2303	0	2559	2290	253	2472
2559	0	2559	2532	265	2472
2815	0	2559	2776	279	2472
3071	0	2559	3020	293	2472
3327	0	2559	3266	309	2472
3583	0	2559	3512	325	2472
3839	0	2559	3758	343	2472
4095	0	2559	4005	361	2472
0	255	2559	517	377	2472
255	255	2559	610	377	2472
511	255	2559	748	378	2472
767	255	2559	928	380	2472
1023	255	2559	1132	383	2472
1279	255	2559	1352	386	2472
1535	255	2559	1580	391	2472
1791	255	2559	1814	396	2472
2047	255	2559	2051	403	2472
2303	255	2559	2292	410	2472
2559	255	2559	2534	418	2472
2815	255	2559	2777	428	2472
3071	255	2559	3022	438	2472
3327	255	2559	3267	449	2472
3583	255	2559	3513	461	2472
3839	255	2559	3759	474	2472
4095	255	2559	4006	488	2472
0	511	2559	533	579	2472
255	511	2559	625	580	2472
511	511	2559	760	581	2472
767	511	2559	937	582	2472
1023	511	2559	1140	584	2472
1279	511	2559	1358	586	2472
1535	511	2559	1585	589	2472
1791	511	2559	1818	593	2472
2047	511	2559	2055	597	2472
2303	511	2559	2295	602	2472
2559	511	2559	2536	608	2472
2815	511	2559	2780	615	2472
3071	511	2559	3024	622	2472
3327	511	2559	3269	630	2472
3583	511	2559	3514	638	2472
3839	511	2559	3761	648	2472
4095	511	2559	4007	658	2472
0	767	2559	560	807	2472
255	767	2559	647	808	2472
511	767	2559	778	808	2472
767	767	2559	952	809	2472
1023	767	2559	1151	810	2472
1279	767	2559	1367	812	2472
1535	767	2559	1593	814	2472
1791	767	2559	1825	817	2472
2047	767	2559	2061	820	2472
2303	767	2559	2300	823	2472
2559	767	2559	2541	828	2472
2815	767	2559	2783	832	2472
3071	767	2559	3027	838	2472
3327	767	2559	3272	843	2472
3583	767	2559	3517	850	2472
3839	767	2559	3763	857	2472
4095	767	2559	4010	864	2472
0	1023	2559	595	1046	2473
255	1023	2559	678	1046	2473
511	1023	2559	804	1047	2473
767	1023	2559	972	1047	2473
1023	1023	2559	1168	1048	2473
1279	1023	2559	1381	1049	2473
1535	1023	2559	1604	1051	2473
1791	1023	2559	1834	1053	2473
2047	1023	2559	2069	1055	2473
2303	1023	2559	2307	1058	2473
2559	1023	2559	2547	1061	2473
2815	1023	2559	2789	1065	2473
3071	1023	2559	3032	1069	2473
3327	1023	2559	3276	1073	2473
3583	1023	2559	3521	1078	2473
3839	1023	2559	3767	1083	2473
4095	1023	2559	4013	1089	2473
0	1279	2559	639	1290	2473
255	1279	2559	717	1290	2473
511	1279	2559	836	1290	2473
767	1279	2559	999	1291	2473
1023	1279	2559	1190	1292	2473
1279	1279	2559	1398	1293	2473
1535	1279	2559	1619	1294	2473
1791	1279	2559	1847	1295	2473
2047	1279	2559	2080	1297	2473
2303	1279	2559	2316	1299	2473
2559	1279	2559	2555	1302	2473
2815	1279	2559	2796	1305	2473
3071	1279	2559	3039	1308	2473
3327	1279	2559	3282	1311	2473
3583	1279	2559	3527	1315	2473
3839	1279	2559	3772	1319	2473
4095	1279	2559	4018	1324	2473
0	1535	2559	691	1537	2474
255	1535	2559	763	1537	2474
511	1535	2559	876	1537	2474
767	1535	2559	1031	1537	2474
1023	1535	2559	1216	1538	2474
1279	1535	2559	1421	1539	2474
1535	1535	2559	1637	1540	2474
1791	1535	2559	1862	1541	2474
2047	1535	2559	2093	1542	2474
2303	1535	2559	2328	1544	2474
2559	1535	2559	2566	1546	2474
2815	1535	2559	2806	1549	2474
3071	1535	2559	3047	1551	2474
3327	1535	2559	3290	1554	2474
3583	1535	2559	3534	1557	2474
3839	1535	2559	3778	1561	2474
4095	1535	2559	4023	1564	2474
0	1791	2559	750	1785	2475
255	1791	2559	816	1785	2475
511	1791	2559	922	1785	2475
767	1791	2559	1070	1786	2475
1023	1791	2559	1248	1786	2475
1279	1791	2559	1447	1787	2475
1535	1791	2559	1660	1788	2475
1791	1791	2559	1882	1789	2475
2047	1791	2559	2110	1790	2475
2303	1791	2559	2343	1791	2475
2559	1791	2559	2579	1793	2475
2815	1791	2559	2817	1795	2475
3071	1791	2559	3058	1797	2475
3327	1791	2559	3299	1799	2475
3583	1791	2559	3542	1802	2475
3839	1791	2559	3786	1805	2474
4095	1791	2559	4031	1808	2474
0	2047	2559	814	2034	2476
255	2047	2559	875	2035	2476
511	2047	2559	974	2035	2476
767	2047	2559	1114	2035	2476
1023	2047	2559	1285	2036	2476
1279	2047	2559	1478	2036	2476
1535	2047	2559	1686	2037	2476
1791	2047	2559	1904	2038	2476
2047	2047	2559	2130	2039	2476
2303	2047	2559	2360	2040	2476
2559	2047	2559	2594	2041	2476
2815	2047	2559	2831	2043	2475
3071	2047	2559	3070	2045	2475
3327	2047	2559	3310	2047	2475
3583	2047	2559	3552	2049	2475
3839	2047	2559	3795	2052	2475
4095	2047	2559	4039	2054	2475
0	2303	2559	882	2285	2477
255	2303	2559	939	2285	2477
511	2303	2559	1031	2285	2477
767	2303	2559	1163	2285	2477
1023	2303	2559	1327	2286	2477
1279	2303	2559	1514	2286	2477
1535	2303	2559	1716	2287	2477
1791	2303	2559	1930	2288	2477
2047	2303	2559	2152	2288	2477
2303	2303	2559	2380	2289	2477
2559	2303	2559	2612	2291	2477
2815	2303	2559	2847	2292	2477
3071	2303	2559	3084	2294	2477
3327	2303	2559	3323	2295	2476
3583	2303	2559	3564	2297	2476
3839	2303	2559	3806	2299	2476
4095	2303	2559	4049	2302	2476
0	2559	2559	955	2536	2478
255	2559	2559	1006	2536	2478
511	2559	2559	1092	2536	2478
767	2559	2559	1217	2536	2478
1023	2559	2559	1373	2536	2478
1279	2559	2559	1553	2537	2478
1535	2559	2559	1751	2537	2478
1791	2559	2559	1960	2538	2478
2047	2559	2559	2178	2539	2478
2303	2559	2559	2403	2540	2478
2559	2559	2559	2632	2541	2478
2815	2559	2559	2865	2542	2478
3071	2559	2559	3100	2543	2478
3327	2559	2559	3338	2545	2478
3583	2559	2559	3578	2547	2478
3839	2559	2559	3818	2548	2478
4095	2559	2559	4060	2550	2478
0	2815	2559	1030	2787	2479
255	2815	2559	1078	2787	2479
511	2815	2559	1157	2787	2479
767	2815	2559	1275	2787	2479
1023	2815	2559	1424	2787	2479
1279	2815	2559	1597	2788	2479
1535	2815	2559	1788	2788	2479
1791	2815	2559	1993	2789	2479
2047	2815	2559	2207	2790	2479
2303	2815	2559	2428	2790	2479
2559	2815	2559	2654	2791	2479
2815	2815	2559	2885	2792	2479
3071	2815	2559	3119	2794	2479
3327	2815	2559	3355	2795	2479
3583	2815	2559	3593	2796	2479
3839	2815	2559	3832	2798	2479
4095	2815	2559	4073	2800	2479
0	3071	2559	1108	3038	2481
255	3071	2559	1152	3038	2481
511	3071	2559	1226	3038	2481
767	3071	2559	1336	3038	2481
1023	3071	2559	1478	3039	2481
1279	3071	2559	1644	3039	2481
1535	3071	2559	1830	3039	2481
1791	3071	2559	2029	3040	2481
2047	3071	2559	2239	3041	2481
2303	3071	2559	2456	3041	2481
2559	3071	2559	2680	3042	2481
2815	3071	2559	2908	3043	2481
3071	3071	2559	3139	3044	2481
3327	3071	2559	3373	3046	2481
3583	3071	2559	3610	3047	2481
3839	3071	2559	3848	3048	2481
4095	3071	2559	4088	3050	2481
0	3327	2559	1188	3290	2483
255	3327	2559	1228	3290	2483
511	3327	2559	1297	3290	2483
767	3327	2559	1401	3290	2483
1023	3327	2559	1536	3290	2482
1279	3327	2559	1695	3291	2482
1535	3327	2559	1874	3291	2482
1791	3327	2559	2068	3291	2482
2047	3327	2559	2274	3292	2482
2303	3327	2559	2487	3293	2482
2559	3327	2559	2708	3293	2482
2815	3327	2559	2933	3294	2482
3071	3327	2559	3162	3295	2482
3327	3327	2559	3394	3296	2482
3583	3327	2559	3629	3298	2482
3839	3327	2559	3865	3299	2482
4095	3327	2559	4095	3293	2477
0	3583	2559	1269	3542	2484
255	3583	2559	1307	3542	2484
511	3583	2559	1371	3542	2484
767	3583	2559	1469	3542	2484
1023	3583	2559	1596	3542	2484
1279	3583	2559	1749	3542	2484
1535	3583	2559	1922	3543	2484
1791	3583	2559	2111	3543	2484
2047	3583	2559	2311	3544	2484
2303	3583	2559	2521	3544	2484
2559	3583	2559	2738	3545	2484
2815	3583	2559	2960	3546	2484
3071	3583	2559	3187	3547	2484
3327	3583	2559	3417	3548	2484
3583	3583	2559	3650	3549	2484
3839	3583	2559	3885	3550	2484
4095	3583	2559	4095	3528	2468
0	3839	2559	1352	3793	2487
255	3839	2559	1387	3794	2487
511	3839	2559	1447	3794	2487
767	3839	2559	1539	3794	2487
1023	3839	2559	1660	3794	2487
1279	3839	2559	1807	3794	2486
1535	3839	2559	1973	3794	2486
1791	3839	2559	2156	3795	2486
2047	3839	2559	2352	3795	2486
2303	3839	2559	2558	3796	2486
2559	3839	2559	2771	3797	2486
2815	3839	2559	2990	3797	2486
3071	3839	2559	3214	3798	2486
3327	3839	2559	3441	3799	2486
3583	3839	2559	3672	3800	2486
3839	3839	2559	3905	3801	2486
4095	3839	2559	4095	3760	2459
0	4095	2559	1437	4045	2489
255	4095	2559	1469	4046	2489
511	4095	2559	1525	4046	2489
767	4095	2559	1612	4046	2489
1023	4095	2559	1727	4046	2489
1279	4095	2559	1867	4046	2489
1535	4095	2559	2027	4046	2489
1791	4095	2559	2205	4047	2489
2047	4095	2559	2396	4047	2489
2303	4095	2559	2597	4048	2489
2559	4095	2559	2806	4048	2489
2815	4095	2559	3022	4049	2489
3071	4095	2559	3243	4050	2489
3327	4095	2559	3468	4051	2489
3583	4095	2559	3697	4051	2489
3839	4095	2559	3928	4052	2489
4095	4095	2559	4095	3989	2449
0	0	2815	575	240	2720
255	0	2815	660	241	2720
511	0	2815	789	242	2720
767	0	2815	960	245	2720
1023	0	2815	1158	249	2720
1279	0	2815	1373	254	2720
1535	0	2815	1597	260	2720
1791	0	2815	1829	268	2720
2047	0	2815	2064	277	2720
2303	0	2815	2303	287	2720
2559	0	2815	2543	298	2720
2815	0	2815	2786	310	2720
3071	0	2815	3029	324	2720
3327	0	2815	3274	338	2720
3583	0	2815	3519	354	2720
3839	0	2815	3765	370	2720
4095	0	2815	4011	387	2720
0	255	2815	583	402	2720
255	255	2815	667	402	2720
511	255	2815	795	403	2720
767	255	2815	965	405	2720
1023	255	2815	1162	408	2720
1279	255	2815	1376	411	2720
1535	255	2815	1600	415	2720
1791	255	2815	1831	420	2720
2047	255	2815	2066	426	2720
2303	255	2815	2304	433	2720
2559	255	2815	2545	441	2720
2815	255	2815	2787	450	2720
3071	255	2815	3030	460	2720
3327	255	2815	3275	471	2720
3583	255	2815	3520	482	2720
3839	255	2815	3766	495	2720
4095	255	2815	4012	508	2720
0	511	2815	598	596	2720
255	511	2815	680	597	2720
511	511	2815	806	597	2720
767	511	2815	974	599	2720
1023	511	2815	1169	600	2720
1279	511	2815	1382	603	2720
1535	511	2815	1605	606	2720
1791	511	2815	1835	609	2720
2047	511	2815	2069	613	2720
2303	511	2815	2307	618	2720
2559	511	2815	2548	624	2720
2815	511	2815	2789	630	2720
3071	511	2815	3033	637	2720
3327	511	2815	3277	645	2720
3583	511	2815	3522	654	2720
3839	511	2815	3767	663	2720
4095	511	2815	4013	673	2720
0	767	2815	621	819	2720
255	767	2815	701	820	2720
511	767	2815	823	820	2720
767	767	2815	988	821	2720
1023	767	2815	1181	822	2720
1279	767	2815	1391	824	2720
1535	767	2815	1613	826	2720
1791	767	2815	1841	829	2720
2047	767	2815	2075	832	2720
2303	767	2815	2312	835	2720
2559	767	2815	2552	839	2720
2815	767	2815	2793	844	2720
3071	767	2815	3036	849	2720
3327	767	2815	3280	855	2720
3583	767	2815	3525	861	2720
3839	767	2815	3770	868	2720
4095	767	2815	4016	875	2720
0	1023	2815	653	1055	2721
255	1023	2815	729	1055	2721
511	1023	2815	847	1055	2721
767	1023	2815	1007	1056	2721
1023	1023	2815	1197	1057	2721
1279	1023	2815	1404	1058	2721
1535	1023	2815	1624	1060	2721
1791	1023	2815	1851	1062	2721
2047	1023	2815	2083	1064	2721
2303	1023	2815	2319	1067	2721
2559	1023	2815	2558	1070	2721
2815	1023	2815	2799	1074	2721
3071	1023	2815	3041	1078	2721
3327	1023	2815	3284	1082	2721
3583	1023	2815	3529	1087	2721
3839	1023	2815	3774	1092	2721
4095	1023	2815	4019	1098	2721
0	1279	2815	694	1297	2721
255	1279	2815	765	1297	2721
511	1279	2815	878	1297	2721
767	1279	2815	1033	1298	2721
1023	1279	2815	1218	1299	2721
1279	1279	2815	1422	1300	2721
1535	1279	2815	1638	1301	2721
1791	1279	2815	1863	1302	2721
2047	1279	2815	2094	1304	2721
2303	1279	2815	2329	1306	2721
2559	1279	2815	2566	1309	2721
2815	1279	2815	2806	1312	2721
3071	1279	2815	3048	1315	2721
3327	1279	2815	3290	1318	2721
3583	1279	2815	3534	1322	2721
3839	1279	2815	3779	1326	2721
4095	1279	2815	4024	1331	2721
0	1535	2815	742	1542	2722
255	1535	2815	809	1542	2722
511	1535	2815	915	1543	2722
767	1535	2815	1065	1543	2722
1023	1535	2815	1244	1544	2722
1279	1535	2815	1443	1544	2722
1535	1535	2815	1657	1545	2722
1791	1535	2815	1879	1547	2722
2047	1535	2815	2108	1548	2722
2303	1535	2815	2341	1550	2722
2559	1535	2815	2577	1552	2722
2815	1535	2815	2816	1554	2722
3071	1535	2815	3056	1557	2722
3327	1535	2815	3298	1560	2722
3583	1535	2815	3541	1563	2722
3839	1535	2815	3785	1566	2722
4095	1535	2815	4030	1570	2721
0	1791	2815	796	1790	2722
255	1791	2815	859	1790	2722
511	1791	2815	959	1790	2722
767	1791	2815	1102	1790	2722
1023	1791	2815	1275	1791	2722
1279	1791	2815	1470	1792	2722
1535	1791	2815	1679	1792	2722
1791	1791	2815	1898	1793	2722
2047	1791	2815	2124	1795	2722
2303	1791	2815	2355	1796	2722
2559	1791	2815	2590	1798	2722
2815	1791	2815	2827	1800	2722
3071	1791	2815	3066	1802	2722
3327	1791	2815	3307	1804	2722
3583	1791	2815	3549	1807	2722
3839	1791	2815	3793	1810	2722
4095	1791	2815	4037	1813	2722
0	2047	2815	857	2039	2723
255	2047	2815	915	2039	2723
511	2047	2815	1009	2039	2723
767	2047	2815	1144	2039	2723
1023	2047	2815	1311	2040	2723
1279	2047	2815	1500	2040	2723
1535	2047	2815	1705	2041	2723
1791	2047	2815	1920	2042	2723
2047	2047	2815	2143	2043	2723
2303	2047	2815	2372	2044	2723
2559	2047	2815	2605	2045	2723
2815	2047	2815	2840	2047	2723
3071	2047	2815	3078	2049	2723
3327	2047	2815	3318	2051	2723
3583	2047	2815	3560	2053	2723
3839	2047	2815	3802	2055	2723
4095	2047	2815	4045	2058	2723
0	2303	2815	922	2288	2724
255	2303	2815	975	2288	2724
511	2303	2815	1064	2288	2724
767	2303	2815	1192	2289	2724
1023	2303	2815	1352	2289	2724
1279	2303	2815	1535	2290	2724
1535	2303	2815	1735	2290	2724
1791	2303	2815	1946	2291	2724
2047	2303	2815	2166	2292	2724
2303	2303	2815	2392	2293	2724
2559	2303	2815	2622	2294	2724
2815	2303	2815	2856	2296	2724
3071	2303	2815	3093	2297	2724
3327	2303	2815	3331	2299	2724
3583	2303	2815	3571	2301	2724
3839	2303	2815	3813	2303	2724
4095	2303	2815	4055	2305	2724
0	2559	2815	991	2539	2725
255	2559	2815	1040	2539	2725
511	2559	2815	1123	2539	2725
767	2559	2815	1244	2539	2725
1023	2559	2815	1397	2539	2725
1279	2559	2815	1574	2540	2725
1535	2559	2815	1768	2540	2725
1791	2559	2815	1975	2541	2725
2047	2559	2815	2192	2542	2725
2303	2559	2815	2414	2543	2725
2559	2559	2815	2642	2544	2725
2815	2559	2815	2874	2545	2725
3071	2559	2815	3109	2546	2725
3327	2559	2815	3346	2548	2725
3583	2559	2815	3585	2550	2725
3839	2559	2815	3825	2551	2725
4095	2559	2815	4066	2553	2725
0	2815	2815	1063	2789	2726
255	2815	2815	1109	2789	2726
511	2815	2815	1186	2790	2726
767	2815	2815	1301	2790	2726
1023	2815	2815	1446	2790	2726
1279	2815	2815	1617	2790	2726
1535	2815	2815	1806	2791	2726
1791	2815	2815	2008	2792	2726
2047	2815	2815	2220	2792	2726
2303	2815	2815	2440	2793	2726
2559	2815	2815	2665	2794	2726
2815	2815	2815	2894	2795	2726
3071	2815	2815	3127	2796	2726
3327	2815	2815	3363	2798	2726
3583	2815	2815	3600	2799	2726
3839	2815	2815	3839	2801	2726
4095	2815	2815	4079	2803	2726
0	3071	2815	1138	3041	2728
255	3071	2815	1181	3041	2728
511	3071	2815	1253	3041	2728
767	3071	2815	1361	3041	2728
1023	3071	2815	1500	3041	2728
1279	3071	2815	1663	3041	2728
1535	3071	2815	1846	3042	2728
1791	3071	2815	2044	3042	2728
2047	3071	2815	2252	3043	2728
2303	3071	2815	2468	3044	2728
2559	3071	2815	2690	3045	2728
2815	3071	2815	2917	3046	2728
3071	3071	2815	3148	3047	2728
3327	3071	2815	3381	3048	2728
3583	3071	2815	3617	3049	2728
3839	3071	2815	3855	3051	2728
4095	3071	2815	4094	3052	2728
0	3327	2815	1216	3292	2729
255	3327	2815	1256	3292	2729
511	3327	2815	1323	3292	2729
767	3327	2815	1424	3292	2729
1023	3327	2815	1556	3292	2729
1279	3327	2815	1714	3293	2729
1535	3327	2815	1891	3293	2729
1791	3327	2815	2083	3294	2729
2047	3327	2815	2286	3294	2729
2303	3327	2815	2499	3295	2729
2559	3327	2815	2718	3296	2729
2815	3327	2815	2942	3297	2729
3071	3327	2815	3170	3297	2729
3327	3327	2815	3402	3299	2729
3583	3327	2815	3636	3300	2729
3839	3327	2815	3872	3301	2729
4095	3327	2815	4095	3291	2719
0	3583	2815	1296	3544	2731
255	3583	2815	1332	3544	2731
511	3583	2815	1395	3544	2731
767	3583	2815	1491	3544	2731
1023	3583	2815	1616	3544	2731
1279	3583	2815	1767	3544	2731
1535	3583	2815	1938	3545	2731
1791	3583	2815	2125	3545	2731
2047	3583	2815	2324	3546	2731
2303	3583	2815	2532	3546	2731
2559	3583	2815	2748	3547	2731
2815	3583	2815	2969	3548	2731
3071	3583	2815	3195	3549	2731
3327	3583	2815	3424	3550	2731
3583	3583	2815	3657	3551	2731
3839	3583	2815	3891	3552	2731
4095	3583	2815	4095	3525	2709
0	3839	2815	1377	3795	2733
255	3839	2815	1411	3795	2733
511	3839	2815	1470	3795	2733
767	3839	2815	1560	3796	2733
1023	3839	2815	1679	3796	2733
1279	3839	2815	1824	3796	2733
1535	3839	2815	1989	3796	2733
1791	3839	2815	2170	3797	2733
2047	3839	2815	2364	3797	2733
2303	3839	2815	2569	3798	2733
2559	3839	2815	2781	3798	2733
2815	3839	2815	2999	3799	2733
3071	3839	2815	3222	3800	2733
3327	3839	2815	3449	3801	2733
3583	3839	2815	3679	3802	2733
3839	3839	2815	3912	3803	2733
4095	3839	2815	4095	3757	2699
0	4095	2815	1459	4047	2735
255	4095	2815	1491	4047	2735
511	4095	2815	1546	4047	2735
767	4095	2815	1631	4047	2735
1023	4095	2815	1745	4048	2735
1279	4095	2815	1883	4048	2735
1535	4095	2815	2042	4048	2735
1791	4095	2815	2218	4048	2735
2047	4095	2815	2408	4049	2735
2303	4095	2815	2607	4049	2735
2559	4095	2815	2816	4050	2735
2815	4095	2815	3031	4051	2735
3071	4095	2815	3251	4051	2735
3327	4095	2815	3476	4052	2735
3583	4095	2815	3704	4053	2735
3839	4095	2815	3934	4054	2735
4095	4095	2815	4095	3985	2687
0	0	3071	642	279	2968
255	0	3071	719	280	2968
511	0	3071	838	281	2968
767	0	3071	1000	284	2968
1023	0	3071	1191	287	2968
1279	0	3071	1400	292	2968
1535	0	3071	1620	297	2968
1791	0	3071	1847	304	2968
2047	0	3071	2080	312	2968
2303	0	3071	2317	321	2968
2559	0	3071	2556	331	2968
2815	0	3071	2797	343	2968
3071	0	3071	3039	355	2968
3327	0	3071	3283	369	2968
3583	0	3071	3527	383	2968
3839	0	3071	3772	398	2968
4095	0	3071	4018	414	2968
0	255	3071	650	428	2968
255	255	3071	726	429	2968
511	255	3071	844	430	2968
767	255	3071	1005	431	2968
1023	255	3071	1195	434	2968
1279	255	3071	1403	437	2968
1535	255	3071	1622	441	2968
1791	255	3071	1850	446	2968
2047	255	3071	2082	452	2968
2303	255	3071	2319	458	2968
2559	255	3071	2557	466	2968
2815	255	3071	2798	474	2968
3071	255	3071	3040	484	2968
3327	255	3071	3284	494	2968
3583	255	3071	3528	505	2968
3839	255	3071	3773	517	2968
4095	255	3071	4019	529	2968
0	511	3071	663	615	2968
255	511	3071	738	615	2968
511	511	3071	854	616	2968
767	511	3071	1013	617	2968
1023	511	3071	1202	619	2968
1279	511	3071	1408	621	2968
1535	511	3071	1627	624	2968
1791	511	3071	1854	627	2968
2047	511	3071	2086	631	2968
2303	511	3071	2322	636	2968
2559	511	3071	2560	642	2968
2815	511	3071	2801	648	2968
3071	511	3071	3043	655	2968
3327	511	3071	3286	662	2968
3583	511	3071	3530	671	2968
3839	511	3071	3775	680	2968
4095	511	3071	4020	689	2968
0	767	3071	684	833	2968
255	767	3071	757	833	2968
511	767	3071	870	833	2968
767	767	3071	1027	834	2968
1023	767	3071	1213	835	2968
1279	767	3071	1417	837	2968
1535	767	3071	1635	839	2968
1791	767	3071	1860	842	2968
2047	767	3071	2091	845	2968
2303	767	3071	2326	848	2968
2559	767	3071	2564	852	2968
2815	767	3071	2804	857	2968
3071	767	3071	3046	862	2968
3327	767	3071	3289	868	2968
3583	767	3071	3533	874	2968
3839	767	3071	3777	880	2968
4095	767	3071	4023	888	2968
0	1023	3071	713	1065	2969
255	1023	3071	783	1065	2969
511	1023	3071	893	1065	2969
767	1023	3071	1046	1066	2969
1023	1023	3071	1228	1067	2969
1279	1023	3071	1430	1068	2969
1535	1023	3071	1646	1070	2969
1791	1023	3071	1869	1072	2969
2047	1023	3071	2099	1074	2969
2303	1023	3071	2333	1077	2969
2559	1023	3071	2571	1080	2969
2815	1023	3071	2810	1083	2969
3071	1023	3071	3051	1087	2969
3327	1023	3071	3293	1092	2969
3583	1023	3071	3537	1096	2969
3839	1023	3071	3781	1102	2968
4095	1023	3071	4026	1107	2968
0	1279	3071	750	1305	2969
255	1279	3071	816	1305	2969
511	1279	3071	922	1305	2969
767	1279	3071	1070	1306	2969
1023	1279	3071	1248	1306	2969
1279	1279	3071	1447	1307	2969
1535	1279	3071	1660	1309	2969
1791	1279	3071	1882	1310	2969
2047	1279	3071	2110	1312	2969
2303	1279	3071	2343	1314	2969
2559	1279	3071	2579	1317	2969
2815	1279	3071	2817	1319	2969
3071	1279	3071	3058	1322	2969
3327	1279	3071	3299	1326	2969
3583	1279	3071	3542	1330	2969
3839	1279	3071	3786	1334	2969
4095	1279	3071	4031	1338	2969
0	1535	3071	794	1549	2970
255	1535	3071	857	1549	2970
511	1535	3071	958	1549	2970
767	1535	3071	1100	1549	2970
1023	1535	3071	1274	1550	2970
1279	1535	3071	1469	1551	2970
1535	1535	3071	1678	1552	2970
1791	1535	3071	1897	1553	2969
2047	1535	3071	2123	1555	2969
2303	1535	3071	2355	1556	2969
2559	1535	3071	2589	1558	2969
2815	1535	3071	2827	1560	2969
3071	1535	3071	3066	1563	2969
3327	1535	3071	3307	1566	2969
3583	1535	3071	3549	1569	2969
3839	1535	3071	3792	1572	2969
4095	1535	3071	4036	1576	2969
0	1791	3071	845	1795	2970
255	1791	3071	904	1795	2970
511	1791	3071	1000	1795	2970
767	1791	3071	1136	1796	2970
1023	1791	3071	1304	1796	2970
1279	1791	3071	1494	1797	2970
1535	1791	3071	1700	1798	2970
1791	1791	3071	1916	1799	2970
2047	1791	3071	2140	1800	2970
2303	1791	3071	2369	1801	2970
2559	1791	3071	2602	1803	2970
2815	1791	3071	2838	1805	2970
3071	1791	3071	3076	1807	2970
3327	1791	3071	3316	1809	2970
3583	1791	3071	3558	1812	2970
3839	1791	3071	3800	1815	2970
4095	1791	3071	4043	1818	2970
0	2047	3071	902	2043	2971
255	2047	3071	957	2043	2971
511	2047	3071	1047	2043	2971
767	2047	3071	1177	2044	2971
1023	2047	3071	1339	2044	2971
1279	2047	3071	1524	2045	2971
1535	2047	3071	1725	2045	2971
1791	2047	3071	1938	2046	2971
2047	2047	3071	2159	2047	2971
2303	2047	3071	2386	2048	2971
2559	2047	3071	2617	2050	2971
2815	2047	3071	2851	2051	2971
3071	2047	3071	3088	2053	2971
3327	2047	3071	3327	2055	2971
3583	2047	3071	3568	2058	2971
3839	2047	3071	3809	2060	2971
4095	2047	3071	4052	2063	2971
0	2303	3071	964	2292	2972
255	2303	3071	1015	2292	2972
511	2303	3071	1100	2292	2972
767	2303	3071	1223	2293	2972
1023	2303	3071	1379	2293	2972
1279	2303	3071	1558	2294	2972
1535	2303	3071	1755	2294	2972
1791	2303	3071	1964	2295	2972
2047	2303	3071	2181	2296	2972
2303	2303	3071	2405	2297	2972
2559	2303	3071	2634	2298	2972
2815	2303	3071	2867	2299	2972
3071	2303	3071	3102	2301	2972
3327	2303	3071	3340	2303	2972
3583	2303	3071	3579	2305	2972
3839	2303	3071	3820	2307	2971
4095	2303	3071	4062	2309	2971
0	2559	3071	1030	2542	2973
255	2559	3071	1077	2542	2973
511	2559	3071	1157	2542	2973
767	2559	3071	1274	2542	2973
1023	2559	3071	1423	2543	2973
1279	2559	3071	1597	2543	2973
1535	2559	3071	1788	2544	2973
1791	2559	3071	1993	2544	2973
2047	2559	3071	2207	2545	2973
2303	2559	3071	2428	2546	2973
2559	2559	3071	2654	2547	2973
2815	2559	3071	2885	2548	2973
3071	2559	3071	3119	2550	2973
3327	2559	3071	3355	2551	2972
3583	2559	3071	3593	2553	2972
3839	2559	3071	3832	2555	2972
4095	2559	3071	4073	2557	2972
0	2815	3071	1099	2792	2974
255	2815	3071	1143	2792	2974
511	2815	3071	1218	2793	2974
767	2815	3071	1329	2793	2974
1023	2815	3071	1472	2793	2974
1279	2815	3071	1639	2793	2974
1535	2815	3071	1825	2794	2974
1791	2815	3071	2025	2795	2974
2047	2815	3071	2235	2795	2974
2303	2815	3071	2453	2796	2974
2559	2815	3071	2677	2797	2974
2815	2815	3071	2905	2798	2974
3071	2815	3071	3137	2799	2974
3327	2815	3071	3371	2801	2974
3583	2815	3071	3608	2802	2974
3839	2815	3071	3846	2804	2974
4095	2815	3071	4086	2806	2974
0	3071	3071	1172	3043	2975
255	3071	3071	1213	3043	2975
511	3071	3071	1283	3043	2975
767	3071	3071	1388	3044	2975
1023	3071	3071	1524	3044	2975
1279	3071	3071	1685	3044	2975
1535	3071	3071	1865	3045	2975
1791	3071	3071	2060	3045	2975
2047	3071	3071	2266	3046	2975
2303	3071	3071	2481	3046	2975
2559	3071	3071	2702	3047	2975
2815	3071	3071	2928	3048	2975
3071	3071	3071	3157	3049	2975
3327	3071	3071	3390	3051	2975
3583	3071	3071	3625	3052	2975
3839	3071	3071	3862	3053	2975
4095	3071	3071	4095	3051	2971
0	3327	3071	1247	3294	2976
255	3327	3071	1285	3294	2976
511	3327	3071	1351	3295	2976
767	3327	3071	1450	3295	2976
1023	3327	3071	1579	3295	2976
1279	3327	3071	1734	3295	2976
1535	3327	3071	1909	3296	2976
1791	3327	3071	2099	3296	2976
2047	3327	3071	2301	3297	2976
2303	3327	3071	2512	3297	2976
2559	3327	3071	2729	3298	2976
2815	3327	3071	2952	3299	2976
3071	3327	3071	3180	3300	2976
3327	3327	3071	3410	3301	2976
3583	3327	3071	3644	3302	2976
3839	3327	3071	3879	3304	2976
4095	3327	3071	4095	3288	2961
0	3583	3071	1324	3546	2978
255	3583	3071	1360	3546	2978
511	3583	3071	1421	3546	2978
767	3583	3071	1515	3546	2978
1023	3583	3071	1638	3546	2978
1279	3583	3071	1787	3546	2978
1535	3583	3071	1956	3547	2978
1791	3583	3071	2141	3547	2978
2047	3583	3071	2338	3548	2978
2303	3583	3071	2545	3548	2978
2559	3583	3071	2759	3549	2978
2815	3583	3071	2980	3550	2978
3071	3583	3071	3204	3551	2978
3327	3583	3071	3433	3552	2978
3583	3583	3071	3664	3553	2978
3839	3583	3071	3898	3554	2978
4095	3583	3071	4095	3522	2949
0	3839	3071	1403	3797	2979
255	3839	3071	1437	3797	2979
511	3839	3071	1494	3797	2979
767	3839	3071	1583	3798	2979
1023	3839	3071	1700	3798	2979
1279	3839	3071	1843	3798	2979
1535	3839	3071	2006	3798	2979
1791	3839	3071	2185	3799	2979
2047	3839	3071	2378	3799	2979
2303	3839	3071	2581	3800	2979
2559	3839	3071	2792	3800	2979
2815	3839	3071	3009	3801	2979
3071	3839	3071	3231	3802	2979
3327	3839	3071	3457	3803	2979
3583	3839	3071	3687	3804	2979
3839	3839	3071	3919	3805	2979
4095	3839	3071	4095	3753	2937
0	4095	3071	1484	4049	2981
255	4095	3071	1515	4049	2981
511	4095	3071	1569	4049	2981
767	4095	3071	1653	4049	2981
1023	4095	3071	1765	4049	2981
1279	4095	3071	1901	4050	2981
1535	4095	3071	2059	4050	2981
1791	4095	3071	2233	4050	2981
2047	4095	3071	2421	4051	2981
2303	4095	3071	2620	4051	2981
2559	4095	3071	2827	4052	2981
2815	4095	3071	3041	4052	2981
3071	4095	3071	3260	4053	2981
3327	4095	3071	3484	4054	2981
3583	4095	3071	3711	4055	2981
3839	4095	3071	3941	4056	2981
4095	4095	3071	4095	3980	2925
0	0	3327	709	318	3216
255	0	3327	779	319	3216
511	0	3327	890	320	3216
767	0	3327	1043	322	3216
1023	0	3327	1226	325	3216
1279	0	3327	1429	330	3216
1535	0	3327	1644	335	3216
1791	0	3327	1868	341	3216
2047	0	3327	2098	348	3216
2303	0	3327	2333	356	3216
2559	0	3327	2570	366	3216
2815	0	3327	2809	376	3216
3071	0	3327	3050	388	3216
3327	0	3327	3293	400	3216
3583	0	3327	3536	414	3216
3839	0	3327	3781	428	3216
4095	0	3327	4026	443	3216
0	255	3327	716	456	3216
255	255	3327	786	456	3216
511	255	3327	895	457	3216
767	255	3327	1048	459	3216
1023	255	3327	1230	461	3216
1279	255	3327	1432	464	3216
1535	255	3327	1647	468	3216
1791	255	3327	1870	473	3216
2047	255	3327	2100	478	3216
2303	255	3327	2334	484	3216
2559	255	3327	2571	492	3216
2815	255	3327	2811	500	3216
3071	255	3327	3052	509	3216
3327	255	3327	3294	518	3216
3583	255	3327	3537	529	3216
3839	255	3327	3781	540	3216
4095	255	3327	4026	552	3216
0	511	3327	728	635	3216
255	511	3327	796	635	3216
511	511	3327	905	636	3216
767	511	3327	1056	637	3216
1023	511	3327	1236	638	3216
1279	511	3327	1437	641	3216
1535	511	3327	1651	643	3216
1791	511	3327	1874	647	3216
2047	511	3327	2104	651	3216
2303	511	3327	2337	655	3216
2559	511	3327	2574	661	3216
2815	511	3327	2813	667	3216
3071	511	3327	3054	673	3216
3327	511	3327	3296	681	3216
3583	511	3327	3539	689	3216
3839	511	3327	3783	698	3216
4095	511	3327	4028	707	3216
0	767	3327	747	847	3216
255	767	3327	814	847	3216
511	767	3327	920	848	3216
767	767	3327	1068	849	3216
1023	767	3327	1247	850	3216
1279	767	3327	1446	851	3216
1535	767	3327	1659	853	3216
1791	767	3327	1881	856	3216
2047	767	3327	2109	859	3216
2303	767	3327	2342	862	3216
2559	767	3327	2578	866	3216
2815	767	3327	2817	871	3216
3071	767	3327	3057	876	3216
3327	767	3327	3299	881	3216
3583	767	3327	3542	887	3216
3839	767	3327	3786	894	3216
4095	767	3327	4030	901	3216
0	1023	3327	774	1076	3217
255	1023	3327	838	1076	3217
511	1023	3327	941	1077	3217
767	1023	3327	1086	1077	3217
1023	1023	3327	1262	1078	3217
1279	1023	3327	1459	1079	3217
1535	1023	3327	1670	1081	3217
1791	1023	3327	1890	1083	3217
2047	1023	3327	2117	1085	3217
2303	1023	3327	2349	1088	3217
2559	1023	3327	2584	1091	3217
2815	1023	3327	2822	1094	3217
3071	1023	3327	3062	1098	3216
3327	1023	3327	3303	1102	3216
3583	1023	3327	3546	1107	3216
3839	1023	3327	3789	1112	3216
4095	1023	3327	4034	1118	3216
0	1279	3327	808	1313	3217
255	1279	3327	869	1314	3217
511	1279	3327	969	1314	3217
767	1279	3327	1110	1314	3217
1023	1279	3327	1282	1315	3217
1279	1279	3327	1475	1316	3217
1535	1279	3327	1684	1317	3217
1791	1279	3327	1902	1319	3217
2047	1279	3327	2128	1321	3217
2303	1279	3327	2358	1323	3217
2559	1279	3327	2592	1325	3217
2815	1279	3327	2829	1328	3217
3071	1279	3327	3069	1331	3217
3327	1279	3327	3309	1334	3217
3583	1279	3327	3551	1338	3217
3839	1279	3327	3794	1342	3217
4095	1279	3327	4038	1347	3217
0	1535	3327	849	1556	3217
255	1535	3327	907	1556	3217
511	1535	3327	1003	1556	3217
767	1535	3327	1139	1556	3217
1023	1535	3327	1306	1557	3217
1279	1535	3327	1496	1558	3217
1535	1535	3327	1701	1559	3217
1791	1535	3327	1917	1560	3217
2047	1535	3327	2141	1562	3217
2303	1535	3327	2370	1563	3217
2559	1535	3327	2603	1565	3217
2815	1535	3327	2839	1568	3217
3071	1535	3327	3077	1570	3217
3327	1535	3327	3317	1573	3217
3583	1535	3327	3558	1576	3217
3839	1535	3327	3801	1579	3217
4095	1535	3327	4044	1583	3217
0	1791	3327	897	1801	3218
255	1791	3327	952	1801	3218
511	1791	3327	1042	1801	3218
767	1791	3327	1173	1802	3218
1023	1791	3327	1336	1802	3218
1279	1791	3327	1521	1803	3218
1535	1791	3327	1723	1804	3218
1791	1791	3327	1936	1805	3218
2047	1791	3327	2157	1806	3218
2303	1791	3327	2384	1807	3218
2559	1791	3327	2615	1809	3218
2815	1791	3327	2850	1811	3218
3071	1791	3327	3087	1813	3218
3327	1791	3327	3326	1815	3218
3583	1791	3327	3567	1818	3218
3839	1791	3327	3808	1821	3218
4095	1791	3327	4051	1824	3218
0	2047	3327	950	2048	3219
255	2047	3327	1002	2048	3219
511	2047	3327	1088	2048	3219
767	2047	3327	1213	2049	3219
1023	2047	3327	1370	2049	3219
1279	2047	3327	1551	2050	3219
1535	2047	3327	1748	2050	3219
1791	2047	3327	1958	2051	3219
2047	2047	3327	2176	2052	3219
2303	2047	3327	2401	2053	3218
2559	2047	3327	2630	2055	3218
2815	2047	3327	2863	2056	3218
3071	2047	3327	3099	2058	3218
3327	2047	3327	3337	2060	3218
3583	2047	3327	3577	2063	3218
3839	2047	3327	3818	2065	3218
4095	2047	3327	4060	2068	3218
0	2303	3327	1008	2296	3219
255	2303	3327	1057	2297	3219
511	2303	3327	1138	2297	3219
767	2303	3327	1258	2297	3219
1023	2303	3327	1409	2297	3219
1279	2303	3327	1584	2298	3219
1535	2303	3327	1777	2298	3219
1791	2303	3327	1983	2299	3219
2047	2303	3327	2198	2300	3219
2303	2303	3327	2420	2301	3219
2559	2303	3327	2648	2302	3219
2815	2303	3327	2879	2304	3219
3071	2303	3327	3113	2305	3219
3327	2303	3327	3350	2307	3219
3583	2303	3327	3588	2309	3219
3839	2303	3327	3828	2311	3219
4095	2303	3327	4069	2313	3219
0	2559	3327	1071	2546	3220
255	2559	3327	1117	2546	3220
511	2559	3327	1193	2546	3220
767	2559	3327	1307	2546	3220
1023	2559	3327	1452	2547	3220
1279	2559	3327	1622	2547	3220
1535	2559	3327	1810	2548	3220
1791	2559	3327	2012	2548	3220
2047	2559	3327	2223	2549	3220
2303	2559	3327	2443	2550	3220
2559	2559	3327	2668	2551	3220
2815	2559	3327	2897	2552	3220
3071	2559	3327	3129	2554	3220
3327	2559	3327	3364	2555	3220
3583	2559	3327	3602	2557	3220
3839	2559	3327	3840	2559	3220
4095	2559	3327	4081	2561	3220
0	2815	3327	1138	2796	3221
255	2815	3327	1180	2796	3221
511	2815	3327	1252	2796	3221
767	2815	3327	1360	2796	3221
1023	2815	3327	1499	2796	3221
1279	2815	3327	1663	2797	3221
1535	2815	3327	1846	2797	3221
1791	2815	3327	2043	2798	3221
2047	2815	3327	2251	2799	3221
2303	2815	3327	2468	2799	3221
2559	2815	3327	2690	2800	3221
2815	2815	3327	2917	2801	3221
3071	2815	3327	3147	2803	3221
3327	2815	3327	3381	2804	3221
3583	2815	3327	3617	2806	3221
3839	2815	3327	3854	2807	3221
4095	2815	3327	4094	2809	3221
0	3071	3327	1208	3046	3222
255	3071	3327	1247	3046	3222
511	3071	3327	1315	3046	3222
767	3071	3327	1417	3047	3222
1023	3071	3327	1550	3047	3222
1279	3071	3327	1708	3047	3222
1535	3071	3327	1886	3048	3222
1791	3071	3327	2078	3048	3222
2047	3071	3327	2283	3049	3222
2303	3071	3327	2495	3050	3222
2559	3071	3327	2715	3050	3222
2815	3071	3327	2939	3051	3222
3071	3071	3327	3168	3052	3222
3327	3071	3327	3399	3054	3222
3583	3071	3327	3634	3055	3222
3839	3071	3327	3870	3056	3222
4095	3071	3327	4095	3048	3212
0	3327	3327	1280	3297	3223
255	3327	3327	1317	3297	3223
511	3327	3327	1381	3297	3223
767	3327	3327	1478	3297	3223
1023	3327	3327	1605	3298	3223
1279	3327	3327	1757	3298	3223
1535	3327	3327	1929	3298	3223
1791	3327	3327	2117	3299	3223
2047	3327	3327	2317	3299	3223
2303	3327	3327	2526	3300	3223
2559	3327	3327	2742	3301	3223
2815	3327	3327	2964	3302	3223
3071	3327	3327	3190	3303	3223
3327	3327	3327	3420	3304	3223
3583	3327	3327	3652	3305	3223
3839	3327	3327	3887	3306	3223
4095	3327	3327	4095	3285	3201
0	3583	3327	1355	3548	3225
255	3583	3327	1390	3548	3225
511	3583	3327	1450	3548	3225
767	3583	3327	1541	3548	3225
1023	3583	3327	1662	3549	3225
1279	3583	3327	1809	3549	3225
1535	3583	3327	1975	3549	3225
1791	3583	3327	2158	3550	3225
2047	3583	3327	2354	3550	3225
2303	3583	3327	2559	3551	3225
2559	3583	3327	2772	3552	3225
2815	3583	3327	2991	3552	3225
3071	3583	3327	3215	3553	3225
3327	3583	3327	3442	3554	3225
3583	3583	3327	3673	3555	3225
3839	3583	3327	3906	3557	3225
4095	3583	3327	4095	3518	3188
0	3839	3327	1432	3800	3226
255	3839	3327	1465	3800	3226
511	3839	3327	1521	3800	3226
767	3839	3327	1608	3800	3226
1023	3839	3327	1723	3800	3226
1279	3839	3327	1864	3800	3226
1535	3839	3327	2025	3801	3226
1791	3839	3327	2202	3801	3226
2047	3839	3327	2393	3801	3226
2303	3839	3327	2595	3802	3226
2559	3839	3327	2804	3803	3226
2815	3839	3327	3020	3803	3226
3071	3839	3327	3241	3804	3226
3327	3839	3327	3467	3805	3226
3583	3839	3327	3695	3806	3226
3839	3839	3327	3927	3807	3226
4095	3839	3327	4095	3748	3175
0	4095	3327	1511	4051	3228
255	4095	3327	1542	4051	3228
511	4095	3327	1595	4051	3228
767	4095	3327	1677	4051	3228
1023	4095	3327	1787	4051	3228
1279	4095	3327	1921	4052	3228
1535	4095	3327	2077	4052	3228
1791	4095	3327	2250	4052	3228
2047	4095	3327	2436	4053	3228
2303	4095	3327	2633	4053	3228
2559	4095	3327	2839	4054	3228
2815	4095	3327	3052	4055	3228
3071	4095	3327	3270	4055	3228
3327	4095	3327	3493	4056	3228
3583	4095	3327	3720	4057	3228
3839	4095	3327	3949	4058	3228
4095	4095	3327	4095	3975	3161
0	0	3583	777	357	3464
255	0	3583	841	358	3464
511	0	3583	944	359	3464
767	0	3583	1088	361	3464
1023	0	3583	1264	364	3464
1279	0	3583	1460	368	3464
1535	0	3583	1671	372	3464
1791	0	3583	1891	378	3464
2047	0	3583	2118	385	3464
2303	0	3583	2350	392	3464
2559	0	3583	2585	401	3464
2815	0	3583	2823	411	3464
3071	0	3583	3063	421	3464
3327	0	3583	3304	433	3464
3583	0	3583	3546	445	3464
3839	0	3583	3790	459	3464
4095	0	3583	4034	473	3464
0	255	3583	783	485	3464
255	255	3583	846	486	3464
511	255	3583	948	486	3464
767	255	3583	1092	488	3464
1023	255	3583	1267	490	3464
1279	255	3583	1463	493	3464
1535	255	3583	1673	497	3464
1791	255	3583	1893	501	3464
2047	255	3583	2120	506	3464
2303	255	3583	2351	512	3464
2559	255	3583	2586	519	3464
2815	255	3583	2824	526	3464
3071	255	3583	3064	535	3464
3327	255	3583	3305	544	3464
3583	255	3583	3547	554	3464
3839	255	3583	3791	565	3464
4095	255	3583	4035	577	3464
0	511	3583	794	656	3464
255	511	3583	856	656	3464
511	511	3583	957	657	3464
767	511	3583	1100	658	3464
1023	511	3583	1274	660	3464
1279	511	3583	1468	662	3464
1535	511	3583	1678	664	3464
1791	511	3583	1897	668	3464
2047	511	3583	2123	672	3464
2303	511	3583	2354	676	3464
2559	511	3583	2589	681	3464
2815	511	3583	2826	687	3464
3071	511	3583	3066	693	3464
3327	511	3583	3307	701	3464
3583	511	3583	3549	708	3464
3839	511	3583	3792	717	3464
4095	511	3583	4036	726	3464
0	767	3583	811	863	3464
255	767	3583	873	863	3464
511	767	3583	972	864	3464
767	767	3583	1112	864	3464
1023	767	3583	1284	866	3464
1279	767	3583	1477	867	3464
1535	767	3583	1685	869	3464
1791	767	3583	1903	872	3464
2047	767	3583	2129	874	3464
2303	767	3583	2359	878	3464
2559	767	3583	2593	882	3464
2815	767	3583	2830	886	3464
3071	767	3583	3069	891	3464
3327	767	3583	3310	896	3464
3583	767	3583	3552	902	3464
3839	767	3583	3795	909	3464
4095	767	3583	4039	916	3464
0	1023	3583	836	1088	3465
255	1023	3583	895	1088	3465
511	1023	3583	992	1089	3465
767	1023	3583	1129	1089	3465
1023	1023	3583	1298	1090	3465
1279	1023	3583	1489	1091	3465
1535	1023	3583	1696	1093	3465
1791	1023	3583	1912	1095	3465
2047	1023	3583	2137	1097	3464
2303	1023	3583	2366	1100	3464
2559	1023	3583	2599	1103	3464
2815	1023	3583	2836	1106	3464
3071	1023	3583	3074	1110	3464
3327	1023	3583	3314	1114	3464
3583	1023	3583	3556	1119	3464
3839	1023	3583	3799	1124	3464
4095	1023	3583	4042	1129	3464
0	1279	3583	867	1323	3465
255	1279	3583	924	1323	3465
511	1279	3583	1018	1323	3465
767	1279	3583	1152	1324	3465
1023	1279	3583	1317	1325	3465
1279	1279	3583	1506	1326	3465
1535	1279	3583	1710	1327	3465
1791	1279	3583	1924	1328	3465
2047	1279	3583	2147	1330	3465
2303	1279	3583	2375	1332	3465
2559	1279	3583	2608	1335	3465
2815	1279	3583	2843	1337	3465
3071	1279	3583	3081	1340	3465
3327	1279	3583	3320	1344	3465
3583	1279	3583	3561	1347	3465
3839	1279	3583	3804	1352	3465
4095	1279	3583	4047	1356	3465
0	1535	3583	905	1563	3465
255	1535	3583	960	1564	3465
511	1535	3583	1050	1564	3465
767	1535	3583	1180	1564	3465
1023	1535	3583	1341	1565	3465
1279	1535	3583	1526	1566	3465
1535	1535	3583	1727	1567	3465
1791	1535	3583	1939	1568	3465
2047	1535	3583	2160	1569	3465
2303	1535	3583	2387	1571	3465
2559	1535	3583	2618	1573	3465
2815	1535	3583	2852	1575	3465
3071	1535	3583	3089	1578	3465
3327	1535	3583	3328	1581	3465
3583	1535	3583	3568	1584	3465
3839	1535	3583	3810	1587	3465
4095	1535	3583	4052	1591	3465
0	1791	3583	950	1807	3466
255	1791	3583	1002	1808	3466
511	1791	3583	1087	1808	3466
767	1791	3583	1213	1808	3466
1023	1791	3583	1370	1809	3466
1279	1791	3583	1550	1809	3466
1535	1791	3583	1748	1810	3466
1791	1791	3583	1958	1811	3466
2047	1791	3583	2176	1812	3466
2303	1791	3583	2401	1814	3466
2559	1791	3583	2630	1815	3466
2815	1791	3583	2863	1817	3466
3071	1791	3583	3099	1819	3466
3327	1791	3583	3337	1822	3466
3583	1791	3583	3577	1824	3466
3839	1791	3583	3817	1827	3466
4095	1791	3583	4060	1830	3466
0	2047	3583	1000	2054	3466
255	2047	3583	1049	2054	3466
511	2047	3583	1131	2054	3466
767	2047	3583	1251	2054	3466
1023	2047	3583	1403	2055	3466
1279	2047	3583	1579	2055	3466
1535	2047	3583	1773	2056	3466
1791	2047	3583	1979	2057	3466
2047	2047	3583	2195	2058	3466
2303	2047	3583	2417	2059	3466
2559	2047	3583	2645	2060	3466
2815	2047	3583	2877	2062	3466
3071	2047	3583	3111	2064	3466
3327	2047	3583	3348	2066	3466
3583	2047	3583	3586	2068	3466
3839	2047	3583	3827	2070	3466
4095	2047	3583	4068	2073	3466
0	2303	3583	1055	2301	3467
255	2303	3583	1101	2301	3467
511	2303	3583	1179	2302	3467
767	2303	3583	1294	2302	3467
1023	2303	3583	1441	2302	3467
1279	2303	3583	1612	2303	3467
1535	2303	3583	1801	2303	3467
1791	2303	3583	2004	2304	3467
2047	2303	3583	2217	2305	3467
2303	2303	3583	2437	2306	3467
2559	2303	3583	2662	2307	3467
2815	2303	3583	2892	2309	3467
3071	2303	3583	3125	2310	3467
3327	2303	3583	3361	2312	3467
3583	2303	3583	3598	2314	3467
3839	2303	3583	3837	2316	3467
4095	2303	3583	4078	2318	3467
0	2559	3583	1115	2550	3468
255	2559	3583	1158	2550	3468
511	2559	3583	1232	2550	3468
767	2559	3583	1342	2550	3468
1023	2559	3583	1483	2551	3468
1279	2559	3583	1649	2551	3468
1535	2559	3583	1833	2552	3468
1791	2559	3583	2032	2552	3468
2047	2559	3583	2242	2553	3468
2303	2559	3583	2459	2554	3468
2559	2559	3583	2682	2555	3468
2815	2559	3583	2910	2556	3468
3071	2559	3583	3141	2558	3468
3327	2559	3583	3375	2559	3468
3583	2559	3583	3611	2561	3468
3839	2559	3583	3850	2563	3468
4095	2559	3583	4089	2565	3468
0	2815	3583	1179	2800	3469
255	2815	3583	1219	2800	3469
511	2815	3583	1289	2800	3469
767	2815	3583	1393	2800	3469
1023	2815	3583	1529	2800	3469
1279	2815	3583	1689	2801	3469
1535	2815	3583	1869	2801	3469
1791	2815	3583	2064	2802	3469
2047	2815	3583	2269	2802	3469
2303	2815	3583	2484	2803	3469
2559	2815	3583	2704	2804	3469
2815	2815	3583	2930	2805	3469
3071	2815	3583	3159	2806	3469
3327	2815	3583	3392	2808	3469
3583	2815	3583	3627	2809	3469
3839	2815	3583	3863	2811	3469
4095	2815	3583	4095	2808	3463
0	3071	3583	1246	3050	3470
255	3071	3583	1284	3050	3470
511	3071	3583	1350	3050	3470
767	3071	3583	1449	3050	3470
1023	3071	3583	1579	3050	3470
1279	3071	3583	1733	3051	3470
1535	3071	3583	1908	3051	3470
1791	3071	3583	2098	3051	3470
2047	3071	3583	2300	3052	3470
2303	3071	3583	2511	3053	3470
2559	3071	3583	2729	3054	3470
2815	3071	3583	2952	3055	3470
3071	3071	3583	3179	3056	3470
3327	3071	3583	3410	3057	3470
3583	3071	3583	3643	3058	3470
3839	3071	3583	3879	3060	3470
4095	3071	3583	4095	3046	3452
0	3327	3583	1316	3300	3471
255	3327	3583	1352	3300	3471
511	3327	3583	1414	3300	3471
767	3327	3583	1508	3300	3471
1023	3327	3583	1632	3301	3471
1279	3327	3583	1781	3301	3471
1535	3327	3583	1951	3301	3471
1791	3327	3583	2136	3302	3471
2047	3327	3583	2334	3302	3471
2303	3327	3583	2541	3303	3471
2559	3327	3583	2756	3304	3471
2815	3327	3583	2977	3305	3471
3071	3327	3583	3202	3306	3471
3327	3327	3583	3430	3307	3471
3583	3327	3583	3662	3308	3471
3839	3327	3583	3896	3309	3471
4095	3327	3583	4095	3281	3439
0	3583	3583	1389	3551	3472
255	3583	3583	1423	3551	3472
511	3583	3583	1481	3551	3472
767	3583	3583	1570	3551	3472
1023	3583	3583	1689	3551	3472
1279	3583	3583	1832	3552	3472
1535	3583	3583	1996	3552	3472
1791	3583	3583	2177	3552	3472
2047	3583	3583	2371	3553	3472
2303	3583	3583	2574	3554	3472
2559	3583	3583	2786	3554	3472
2815	3583	3583	3003	3555	3472
3071	3583	3583	3226	3556	3472
3327	3583	3583	3453	3557	3472
3583	3583	3583	3683	3558	3472
3839	3583	3583	3915	3559	3472
4095	3583	3583	4095	3514	3426
0	3839	3583	1464	3802	3473
255	3839	3583	1496	3802	3473
511	3839	3583	1550	3802	3473
767	3839	3583	1635	3802	3473
1023	3839	3583	1748	3802	3473
1279	3839	3583	1886	3803	3473
1535	3839	3583	2045	3803	3473
1791	3839	3583	2221	3803	3473
2047	3839	3583	2410	3804	3473
2303	3839	3583	2610	3804	3473
2559	3839	3583	2818	3805	3473
2815	3839	3583	3033	3806	3473
3071	3839	3583	3253	3807	3473
3327	3839	3583	3477	3808	3473
3583	3839	3583	3705	3809	3473
3839	3839	3583	3936	3810	3473
4095	3839	3583	4095	3743	3412
0	4095	3583	1541	4053	3475
255	4095	3583	1571	4053	3475
511	4095	3583	1622	4053	3475
767	4095	3583	1703	4054	3475
1023	4095	3583	1811	4054	3475
1279	4095	3583	1943	4054	3475
1535	4095	3583	2097	4054	3475
1791	4095	3583	2268	4055	3475
2047	4095	3583	2452	4055	3475
2303	4095	3583	2648	4056	3475
2559	4095	3583	2852	4056	3475
2815	4095	3583	3064	4057	3475
3071	4095	3583	3281	4058	3475
3327	4095	3583	3503	4058	3475
3583	4095	3583	3729	4059	3475
3839	4095	3583	3958	4060	3475
4095	4095	3583	4095	3970	3396
0	0	3839	844	396	3712
255	0	3839	903	397	3712
511	0	3839	999	398	3712
767	0	3839	1135	400	3712
1023	0	3839	1303	403	3712
1279	0	3839	1494	406	3712
1535	0	3839	1699	410	3712
1791	0	3839	1916	415	3712
2047	0	3839	2139	422	3712
2303	0	3839	2368	429	3712
2559	0	3839	2602	437	3712
2815	0	3839	2838	446	3712
3071	0	3839	3076	456	3712
3327	0	3839	3316	466	3712
3583	0	3839	3557	478	3712
3839	0	3839	3800	491	3712
4095	0	3839	4043	504	3712
0	255	3839	850	515	3712
255	255	3839	908	516	3712
511	255	3839	1003	517	3712
767	255	3839	1139	518	3712
1023	255	3839	1307	520	3712
1279	255	3839	1497	523	3712
1535	255	3839	1702	526	3712
1791	255	3839	1918	530	3712
2047	255	3839	2141	535	3712
2303	255	3839	2370	541	3712
2559	255	3839	2603	547	3712
2815	255	3839	2839	554	3712
3071	255	3839	3077	562	3712
3327	255	3839	3317	571	3712
3583	255	3839	3558	581	3712
3839	255	3839	3801	591	3712
4095	255	3839	4044	602	3712
0	511	3839	860	678	3712
255	511	3839	917	679	3712
511	511	3839	1012	679	3712
767	511	3839	1147	681	3712
1023	511	3839	1313	682	3712
1279	511	3839	1502	684	3712
1535	511	3839	1706	687	3712
1791	511	3839	1922	690	3712
2047	511	3839	2145	694	3712
2303	511	3839	2373	698	3712
2559	511	3839	2606	703	3712
2815	511	3839	2841	708	3712
3071	511	3839	3079	715	3712
3327	511	3839	3319	722	3712
3583	511	3839	3560	729	3712
3839	511	3839	3802	737	3712
4095	511	3839	4046	746	3712
0	767	3839	876	880	3712
255	767	3839	932	880	3712
511	767	3839	1025	880	3712
767	767	3839	1158	881	3712
1023	767	3839	1323	882	3712
1279	767	3839	1510	884	3712
1535	767	3839	1713	886	3712
1791	767	3839	1928	888	3712
2047	767	3839	2150	891	3712
2303	767	3839	2378	894	3712
2559	767	3839	2610	898	3712
2815	767	3839	2845	903	3712
3071	767	3839	3083	907	3712
3327	767	3839	3322	913	3712
3583	767	3839	3563	919	3712
3839	767	3839	3805	925	3712
4095	767	3839	4048	932	3712
0	1023	3839	898	1101	3712
255	1023	3839	953	1101	3712
511	1023	3839	1044	1102	3712
767	1023	3839	1175	1102	3712
1023	1023	3839	1337	1103	3712
1279	1023	3839	1522	1104	3712
1535	1023	3839	1724	1106	3712
1791	1023	3839	1937	1108	3712
2047	1023	3839	2158	1110	3712
2303	1023	3839	2385	1112	3712
2559	1023	3839	2616	1115	3712
2815	1023	3839	2850	1119	3712
3071	1023	3839	3087	1123	3712
3327	1023	3839	3326	1127	3712
3583	1023	3839	3567	1131	3712
3839	1023	3839	3809	1136	3712
4095	1023	3839	4051	1142	3712
0	1279	3839	927	1333	3713
255	1279	3839	981	1333	3713
511	1279	3839	1068	1334	3713
767	1279	3839	1196	1334	3713
1023	1279	3839	1355	1335	3713
1279	1279	3839	1538	1336	3713
1535	1279	3839	1737	1337	3713
1791	1279	3839	1948	1339	3713
2047	1279	3839	2168	1340	3713
2303	1279	3839	2394	1342	3713
2559	1279	3839	2624	1345	3713
2815	1279	3839	2858	1348	3713
3071	1279	3839	3094	1351	3713
3327	1279	3839	3332	1354	3713
3583	1279	3839	3572	1358	3713
3839	1279	3839	3814	1362	3713
4095	1279	3839	4056	1366	3713
0	1535	3839	963	1572	3713
255	1535	3839	1014	1572	3713
511	1535	3839	1099	1572	3713
767	1535	3839	1223	1573	3713
1023	1535	3839	1378	1573	3713
1279	1535	3839	1558	1574	3713
1535	1535	3839	1754	1575	3713
1791	1535	3839	1963	1576	3713
2047	1535	3839	2181	1578	3713
2303	1535	3839	2405	1579	3713
2559	1535	3839	2634	1581	3713
2815	1535	3839	2867	1584	3713
3071	1535	3839	3102	1586	3713
3327	1535	3839	3340	1589	3713
3583	1535	3839	3579	1592	3713
3839	1535	3839	3820	1595	3713
4095	1535	3839	4062	1599	3713
0	1791	3839	1004	1815	3714
255	1791	3839	1053	1815	3714
511	1791	3839	1135	1815	3714
767	1791	3839	1254	1815	3714
1023	1791	3839	1406	1816	3714
1279	1791	3839	1582	1816	3714
1535	1791	3839	1775	1817	3714
1791	1791	3839	1981	1818	3714
2047	1791	3839	2197	1819	3714
2303	1791	3839	2419	1821	3714
2559	1791	3839	2647	1822	3714
2815	1791	3839	2878	1824	3714
3071	1791	3839	3112	1826	3713
3327	1791	3839	3349	1829	3713
3583	1791	3839	3587	1831	3713
3839	1791	3839	3827	1834	3713
4095	1791	3839	4069	1837	3713
0	2047	3839	1051	2060	3714
255	2047	3839	1098	2060	3714
511	2047	3839	1176	2060	3714
767	2047	3839	1291	2060	3714
1023	2047	3839	1438	2061	3714
1279	2047	3839	1610	2061	3714
1535	2047	3839	1799	2062	3714
1791	2047	3839	2002	2063	3714
2047	2047	3839	2215	2064	3714
2303	2047	3839	2436	2065	3714
2559	2047	3839	2661	2066	3714
2815	2047	3839	2891	2068	3714
3071	2047	3839	3124	2070	3714
3327	2047	3839	3360	2072	3714
3583	2047	3839	3597	2074	3714
3839	2047	3839	3837	2076	3714
4095	2047	3839	4077	2079	3714
0	2303	3839	1104	2307	3715
255	2303	3839	1148	2307	3715
511	2303	3839	1222	2307	3715
767	2303	3839	1333	2307	3715
1023	2303	3839	1475	2307	3715
1279	2303	3839	1642	2308	3715
1535	2303	3839	1827	2308	3715
1791	2303	3839	2027	2309	3715
2047	2303	3839	2237	2310	3715
2303	2303	3839	2455	2311	3715
2559	2303	3839	2678	2312	3715
2815	2303	3839	2906	2314	3715
3071	2303	3839	3138	2315	3715
3327	2303	3839	3372	2317	3715
3583	2303	3839	3609	2319	3715
3839	2303	3839	3847	2321	3715
4095	2303	3839	4087	2323	3715
0	2559	3839	1161	2555	3715
255	2559	3839	1202	2555	3715
511	2559	3839	1273	2555	3715
767	2559	3839	1379	2555	3715
1023	2559	3839	1516	2555	3715
1279	2559	3839	1678	2556	3715
1535	2559	3839	1859	2556	3715
1791	2559	3839	2055	2557	3715
2047	2559	3839	2262	2558	3715
2303	2559	3839	2477	2559	3715
2559	2559	3839	2698	2560	3715
2815	2559	3839	2924	2561	3715
3071	2559	3839	3154	2562	3715
3327	2559	3839	3387	2564	3715
3583	2559	3839	3622	2566	3715
3839	2559	3839	3859	2567	3715
4095	2559	3839	4095	2567	3712
0	2815	3839	1222	2804	3716
255	2815	3839	1261	2804	3716
511	2815	3839	1328	2804	3716
767	2815	3839	1429	2804	3716
1023	2815	3839	1560	2804	3716
1279	2815	3839	1717	2805	3716
1535	2815	3839	1894	2805	3716
1791	2815	3839	2086	2806	3716
2047	2815	3839	2289	2806	3716
2303	2815	3839	2501	2807	3716
2559	2815	3839	2720	2808	3716
2815	2815	3839	2944	2809	3716
3071	2815	3839	3172	2810	3716
3327	2815	3839	3403	2812	3716
3583	2815	3839	3637	2813	3716
3839	2815	3839	3873	2815	3716
4095	2815	3839	4095	2806	3702
0	3071	3839	1286	3053	3717
255	3071	3839	1323	3053	3717
511	3071	3839	1386	3053	3717
767	3071	3839	1483	3054	3717
1023	3071	3839	1609	3054	3717
1279	3071	3839	1761	3054	3717
1535	3071	3839	1933	3055	3717
1791	3071	3839	2120	3055	3717
2047	3071	3839	2319	3056	3717
2303	3071	3839	2528	3056	3717
2559	3071	3839	2744	3057	3717
2815	3071	3839	2966	3058	3717
3071	3071	3839	3192	3059	3717
3327	3071	3839	3422	3061	3717
3583	3071	3839	3654	3062	3717
3839	3071	3839	3889	3063	3717
4095	3071	3839	4095	3042	3690
0	3327	3839	1354	3303	3718
255	3327	3839	1389	3303	3718
511	3327	3839	1449	3304	3718
767	3327	3839	1540	3304	3718
1023	3327	3839	1661	3304	3718
1279	3327	3839	1808	3304	3718
1535	3327	3839	1974	3305	3718
1791	3327	3839	2157	3305	3718
2047	3327	3839	2353	3306	3718
2303	3327	3839	2558	3306	3718
2559	3327	3839	2771	3307	3718
2815	3327	3839	2990	3308	3718
3071	3327	3839	3214	3309	3718
3327	3327	3839	3442	3310	3718
3583	3327	3839	3673	3311	3718
3839	3327	3839	3906	3313	3718
4095	3327	3839	4095	3277	3677
0	3583	3839	1424	3554	3719
255	3583	3839	1457	3554	3719
511	3583	3839	1514	3554	3719
767	3583	3839	1601	3554	3719
1023	3583	3839	1717	3554	3719
1279	3583	3839	1858	3555	3719
1535	3583	3839	2019	3555	3719
1791	3583	3839	2198	3555	3719
2047	3583	3839	2389	3556	3719
2303	3583	3839	2591	3557	3719
2559	3583	3839	2801	3557	3719
2815	3583	3839	3017	3558	3719
3071	3583	3839	3239	3559	3719
3327	3583	3839	3464	3560	3719
3583	3583	3839	3693	3561	3719
3839	3583	3839	3925	3562	3719
4095	3583	3839	4095	3509	3662
0	3839	3839	1497	3805	3721
255	3839	3839	1528	3805	3721
511	3839	3839	1582	3805	3721
767	3839	3839	1665	3805	3721
1023	3839	3839	1775	3805	3721
1279	3839	3839	1911	3805	3721
1535	3839	3839	2068	3806	3721
1791	3839	3839	2241	3806	3721
2047	3839	3839	2428	3807	3721
2303	3839	3839	2626	3807	3721
2559	3839	3839	2833	3808	3721
2815	3839	3839	3046	3809	3720
3071	3839	3839	3265	3809	3720
3327	3839	3839	3488	3810	3720
3583	3839	3839	3715	3811	3720
3839	3839	3839	3945	3812	3720
4095	3839	3839	4095	3738	3647
0	4095	3839	1572	4056	3722
255	4095	3839	1601	4056	3722
511	4095	3839	1652	4056	3722
767	4095	3839	1731	4056	3722
1023	4095	3839	1837	4056	3722
1279	4095	3839	1967	4057	3722
1535	4095	3839	2118	4057	3722
1791	4095	3839	2287	4057	3722
2047	4095	3839	2470	4058	3722
2303	4095	3839	2664	4058	3722
2559	4095	3839	2867	4059	3722
2815	4095	3839	3077	4059	3722
3071	4095	3839	3294	4060	3722
3327	4095	3839	3515	4061	3722
3583	4095	3839	3739	4062	3722
3839	4095	3839	3968	4063	3722
4095	4095	3839	4095	3964	3630
0	0	4095	911	436	3960
255	0	4095	966	436	3960
511	0	4095	1055	437	3960
767	0	4095	1184	439	3960
1023	0	4095	1345	441	3960
1279	0	4095	1529	444	3960
1535	0	4095	1730	448	3960
1791	0	4095	1942	453	3960
2047	0	4095	2162	459	3960
2303	0	4095	2389	465	3960
2559	0	4095	2620	473	3960
2815	0	4095	2854	481	3960
3071	0	4095	3090	490	3960
3327	0	4095	3329	500	3960
3583	0	4095	3569	511	3960
3839	0	4095	3811	523	3960
4095	0	4095	4053	536	3960
0	255	4095	917	546	3960
255	255	4095	971	547	3960
511	255	4095	1059	548	3960
767	255	4095	1188	549	3960
1023	255	4095	1349	551	3960
1279	255	4095	1532	553	3960
1535	255	4095	1732	557	3960
1791	255	4095	1944	560	3960
2047	255	4095	2164	565	3960
2303	255	4095	2390	570	3960
2559	255	4095	2621	577	3960
2815	255	4095	2855	583	3960
3071	255	4095	3092	591	3960
3327	255	4095	3330	599	3960
3583	255	4095	3570	609	3960
3839	255	4095	3812	619	3960
4095	255	4095	4054	629	3960
0	511	4095	926	702	3960
255	511	4095	979	703	3960
511	511	4095	1067	703	3960
767	511	4095	1195	704	3960
1023	511	4095	1354	706	3960
1279	511	4095	1537	708	3960
1535	511	4095	1737	710	3960
1791	511	4095	1948	713	3960
2047	511	4095	2167	717	3960
2303	511	4095	2393	721	3960
2559	511	4095	2624	726	3960
2815	511	4095	2857	731	3960
3071	511	4095	3094	737	3960
3327	511	4095	3332	744	3960
3583	511	4095	3572	751	3960
3839	511	4095	3813	759	3960
4095	511	4095	4056	768	3960
0	767	4095	941	898	3960
255	767	4095	993	898	3960
511	767	4095	1080	898	3960
767	767	4095	1206	899	3960
1023	767	4095	1364	900	3960
1279	767	4095	1545	902	3960
1535	767	4095	1744	904	3960
1791	767	4095	1954	906	3960
2047	767	4095	2173	909	3960
2303	767	4095	2398	912	3960
2559	767	4095	2628	916	3960
2815	767	4095	2861	920	3960
3071	767	4095	3097	925	3960
3327	767	4095	3335	930	3960
3583	767	4095	3575	936	3960
3839	767	4095	3816	942	3960
4095	767	4095	4058	949	3960
0	1023	4095	961	1115	3960
255	1023	4095	1013	1115	3960
511	1023	4095	1098	1116	3960
767	1023	4095	1222	1116	3960
1023	1023	4095	1378	1117	3960
1279	1023	4095	1557	1118	3960
1535	1023	4095	1754	1120	3960
1791	1023	4095	1963	1122	3960
2047	1023	4095	2180	1124	3960
2303	1023	4095	2405	1126	3960
2559	1023	4095	2634	1129	3960
2815	1023	4095	2866	1133	3960
3071	1023	4095	3102	1136	3960
3327	1023	4095	3339	1140	3960
3583	1023	4095	3579	1145	3960
3839	1023	4095	3820	1150	3960
4095	1023	4095	4061	1155	3960
0	1279	4095	988	1345	3961
255	1279	4095	1038	1345	3961
511	1279	4095	1121	1345	3961
767	1279	4095	1242	1345	3961
1023	1279	4095	1395	1346	3961
1279	1279	4095	1572	1347	3961
1535	1279	4095	1767	1348	3961
1791	1279	4095	1974	1350	3961
2047	1279	4095	2191	1352	3961
2303	1279	4095	2414	1354	3961
2559	1279	4095	2642	1356	3961
2815	1279	4095	2874	1359	3961
3071	1279	4095	3108	1362	3961
3327	1279	4095	3345	1365	3961
3583	1279	4095	3584	1369	3961
3839	1279	4095	3825	1373	3961
4095	1279	4095	4066	1377	3961
0	1535	4095	1021	1581	3961
255	1535	4095	1069	1581	3961
511	1535	4095	1149	1582	3961
767	1535	4095	1268	1582	3961
1023	1535	4095	1418	1583	3961
1279	1535	4095	1592	1583	3961
1535	1535	4095	1784	1584	3961
1791	1535	4095	1989	1586	3961
2047	1535	4095	2203	1587	3961
2303	1535	4095	2425	1589	3961
2559	1535	4095	2652	1591	3961
2815	1535	4095	2883	1593	3961
3071	1535	4095	3116	1595	3961
3327	1535	4095	3353	1598	3961
3583	1535	4095	3591	1601	3961
3839	1535	4095	3831	1604	3961
4095	1535	4095	4072	1608	3961
0	1791	4095	1060	1822	3961
255	1791	4095	1106	1822	3961
511	1791	4095	1184	1823	3961
767	1791	4095	1298	1823	3961
1023	1791	4095	1444	1823	3961
1279	1791	4095	1615	1824	3961
1535	1791	4095	1804	1825	3961
1791	1791	4095	2007	1826	3961
2047	1791	4095	2219	1827	3961
2303	1791	4095	2439	1829	3961
2559	1791	4095	2664	1830	3961
2815	1791	4095	2894	1832	3961
3071	1791	4095	3126	1834	3961
3327	1791	4095	3362	1836	3961
3583	1791	4095	3599	1839	3961
3839	1791	4095	3838	1842	3961
4095	1791	4095	4079	1845	3961
0	2047	4095	1105	2066	3962
255	2047	4095	1149	2066	3962
511	2047	4095	1223	2067	3962
767	2047	4095	1333	2067	3962
1023	2047	4095	1475	2067	3962
1279	2047	4095	1642	2068	3962
1535	2047	4095	1828	2069	3962
1791	2047	4095	2027	2069	3962
2047	2047	4095	2237	2070	3962
2303	2047	4095	2455	2072	3962
2559	2047	4095	2679	2073	3962
2815	2047	4095	2907	2075	3962
3071	2047	4095	3138	2076	3962
3327	2047	4095	3373	2078	3962
3583	2047	4095	3609	2081	3962
3839	2047	4095	3847	2083	3962
4095	2047	4095	4087	2086	3962
0	2303	4095	1154	2312	3962
255	2303	4095	1196	2312	3962
511	2303	4095	1267	2312	3962
767	2303	4095	1373	2313	3962
1023	2303	4095	1511	2313	3962
1279	2303	4095	1674	2314	3962
1535	2303	4095	1855	2314	3962
1791	2303	4095	2052	2315	3962
2047	2303	4095	2259	2316	3962
2303	2303	4095	2474	2317	3962
2559	2303	4095	2696	2318	3962
2815	2303	4095	2922	2319	3962
3071	2303	4095	3152	2321	3962
3327	2303	4095	3385	2323	3962
3583	2303	4095	3621	2325	3962
3839	2303	4095	3858	2327	3962
4095	2303	4095	4095	2328	3961
0	2559	4095	1208	2560	3963
255	2559	4095	1248	2560	3963
511	2559	4095	1316	2560	3963
767	2559	4095	1418	2560	3963
1023	2559	4095	1551	2560	3963
1279	2559	4095	1709	2561	3963
1535	2559	4095	1886	2561	3963
1791	2559	4095	2079	2562	3963
2047	2559	4095	2283	2563	3963
2303	2559	4095	2496	2564	3963
2559	2559	4095	2715	2565	3963
2815	2559	4095	2939	2566	3963
3071	2559	4095	3168	2567	3963
3327	2559	4095	3400	2569	3963
3583	2559	4095	3634	2571	3963
3839	2559	4095	3870	2572	3963
4095	2559	4095	4095	2566	3950
0	2815	4095	1267	2808	3964
255	2815	4095	1304	2808	3964
511	2815	4095	1369	2808	3964
767	2815	4095	1466	2808	3964
1023	2815	4095	1594	2809	3964
1279	2815	4095	1748	2809	3964
1535	2815	4095	1921	2810	3964
1791	2815	4095	2109	2810	3964
2047	2815	4095	2310	2811	3964
2303	2815	4095	2520	2812	3964
2559	2815	4095	2737	2813	3964
2815	2815	4095	2959	2814	3964
3071	2815	4095	3186	2815	3964
3327	2815	4095	3416	2816	3964
3583	2815	4095	3649	2818	3964
3839	2815	4095	3884	2819	3964
4095	2815	4095	4095	2803	3939
0	3071	4095	1329	3057	3965
255	3071	4095	1364	3057	3965
511	3071	4095	1425	3057	3965
767	3071	4095	1519	3058	3965
1023	3071	4095	1642	3058	3965
1279	3071	4095	1790	3058	3965
1535	3071	4095	1959	3059	3965
1791	3071	4095	2143	3059	3965
2047	3071	4095	2340	3060	3965
2303	3071	4095	2547	3060	3965
2559	3071	4095	2761	3061	3965
2815	3071	4095	2981	3062	3965
3071	3071	4095	3206	3063	3965
3327	3071	4095	3434	3065	3965
3583	3071	4095	3666	3066	3965
3839	3071	4095	3899	3067	3965
4095	3071	4095	4095	3039	3926
0	3327	4095	1394	3307	3966
255	3327	4095	1428	3307	3966
511	3327	4095	1486	3307	3966
767	3327	4095	1575	3307	3966
1023	3327	4095	1693	3308	3966
1279	3327	4095	1836	3308	3966
1535	3327	4095	2000	3308	3966
1791	3327	4095	2180	3309	3966
2047	3327	4095	2373	3309	3966
2303	3327	4095	2577	3310	3966
2559	3327	4095	2788	3311	3966
2815	3327	4095	3005	3312	3966
3071	3327	4095	3228	3313	3966
3327	3327	4095	3454	3314	3966
3583	3327	4095	3684	3315	3966
3839	3327	4095	3916	3316	3966
4095	3327	4095	4095	3273	3912
0	3583	4095	1462	3557	3967
255	3583	4095	1494	3557	3967
511	3583	4095	1549	3557	3967
767	3583	4095	1634	3557	3967
1023	3583	4095	1747	3558	3967
1279	3583	4095	1885	3558	3967
1535	3583	4095	2044	3558	3967
1791	3583	4095	2220	3559	3967
2047	3583	4095	2409	3559	3967
2303	3583	4095	2609	3560	3967
2559	3583	4095	2817	3561	3967
2815	3583	4095	3032	3561	3967
3071	3583	4095	3252	3562	3967
3327	3583	4095	3477	3563	3967
3583	3583	4095	3704	3564	3967
3839	3583	4095	3935	3565	3967
4095	3583	4095	4095	3504	3897
0	3839	4095	1533	3808	3968
255	3839	4095	1563	3808	3968
511	3839	4095	1615	3808	3968
767	3839	4095	1696	3808	3968
1023	3839	4095	1804	3808	3968
1279	3839	4095	1938	3808	3968
1535	3839	4095	2092	3809	3968
1791	3839	4095	2263	3809	3968
2047	3839	4095	2448	3810	3968
2303	3839	4095	2644	3810	3968
2559	3839	4095	2849	3811	3968
2815	3839	4095	3061	3812	3968
3071	3839	4095	3278	3812	3968
3327	3839	4095	3501	3813	3968
3583	3839	4095	3727	3814	3968
3839	3839	4095	3956	3815	3968
4095	3839	4095	4095	3732	3880
0	4095	4095	1606	4059	3969
255	4095	4095	1634	4059	3969
511	4095	4095	1684	4059	3969
767	4095	4095	1761	4059	3969
1023	4095	4095	1865	4059	3969
1279	4095	4095	1993	4059	3969
1535	4095	4095	2142	4060	3969
1791	4095	4095	2308	4060	3969
2047	4095	4095	2489	4060	3969
2303	4095	4095	2681	4061	3969
2559	4095	4095	2883	4061	3969
2815	4095	4095	3092	4062	3969
3071	4095	4095	3307	4063	3969
3327	4095	4095	3527	4064	3969
3583	4095	4095	3751	4065	3969
3839	4095	4095	3978	4066	3969
4095	4095	4095	4095	3958	3862
