0	0	0	0	0	0
255	0	0	206	10	4
511	0	0	436	27	12
767	0	0	666	56	25
1023	0	0	897	97	43
1279	0	0	1127	151	67
1535	0	0	1357	215	98
1791	0	0	1587	279	135
2047	0	0	1817	344	180
2303	0	0	2047	408	225
2559	0	0	2277	472	271
2815	0	0	2507	536	317
3071	0	0	2737	600	362
3327	0	0	2967	664	408
3583	0	0	3197	728	453
3839	0	0	3427	792	499
4095	0	0	3657	856	545
0	255	0	69	242	19
255	255	0	260	250	24
511	255	0	468	263	32
767	255	0	687	283	44
1023	255	0	912	310	62
1279	255	0	1138	343	86
1535	255	0	1366	381	117
1791	255	0	1595	424	155
2047	255	0	1823	471	197
2303	255	0	2053	521	241
2559	255	0	2282	573	284
2815	255	0	2511	627	329
3071	255	0	2741	682	373
3327	255	0	2971	739	417
3583	255	0	3200	796	462
3839	255	0	3430	855	507
4095	255	0	3660	914	552
0	511	0	190	492	54
255	511	0	340	496	59
511	511	0	519	503	66
767	511	0	723	515	79
1023	511	0	938	531	97
1279	511	0	1159	552	121
1535	511	0	1383	577	152
1791	511	0	1608	607	188
2047	511	0	1835	641	227
2303	511	0	2063	678	266
2559	511	0	2291	719	307
2815	511	0	2519	762	349
3071	511	0	2748	807	391
3327	511	0	2977	855	434
3583	511	0	3206	905	478
3839	511	0	3435	956	521
4095	511	0	3665	1009	565
0	767	0	335	741	111
255	767	0	444	744	116
511	767	0	594	749	123
767	767	0	778	756	136
1023	767	0	980	767	154
1279	767	0	1192	782	178
1535	767	0	1410	800	205
1791	767	0	1631	821	236
2047	767	0	1854	846	269
2303	767	0	2079	874	305
2559	767	0	2305	905	342
2815	767	0	2532	939	380
3071	767	0	2759	976	420
3327	767	0	2987	1015	460
3583	767	0	3215	1056	502
3839	767	0	3444	1099	543
4095	767	0	3673	1144	585
0	1023	0	479	990	191
255	1023	0	563	992	195
511	1023	0	687	996	202
767	1023	0	850	1001	213
1023	1023	0	1037	1010	228
1279	1023	0	1238	1020	246
1535	1023	0	1447	1034	269
1791	1023	0	1663	1050	295
2047	1023	0	1881	1069	323
2303	1023	0	2103	1090	354
2559	1023	0	2326	1115	387
2815	1023	0	2550	1142	422
3071	1023	0	2776	1171	458
3327	1023	0	3002	1203	496
3583	1023	0	3229	1237	534
3839	1023	0	3456	1273	574
4095	1023	0	3684	1311	614
0	1279	0	623	1240	277
255	1279	0	690	1241	280
511	1279	0	793	1244	285
767	1279	0	937	1248	293
1023	1279	0	1107	1254	305
1279	1279	0	1296	1263	320
1535	1279	0	1496	1273	339
1791	1279	0	1704	1286	360
2047	1279	0	1917	1301	385
2303	1279	0	2134	1318	412
2559	1279	0	2353	1338	441
2815	1279	0	2575	1359	472
3071	1279	0	2798	1383	505
3327	1279	0	3022	1410	539
3583	1279	0	3247	1438	575
3839	1279	0	3473	1468	612
4095	1279	0	3699	1501	649
0	1535	0	768	1489	362
255	1535	0	822	1490	364
511	1535	0	910	1492	369
767	1535	0	1035	1496	376
1023	1535	0	1190	1501	385
1279	1535	0	1365	1508	398
1535	1535	0	1555	1516	413
1791	1535	0	1754	1526	431
2047	1535	0	1960	1538	452
2303	1535	0	2172	1553	476
2559	1535	0	2387	1569	501
2815	1535	0	2605	1587	529
3071	1535	0	2825	1607	559
3327	1535	0	3046	1629	590
3583	1535	0	3269	1652	623
3839	1535	0	3493	1678	657
4095	1535	0	3718	1706	692
0	1791	0	912	1738	447
255	1791	0	957	1739	449
511	1791	0	1032	1741	453
767	1791	0	1143	1744	459
1023	1791	0	1283	1748	467
1279	1791	0	1445	1754	477
1535	1791	0	1623	1761	490
1791	1791	0	1813	1769	506
2047	1791	0	2012	1779	524
2303	1791	0	2218	1791	545
2559	1791	0	2428	1805	567
2815	1791	0	2641	1820	592
3071	1791	0	2858	1837	619
3327	1791	0	3076	1855	647
3583	1791	0	3296	1876	677
3839	1791	0	3518	1898	708
4095	1791	0	3741	1922	741
0	2047	0	1057	1987	533
255	2047	0	1095	1988	535
511	2047	0	1160	1990	538
767	2047	0	1258	1992	542
1023	2047	0	1384	1996	549
1279	2047	0	1533	2001	558
1535	2047	0	1701	2007	570
1791	2047	0	1881	2014	583
2047	2047	0	2072	2022	599
2303	2047	0	2271	2033	617
2559	2047	0	2475	2044	637
2815	2047	0	2684	2057	659
3071	2047	0	2896	2072	683
3327	2047	0	3111	2088	709
3583	2047	0	3329	2105	736
3839	2047	0	3548	2124	765
4095	2047	0	3768	2145	795
0	2303	0	1201	2237	618
255	2303	0	1234	2238	620
511	2303	0	1291	2239	622
767	2303	0	1378	2241	627
1023	2303	0	1492	2244	632
1279	2303	0	1630	2248	640
1535	2303	0	1786	2253	650
1791	2303	0	1957	2260	662
2047	2303	0	2140	2267	676
2303	2303	0	2331	2276	692
2559	2303	0	2529	2286	710
2815	2303	0	2733	2297	729
3071	2303	0	2941	2310	751
3327	2303	0	3152	2324	774
3583	2303	0	3366	2339	799
3839	2303	0	3582	2356	825
4095	2303	0	3800	2374	853
0	2559	0	1346	2486	704
255	2559	0	1375	2487	705
511	2559	0	1425	2488	707
767	2559	0	1503	2490	711
1023	2559	0	1606	2492	716
1279	2559	0	1733	2496	723
1535	2559	0	1879	2500	732
1791	2559	0	2040	2506	742
2047	2559	0	2214	2513	755
2303	2559	0	2398	2520	769
2559	2559	0	2590	2529	785
2815	2559	0	2788	2539	802
3071	2559	0	2991	2550	822
3327	2559	0	3198	2562	843
3583	2559	0	3408	2576	866
3839	2559	0	3621	2591	890
4095	2559	0	3836	2607	916
0	2815	0	1490	2735	789
255	2815	0	1516	2736	790
511	2815	0	1561	2737	792
767	2815	0	1630	2739	796
1023	2815	0	1725	2741	800
1279	2815	0	1842	2744	806
1535	2815	0	1978	2748	814
1791	2815	0	2130	2753	823
2047	2815	0	2296	2759	834
2303	2815	0	2472	2766	847
2559	2815	0	2657	2773	861
2815	2815	0	2849	2782	878
3071	2815	0	3047	2792	895
3327	2815	0	3249	2803	914
3583	2815	0	3455	2815	935
3839	2815	0	3664	2828	957
4095	2815	0	3876	2843	981
0	3071	0	1634	2985	875
255	3071	0	1657	2985	876
511	3071	0	1698	2986	877
767	3071	0	1761	2988	880
1023	3071	0	1847	2990	884
1279	3071	0	1955	2992	890
1535	3071	0	2082	2996	897
1791	3071	0	2226	3000	905
2047	3071	0	2383	3006	915
2303	3071	0	2551	3012	927
2559	3071	0	2730	3019	940
2815	3071	0	2915	3027	954
3071	3071	0	3108	3035	970
3327	3071	0	3305	3045	988
3583	3071	0	3507	3056	1007
3839	3071	0	3713	3068	1028
4095	3071	0	3921	3081	1049
0	3327	0	1779	3234	960
255	3327	0	1800	3234	961
511	3327	0	1836	3235	962
767	3327	0	1894	3237	965
1023	3327	0	1973	3238	969
1279	3327	0	2073	3241	974
1535	3327	0	2191	3244	980
1791	3327	0	2326	3248	988
2047	3327	0	2475	3253	997
2303	3327	0	2637	3258	1007
2559	3327	0	2808	3265	1019
2815	3327	0	2987	3272	1032
3071	3327	0	3174	3280	1047
3327	3327	0	3367	3289	1063
3583	3327	0	3564	3298	1081
3839	3327	0	3765	3309	1100
4095	3327	0	3970	3321	1120
0	3583	0	1923	3483	1045
255	3583	0	1942	3484	1046
511	3583	0	1975	3484	1048
767	3583	0	2028	3486	1050
1023	3583	0	2101	3487	1053
1279	3583	0	2193	3490	1058
1535	3583	0	2304	3493	1064
1791	3583	0	2431	3496	1071
2047	3583	0	2573	3500	1079
2303	3583	0	2727	3505	1088
2559	3583	0	2891	3511	1099
2815	3583	0	3065	3518	1111
3071	3583	0	3245	3525	1125
3327	3583	0	3433	3533	1140
3583	3583	0	3625	3542	1156
3839	3583	0	3823	3552	1174
4095	3583	0	4024	3562	1192
0	3839	0	2068	3733	1131
255	3839	0	2085	3733	1132
511	3839	0	2115	3734	1133
767	3839	0	2164	3735	1135
1023	3839	0	2231	3736	1138
1279	3839	0	2317	3738	1142
1535	3839	0	2421	3741	1147
1791	3839	0	2541	3744	1154
2047	3839	0	2675	3748	1161
2303	3839	0	2822	3753	1170
2559	3839	0	2979	3758	1180
2815	3839	0	3146	3764	1191
3071	3839	0	3322	3771	1204
3327	3839	0	3504	3778	1218
3583	3839	0	3691	3786	1233
3839	3839	0	3884	3795	1249
4095	3839	0	4081	3805	1266
0	4095	0	2212	3982	1216
255	4095	0	2228	3982	1217
511	4095	0	2256	3983	1218
767	4095	0	2301	3984	1220
1023	4095	0	2363	3985	1223
1279	4095	0	2443	3987	1227
1535	4095	0	2540	3990	1232
1791	4095	0	2653	3993	1237
2047	4095	0	2781	3996	1244
2303	4095	0	2921	4000	1252
2559	4095	0	3072	4005	1262
2815	4095	0	3233	4011	1272
3071	4095	0	3402	4017	1284
3327	4095	0	3579	4024	1296
3583	4095	0	3762	4031	1310
3839	4095	0	3950	4039	1326
4095	4095	0	4095	4001	1326
0	0	255	10	3	222
255	0	255	215	13	226
511	0	255	441	30	232
767	0	255	670	59	242
1023	0	255	899	99	255
1279	0	255	1128	154	273
1535	0	255	1358	218	294
1791	0	255	1588	281	318
2047	0	255	1818	345	345
2303	0	255	2048	409	374
2559	0	255	2278	473	406
2815	0	255	2508	537	439
3071	0	255	2738	601	474
3327	0	255	2968	665	511
3583	0	255	3198	729	548
3839	0	255	3428	793	587
4095	0	255	3658	857	626
0	255	255	79	245	238
255	255	255	268	252	241
511	255	255	472	265	247
767	255	255	690	284	256
1023	255	255	914	311	269
1279	255	255	1140	344	286
1535	255	255	1368	383	306
1791	255	255	1596	426	330
2047	255	255	1824	472	356
2303	255	255	2053	522	384
2559	255	255	2283	574	415
2815	255	255	2512	628	448
3071	255	255	2741	683	483
3327	255	255	2971	739	518
3583	255	255	3201	797	555
3839	255	255	3431	856	593
4095	255	255	3660	915	632
0	511	255	199	493	264
255	511	255	346	497	267
511	511	255	523	504	272
767	511	255	726	516	281
1023	511	255	941	532	293
1279	511	255	1161	553	309
1535	511	255	1384	578	328
1791	511	255	1610	608	350
2047	511	255	1836	642	375
2303	511	255	2064	679	403
2559	511	255	2292	719	432
2815	511	255	2520	763	464
3071	511	255	2749	808	497
3327	511	255	2977	856	532
3583	511	255	3207	906	568
3839	511	255	3436	957	605
4095	511	255	3665	1009	644
0	767	255	340	742	302
255	767	255	449	744	305
511	767	255	597	749	310
767	767	255	781	757	318
1023	767	255	982	768	329
1279	767	255	1194	782	343
1535	767	255	1411	800	361
1791	767	255	1632	822	381
2047	767	255	1855	846	405
2303	767	255	2080	874	430
2559	767	255	2306	906	459
2815	767	255	2533	939	489
3071	767	255	2760	976	520
3327	767	255	2988	1015	554
3583	767	255	3216	1056	589
3839	767	255	3444	1100	625
4095	767	255	3673	1145	662
0	1023	255	483	991	352
255	1023	255	566	993	354
511	1023	255	690	996	359
767	1023	255	852	1002	366
1023	1023	255	1039	1010	376
1279	1023	255	1239	1021	388
1535	1023	255	1449	1034	404
1791	1023	255	1664	1050	423
2047	1023	255	1882	1069	444
2303	1023	255	2104	1091	468
2559	1023	255	2327	1115	494
2815	1023	255	2551	1142	522
3071	1023	255	2776	1171	552
3327	1023	255	3003	1203	584
3583	1023	255	3229	1237	617
3839	1023	255	3457	1274	651
4095	1023	255	3684	1312	687
0	1279	255	627	1240	410
255	1279	255	693	1242	412
511	1279	255	796	1244	416
767	1279	255	939	1249	422
1023	1279	255	1109	1255	431
1279	1279	255	1297	1263	442
1535	1279	255	1497	1274	456
1791	1279	255	1705	1286	473
2047	1279	255	1918	1301	492
2303	1279	255	2134	1318	514
2559	1279	255	2354	1338	538
2815	1279	255	2575	1360	564
3071	1279	255	2798	1384	592
3327	1279	255	3022	1410	621
3583	1279	255	3247	1438	652
3839	1279	255	3473	1469	685
4095	1279	255	3699	1501	718
0	1535	255	770	1489	474
255	1535	255	824	1490	476
511	1535	255	912	1493	479
767	1535	255	1037	1496	485
1023	1535	255	1192	1501	492
1279	1535	255	1366	1508	502
1535	1535	255	1556	1516	515
1791	1535	255	1755	1527	530
2047	1535	255	1961	1539	547
2303	1535	255	2173	1553	567
2559	1535	255	2388	1569	589
2815	1535	255	2605	1587	612
3071	1535	255	2825	1607	638
3327	1535	255	3047	1629	666
3583	1535	255	3270	1653	695
3839	1535	255	3494	1679	725
4095	1535	255	3718	1706	757
0	1791	255	914	1738	543
255	1791	255	959	1739	545
511	1791	255	1034	1741	548
767	1791	255	1145	1744	552
1023	1791	255	1284	1748	559
1279	1791	255	1446	1754	568
1535	1791	255	1624	1761	579
1791	1791	255	1814	1770	593
2047	1791	255	2013	1780	608
2303	1791	255	2218	1791	626
2559	1791	255	2428	1805	645
2815	1791	255	2642	1820	667
3071	1791	255	2858	1837	691
3327	1791	255	3077	1856	716
3583	1791	255	3297	1876	743
3839	1791	255	3519	1898	772
4095	1791	255	3741	1922	801
0	2047	255	1059	1988	616
255	2047	255	1097	1989	617
511	2047	255	1162	1990	620
767	2047	255	1259	1993	624
1023	2047	255	1385	1996	630
1279	2047	255	1535	2001	638
1535	2047	255	1702	2007	648
1791	2047	255	1882	2014	660
2047	2047	255	2073	2023	673
2303	2047	255	2272	2033	689
2559	2047	255	2476	2044	707
2815	2047	255	2685	2057	727
3071	2047	255	2897	2072	749
3327	2047	255	3112	2088	772
3583	2047	255	3329	2105	797
3839	2047	255	3548	2125	823
4095	2047	255	3769	2145	851
0	2303	255	1203	2237	691
255	2303	255	1236	2238	692
511	2303	255	1293	2239	694
767	2303	255	1379	2241	698
1023	2303	255	1494	2244	703
1279	2303	255	1631	2248	710
1535	2303	255	1787	2253	719
1791	2303	255	1958	2260	730
2047	2303	255	2141	2267	742
2303	2303	255	2332	2276	757
2559	2303	255	2530	2286	773
2815	2303	255	2733	2297	791
3071	2303	255	2941	2310	811
3327	2303	255	3152	2324	832
3583	2303	255	3366	2339	855
3839	2303	255	3582	2356	880
4095	2303	255	3800	2374	906
0	2559	255	1347	2486	768
255	2559	255	1376	2487	769
511	2559	255	1426	2488	771
767	2559	255	1504	2490	774
1023	2559	255	1607	2493	779
1279	2559	255	1734	2496	785
1535	2559	255	1880	2501	793
1791	2559	255	2041	2506	803
2047	2559	255	2215	2513	814
2303	2559	255	2399	2520	827
2559	2559	255	2591	2529	842
2815	2559	255	2788	2539	858
3071	2559	255	2991	2550	877
3327	2559	255	3198	2563	896
3583	2559	255	3408	2576	918
3839	2559	255	3621	2591	940
4095	2559	255	3836	2607	964
0	2815	255	1491	2736	846
255	2815	255	1517	2736	847
511	2815	255	1562	2737	849
767	2815	255	1632	2739	852
1023	2815	255	1726	2741	856
1279	2815	255	1843	2744	862
1535	2815	255	1979	2748	869
1791	2815	255	2131	2753	878
2047	2815	255	2296	2759	888
2303	2815	255	2473	2766	900
2559	2815	255	2657	2774	914
2815	2815	255	2849	2782	929
3071	2815	255	3047	2792	945
3327	2815	255	3249	2803	963
3583	2815	255	3455	2815	983
3839	2815	255	3665	2828	1004
4095	2815	255	3877	2843	1026
0	3071	255	1635	2985	926
255	3071	255	1659	2985	927
511	3071	255	1699	2986	928
767	3071	255	1762	2988	931
1023	3071	255	1848	2990	935
1279	3071	255	1956	2993	940
1535	3071	255	2083	2996	947
1791	3071	255	2226	3001	955
2047	3071	255	2383	3006	964
2303	3071	255	2552	3012	975
2559	3071	255	2730	3019	987
2815	3071	255	2916	3027	1001
3071	3071	255	3108	3036	1016
3327	3071	255	3306	3045	1033
3583	3071	255	3507	3056	1051
3839	3071	255	3713	3068	1071
4095	3071	255	3921	3081	1091
0	3327	255	1780	3234	1006
255	3327	255	1801	3235	1007
511	3327	255	1837	3235	1009
767	3327	255	1895	3237	1011
1023	3327	255	1974	3239	1015
1279	3327	255	2073	3241	1019
1535	3327	255	2192	3244	1025
1791	3327	255	2327	3248	1033
2047	3327	255	2476	3253	1041
2303	3327	255	2637	3258	1051
2559	3327	255	2808	3265	1062
2815	3327	255	2988	3272	1075
3071	3327	255	3175	3280	1089
3327	3327	255	3367	3289	1105
3583	3327	255	3564	3299	1122
3839	3327	255	3766	3309	1140
4095	3327	255	3971	3321	1159
0	3583	255	1924	3483	1088
255	3583	255	1943	3484	1088
511	3583	255	1976	3485	1090
767	3583	255	2029	3486	1092
1023	3583	255	2102	3487	1095
1279	3583	255	2194	3490	1100
1535	3583	255	2305	3493	1105
1791	3583	255	2432	3496	1112
2047	3583	255	2573	3500	1120
2303	3583	255	2727	3505	1129
2559	3583	255	2892	3511	1139
2815	3583	255	3065	3518	1151
3071	3583	255	3246	3525	1164
3327	3583	255	3433	3533	1178
3583	3583	255	3626	3542	1194
3839	3583	255	3823	3552	1211
4095	3583	255	4024	3562	1229
0	3839	255	2068	3733	1170
255	3839	255	2086	3733	1170
511	3839	255	2116	3734	1171
767	3839	255	2165	3735	1174
1023	3839	255	2232	3736	1177
1279	3839	255	2318	3738	1181
1535	3839	255	2421	3741	1186
1791	3839	255	2541	3744	1192
2047	3839	255	2675	3748	1199
2303	3839	255	2822	3753	1207
2559	3839	255	2980	3758	1217
2815	3839	255	3147	3764	1228
3071	3839	255	3322	3771	1240
3327	3839	255	3504	3778	1253
3583	3839	255	3692	3786	1268
3839	3839	255	3885	3795	1283
4095	3839	255	4082	3805	1300
0	4095	255	2213	3982	1252
255	4095	255	2229	3982	1253
511	4095	255	2257	3983	1254
767	4095	255	2301	3984	1256
1023	4095	255	2364	3985	1258
1279	4095	255	2444	3987	1262
1535	4095	255	2541	3990	1267
1791	4095	255	2654	3993	1272
2047	4095	255	2781	3996	1279
2303	4095	255	2921	4000	1287
2559	4095	255	3072	4005	1296
2815	4095	255	3233	4011	1306
3071	4095	255	3403	4017	1317
3327	4095	255	3579	4024	1330
3583	4095	255	3762	4031	1343
3839	4095	255	3951	4039	1358
4095	4095	255	4095	4001	1358
0	0	511	28	8	461
255	0	511	229	17	463
511	0	511	449	35	466
767	0	511	675	63	472
1023	0	511	903	104	479
1279	0	511	1131	159	490
1535	0	511	1360	222	503
1791	0	511	1590	285	518
2047	0	511	1819	348	536
2303	0	511	2049	411	556
2559	0	511	2279	475	578
2815	0	511	2509	539	602
3071	0	511	2739	602	628
3327	0	511	2968	666	656
3583	0	511	3198	730	686
3839	0	511	3428	794	716
4095	0	511	3658	858	749
0	255	511	97	248	469
255	255	511	280	255	471
511	255	511	480	268	475
767	255	511	696	288	480
1023	255	511	918	314	488
1279	255	511	1143	347	498
1535	255	511	1370	385	511
1791	255	511	1598	428	526
2047	255	511	1826	474	543
2303	255	511	2055	524	563
2559	255	511	2284	575	585
2815	255	511	2513	629	609
3071	255	511	2743	684	635
3327	255	511	2972	741	662
3583	255	511	3202	798	691
3839	255	511	3431	857	722
4095	255	511	3661	916	754
0	511	511	214	495	484
255	511	511	356	499	486
511	511	511	530	506	490
767	511	511	731	518	495
1023	511	511	944	534	502
1279	511	511	1164	555	512
1535	511	511	1387	580	524
1791	511	511	1612	610	539
2047	511	511	1838	643	556
2303	511	511	2065	680	575
2559	511	511	2293	721	597
2815	511	511	2521	764	620
3071	511	511	2750	809	646
3327	511	511	2978	857	673
3583	511	511	3207	907	702
3839	511	511	3437	958	732
4095	511	511	3666	1010	763
0	767	511	351	743	508
255	767	511	457	746	510
511	767	511	604	751	513
767	767	511	785	758	518
1023	767	511	986	769	525
1279	767	511	1197	784	535
1535	767	511	1414	802	546
1791	767	511	1634	823	561
2047	767	511	1857	848	577
2303	767	511	2082	876	596
2559	767	511	2307	907	616
2815	767	511	2534	940	639
3071	767	511	2761	977	664
3327	767	511	2989	1016	690
3583	767	511	3217	1057	718
3839	767	511	3445	1101	748
4095	767	511	3674	1146	778
0	1023	511	491	992	540
255	1023	511	573	994	542
511	1023	511	695	997	545
767	1023	511	857	1003	550
1023	1023	511	1042	1011	557
1279	1023	511	1242	1022	566
1535	1023	511	1451	1035	577
1791	1023	511	1666	1051	590
2047	1023	511	1884	1070	606
2303	1023	511	2105	1092	623
2559	1023	511	2328	1116	643
2815	1023	511	2552	1143	665
3071	1023	511	2777	1172	689
3327	1023	511	3004	1204	714
3583	1023	511	3230	1238	741
3839	1023	511	3457	1274	770
4095	1023	511	3685	1313	800
0	1279	511	633	1241	581
255	1279	511	698	1242	582
511	1279	511	801	1245	585
767	1279	511	943	1249	589
1023	1279	511	1112	1256	596
1279	1279	511	1300	1264	604
1535	1279	511	1499	1274	615
1791	1279	511	1707	1287	627
2047	1279	511	1919	1302	642
2303	1279	511	2136	1319	659
2559	1279	511	2355	1339	677
2815	1279	511	2576	1360	698
3071	1279	511	2799	1385	721
3327	1279	511	3023	1411	745
3583	1279	511	3248	1439	771
3839	1279	511	3474	1469	798
4095	1279	511	3700	1502	827
0	1535	511	775	1490	628
255	1535	511	829	1491	630
511	1535	511	916	1493	632
767	1535	511	1041	1497	636
1023	1535	511	1194	1502	642
1279	1535	511	1369	1508	650
1535	1535	511	1558	1517	659
1791	1535	511	1757	1527	671
2047	1535	511	1963	1539	685
2303	1535	511	2174	1553	701
2559	1535	511	2389	1570	718
2815	1535	511	2606	1588	738
3071	1535	511	2826	1608	759
3327	1535	511	3048	1629	782
3583	1535	511	3270	1653	806
3839	1535	511	3494	1679	833
4095	1535	511	3719	1707	860
0	1791	511	918	1739	682
255	1791	511	963	1740	683
511	1791	511	1038	1742	685
767	1791	511	1148	1745	689
1023	1791	511	1287	1749	694
1279	1791	511	1448	1754	702
1535	1791	511	1626	1761	711
1791	1791	511	1816	1770	721
2047	1791	511	2015	1780	734
2303	1791	511	2220	1792	749
2559	1791	511	2430	1805	765
2815	1791	511	2643	1821	783
3071	1791	511	2859	1838	803
3327	1791	511	3078	1856	825
3583	1791	511	3298	1877	848
3839	1791	511	3519	1899	873
4095	1791	511	3742	1922	899
0	2047	511	1062	1988	740
255	2047	511	1100	1989	741
511	2047	511	1165	1991	744
767	2047	511	1262	1993	747
1023	2047	511	1388	1997	752
1279	2047	511	1537	2001	759
1535	2047	511	1704	2007	767
1791	2047	511	1884	2014	777
2047	2047	511	2075	2023	789
2303	2047	511	2273	2033	802
2559	2047	511	2477	2045	817
2815	2047	511	2686	2058	834
3071	2047	511	2898	2072	853
3327	2047	511	3113	2088	873
3583	2047	511	3330	2106	895
3839	2047	511	3549	2125	918
4095	2047	511	3769	2146	943
0	2303	511	1206	2237	803
255	2303	511	1239	2238	804
511	2303	511	1295	2239	806
767	2303	511	1382	2242	809
1023	2303	511	1496	2245	814
1279	2303	511	1633	2249	820
1535	2303	511	1789	2254	827
1791	2303	511	1960	2260	837
2047	2303	511	2142	2268	848
2303	2303	511	2333	2276	860
2559	2303	511	2531	2286	874
2815	2303	511	2735	2298	890
3071	2303	511	2942	2310	907
3327	2303	511	3153	2324	926
3583	2303	511	3367	2340	947
3839	2303	511	3583	2356	969
4095	2303	511	3801	2374	992
0	2559	511	1349	2487	869
255	2559	511	1378	2487	870
511	2559	511	1429	2488	872
767	2559	511	1506	2490	875
1023	2559	511	1609	2493	879
1279	2559	511	1736	2496	885
1535	2559	511	1882	2501	892
1791	2559	511	2043	2506	900
2047	2559	511	2217	2513	910
2303	2559	511	2400	2521	922
2559	2559	511	2592	2529	935
2815	2559	511	2790	2539	950
3071	2559	511	2992	2550	966
3327	2559	511	3199	2563	984
3583	2559	511	3409	2576	1003
3839	2559	511	3622	2591	1023
4095	2559	511	3837	2607	1045
0	2815	511	1493	2736	939
255	2815	511	1519	2736	940
511	2815	511	1564	2737	941
767	2815	511	1634	2739	944
1023	2815	511	1728	2741	948
1279	2815	511	1844	2745	953
1535	2815	511	1980	2749	959
1791	2815	511	2132	2753	967
2047	2815	511	2298	2759	976
2303	2815	511	2474	2766	987
2559	2815	511	2659	2774	999
2815	2815	511	2850	2783	1013
3071	2815	511	3048	2793	1028
3327	2815	511	3250	2803	1044
3583	2815	511	3456	2816	1062
3839	2815	511	3665	2829	1082
4095	2815	511	3877	2843	1102
0	3071	511	1637	2985	1010
255	3071	511	1660	2986	1011
511	3071	511	1701	2986	1013
767	3071	511	1764	2988	1015
1023	3071	511	1850	2990	1019
1279	3071	511	1958	2993	1023
1535	3071	511	2084	2996	1029
1791	3071	511	2228	3001	1036
2047	3071	511	2385	3006	1045
2303	3071	511	2553	3012	1055
2559	3071	511	2731	3019	1066
2815	3071	511	2917	3027	1079
3071	3071	511	3109	3036	1093
3327	3071	511	3306	3046	1108
3583	3071	511	3508	3057	1125
3839	3071	511	3714	3068	1143
4095	3071	511	3922	3081	1162
0	3327	511	1782	3234	1084
255	3327	511	1802	3235	1084
511	3327	511	1839	3236	1086
767	3327	511	1896	3237	1088
1023	3327	511	1975	3239	1091
1279	3327	511	2075	3241	1096
1535	3327	511	2193	3245	1101
1791	3327	511	2328	3248	1108
2047	3327	511	2477	3253	1116
2303	3327	511	2638	3259	1125
2559	3327	511	2809	3265	1135
2815	3327	511	2989	3272	1147
3071	3327	511	3175	3280	1160
3327	3327	511	3368	3289	1175
3583	3327	511	3565	3299	1190
3839	3327	511	3766	3310	1207
4095	3327	511	3971	3321	1225
0	3583	511	1926	3484	1159
255	3583	511	1945	3484	1160
511	3583	511	1978	3485	1161
767	3583	511	2030	3486	1163
1023	3583	511	2103	3488	1166
1279	3583	511	2196	3490	1170
1535	3583	511	2306	3493	1175
1791	3583	511	2433	3496	1181
2047	3583	511	2575	3501	1189
2303	3583	511	2728	3506	1197
2559	3583	511	2893	3511	1207
2815	3583	511	3066	3518	1218
3071	3583	511	3247	3525	1230
3327	3583	511	3434	3533	1243
3583	3583	511	3627	3542	1258
3839	3583	511	3824	3552	1274
4095	3583	511	4025	3563	1291
0	3839	511	2070	3733	1235
255	3839	511	2087	3733	1236
511	3839	511	2118	3734	1237
767	3839	511	2166	3735	1239
1023	3839	511	2233	3737	1242
1279	3839	511	2319	3739	1246
1535	3839	511	2423	3741	1250
1791	3839	511	2542	3745	1256
2047	3839	511	2676	3748	1263
2303	3839	511	2823	3753	1271
2559	3839	511	2981	3758	1280
2815	3839	511	3148	3764	1290
3071	3839	511	3323	3771	1301
3327	3839	511	3505	3778	1314
3583	3839	511	3693	3786	1328
3839	3839	511	3885	3795	1343
4095	3839	511	4082	3805	1359
0	4095	511	2214	3982	1313
255	4095	511	2230	3982	1313
511	4095	511	2258	3983	1314
767	4095	511	2303	3984	1316
1023	4095	511	2365	3986	1319
1279	4095	511	2445	3987	1322
1535	4095	511	2542	3990	1327
1791	4095	511	2655	3993	1332
2047	4095	511	2782	3996	1338
2303	4095	511	2922	4001	1346
2559	4095	511	3073	4005	1354
2815	4095	511	3234	4011	1364
3071	4095	511	3403	4017	1375
3327	4095	511	3580	4024	1386
3583	4095	511	3763	4031	1399
3839	4095	511	3951	4040	1413
4095	4095	511	4095	4001	1411
0	0	767	57	16	699
255	0	767	252	25	700
511	0	767	463	43	703
767	0	767	684	71	706
1023	0	767	909	112	712
1279	0	767	1136	167	719
1535	0	767	1365	228	727
1791	0	767	1593	290	738
2047	0	767	1822	352	750
2303	0	767	2052	415	765
2559	0	767	2281	478	781
2815	0	767	2511	542	798
3071	0	767	2740	605	818
3327	0	767	2970	669	839
3583	0	767	3200	732	862
3839	0	767	3430	796	886
4095	0	767	3659	860	912
0	255	767	126	254	705
255	255	767	300	261	706
511	255	767	492	274	708
767	255	767	704	293	712
1023	255	767	924	319	717
1279	255	767	1148	352	724
1535	255	767	1374	390	733
1791	255	767	1601	432	743
2047	255	767	1829	478	756
2303	255	767	2057	527	770
2559	255	767	2286	578	786
2815	255	767	2515	632	803
3071	255	767	2744	687	823
3327	255	767	2974	743	844
3583	255	767	3203	800	867
3839	255	767	3433	859	891
4095	255	767	3662	918	916
0	511	767	238	498	715
255	511	767	372	502	716
511	511	767	542	509	718
767	511	767	739	521	722
1023	511	767	951	537	727
1279	511	767	1169	558	734
1535	511	767	1391	583	743
1791	511	767	1615	612	753
2047	511	767	1841	646	765
2303	511	767	2067	683	779
2559	511	767	2295	723	795
2815	511	767	2523	766	812
3071	511	767	2751	811	831
3327	511	767	2980	859	852
3583	511	767	3209	908	875
3839	511	767	3438	959	899
4095	511	767	3667	1012	924
0	767	767	367	745	731
255	767	767	470	748	732
511	767	767	614	753	735
767	767	767	793	760	738
1023	767	767	992	771	743
1279	767	767	1201	786	750
1535	767	767	1417	804	758
1791	767	767	1637	825	768
2047	767	767	1860	850	780
2303	767	767	2084	877	794
2559	767	767	2309	908	809
2815	767	767	2536	942	826
3071	767	767	2763	979	845
3327	767	767	2990	1018	866
3583	767	767	3218	1059	888
3839	767	767	3446	1102	911
4095	767	767	3675	1147	936
0	1023	767	503	993	754
255	1023	767	583	995	755
511	1023	767	704	999	757
767	1023	767	864	1005	760
1023	1023	767	1048	1013	765
1279	1023	767	1247	1023	772
1535	1023	767	1455	1037	780
1791	1023	767	1669	1053	790
2047	1023	767	1887	1071	801
2303	1023	767	2107	1093	814
2559	1023	767	2330	1117	829
2815	1023	767	2554	1144	846
3071	1023	767	2779	1174	865
3327	1023	767	3005	1205	885
3583	1023	767	3232	1239	906
3839	1023	767	3459	1276	929
4095	1023	767	3686	1314	954
0	1279	767	642	1242	783
255	1279	767	706	1244	784
511	1279	767	808	1246	786
767	1279	767	949	1251	789
1023	1279	767	1117	1257	794
1279	1279	767	1304	1265	800
1535	1279	767	1503	1276	808
1791	1279	767	1710	1288	817
2047	1279	767	1922	1303	828
2303	1279	767	2138	1320	841
2559	1279	767	2357	1340	856
2815	1279	767	2578	1362	872
3071	1279	767	2801	1386	890
3327	1279	767	3025	1412	909
3583	1279	767	3249	1440	930
3839	1279	767	3475	1470	952
4095	1279	767	3701	1503	976
0	1535	767	783	1491	818
255	1535	767	836	1492	819
511	1535	767	922	1494	821
767	1535	767	1046	1498	824
1023	1535	767	1199	1503	829
1279	1535	767	1373	1509	834
1535	1535	767	1561	1518	842
1791	1535	767	1760	1528	851
2047	1535	767	1965	1540	862
2303	1535	767	2176	1554	874
2559	1535	767	2391	1570	888
2815	1535	767	2608	1588	903
3071	1535	767	2828	1608	920
3327	1535	767	3049	1630	939
3583	1535	767	3272	1654	959
3839	1535	767	3496	1680	981
4095	1535	767	3720	1707	1004
0	1791	767	925	1740	859
255	1791	767	969	1741	860
511	1791	767	1043	1743	862
767	1791	767	1153	1745	865
1023	1791	767	1291	1750	869
1279	1791	767	1452	1755	875
1535	1791	767	1630	1762	882
1791	1791	767	1819	1771	890
2047	1791	767	2017	1781	900
2303	1791	767	2222	1793	912
2559	1791	767	2431	1806	925
2815	1791	767	2645	1821	940
3071	1791	767	2861	1838	957
3327	1791	767	3079	1857	974
3583	1791	767	3299	1877	994
3839	1791	767	3520	1899	1015
4095	1791	767	3743	1923	1037
0	2047	767	1067	1989	905
255	2047	767	1105	1990	906
511	2047	767	1170	1991	908
767	2047	767	1266	1994	911
1023	2047	767	1392	1997	915
1279	2047	767	1540	2002	920
1535	2047	767	1707	2008	927
1791	2047	767	1887	2015	935
2047	2047	767	2077	2024	944
2303	2047	767	2275	2034	956
2559	2047	767	2479	2045	968
2815	2047	767	2687	2058	982
3071	2047	767	2899	2073	998
3327	2047	767	3114	2089	1015
3583	2047	767	3331	2106	1033
3839	2047	767	3550	2126	1053
4095	2047	767	3770	2146	1075
0	2303	767	1210	2238	956
255	2303	767	1243	2239	957
511	2303	767	1300	2240	959
767	2303	767	1386	2242	962
1023	2303	767	1499	2245	965
1279	2303	767	1636	2249	970
1535	2303	767	1792	2254	977
1791	2303	767	1962	2261	984
2047	2303	767	2144	2268	993
2303	2303	767	2335	2277	1004
2559	2303	767	2533	2287	1016
2815	2303	767	2736	2298	1029
3071	2303	767	2944	2311	1044
3327	2303	767	3155	2325	1060
3583	2303	767	3368	2340	1078
3839	2303	767	3584	2357	1097
4095	2303	767	3802	2375	1117
0	2559	767	1354	2487	1012
255	2559	767	1382	2488	1013
511	2559	767	1432	2489	1014
767	2559	767	1510	2491	1017
1023	2559	767	1613	2493	1020
1279	2559	767	1739	2497	1025
1535	2559	767	1884	2501	1031
1791	2559	767	2045	2507	1038
2047	2559	767	2219	2514	1046
2303	2559	767	2402	2521	1056
2559	2559	767	2594	2530	1068
2815	2559	767	2791	2540	1080
3071	2559	767	2994	2551	1094
3327	2559	767	3200	2563	1110
3583	2559	767	3410	2577	1126
3839	2559	767	3623	2592	1144
4095	2559	767	3838	2608	1164
0	2815	767	1497	2736	1071
255	2815	767	1523	2737	1071
511	2815	767	1567	2738	1073
767	2815	767	1637	2739	1075
1023	2815	767	1731	2742	1079
1279	2815	767	1847	2745	1083
1535	2815	767	1983	2749	1088
1791	2815	767	2135	2754	1095
2047	2815	767	2300	2760	1103
2303	2815	767	2476	2766	1113
2559	2815	767	2660	2774	1123
2815	2815	767	2852	2783	1135
3071	2815	767	3049	2793	1148
3327	2815	767	3252	2804	1163
3583	2815	767	3457	2816	1179
3839	2815	767	3667	2829	1196
4095	2815	767	3878	2843	1214
0	3071	767	1641	2985	1133
255	3071	767	1664	2986	1134
511	3071	767	1704	2987	1135
767	3071	767	1767	2988	1137
1023	3071	767	1853	2990	1140
1279	3071	767	1960	2993	1144
1535	3071	767	2087	2997	1149
1791	3071	767	2230	3001	1156
2047	3071	767	2387	3006	1163
2303	3071	767	2555	3012	1172
2559	3071	767	2733	3019	1182
2815	3071	767	2919	3027	1193
3071	3071	767	3111	3036	1206
3327	3071	767	3308	3046	1220
3583	3071	767	3509	3057	1235
3839	3071	767	3715	3069	1251
4095	3071	767	3923	3082	1268
0	3327	767	1785	3235	1198
255	3327	767	1805	3235	1198
511	3327	767	1842	3236	1200
767	3327	767	1899	3237	1202
1023	3327	767	1978	3239	1205
1279	3327	767	2077	3242	1208
1535	3327	767	2196	3245	1213
1791	3327	767	2330	3249	1219
2047	3327	767	2479	3254	1226
2303	3327	767	2640	3259	1235
2559	3327	767	2811	3265	1244
2815	3327	767	2990	3272	1255
3071	3327	767	3177	3280	1266
3327	3327	767	3369	3289	1279
3583	3327	767	3566	3299	1293
3839	3327	767	3767	3310	1309
4095	3327	767	3972	3322	1325
0	3583	767	1928	3484	1265
255	3583	767	1947	3484	1266
511	3583	767	1980	3485	1267
767	3583	767	2033	3486	1269
1023	3583	767	2106	3488	1271
1279	3583	767	2198	3490	1275
1535	3583	767	2308	3493	1280
1791	3583	767	2435	3497	1285
2047	3583	767	2576	3501	1292
2303	3583	767	2730	3506	1300
2559	3583	767	2894	3512	1308
2815	3583	767	3067	3518	1318
3071	3583	767	3248	3526	1329
3327	3583	767	3435	3534	1342
3583	3583	767	3628	3543	1355
3839	3583	767	3825	3552	1370
4095	3583	767	4026	3563	1385
0	3839	767	2072	3733	1334
255	3839	767	2090	3734	1335
511	3839	767	2120	3734	1336
767	3839	767	2168	3735	1338
1023	3839	767	2235	3737	1340
1279	3839	767	2321	3739	1344
1535	3839	767	2425	3742	1348
1791	3839	767	2544	3745	1353
2047	3839	767	2678	3749	1360
2303	3839	767	2825	3753	1367
2559	3839	767	2982	3759	1375
2815	3839	767	3149	3764	1385
3071	3839	767	3324	3771	1395
3327	3839	767	3506	3779	1407
3583	3839	767	3694	3787	1419
3839	3839	767	3886	3796	1433
4095	3839	767	4083	3805	1448
0	4095	767	2216	3982	1405
255	4095	767	2232	3983	1406
511	4095	767	2260	3983	1407
767	4095	767	2305	3984	1409
1023	4095	767	2367	3986	1411
1279	4095	767	2447	3988	1414
1535	4095	767	2544	3990	1418
1791	4095	767	2657	3993	1423
2047	4095	767	2784	3997	1429
2303	4095	767	2924	4001	1436
2559	4095	767	3075	4006	1444
2815	4095	767	3235	4011	1453
3071	4095	767	3405	4017	1463
3327	4095	767	3581	4024	1473
3583	4095	767	3764	4032	1485
3839	4095	767	3952	4040	1498
4095	4095	767	4095	4000	1494
0	0	1023	99	27	938
255	0	1023	282	37	939
511	0	1023	481	54	940
767	0	1023	697	83	943
1023	0	1023	919	124	947
1279	0	1023	1144	178	952
1535	0	1023	1370	237	958
1791	0	1023	1598	298	966
2047	0	1023	1826	359	975
2303	0	1023	2055	421	986
2559	0	1023	2284	483	998
2815	0	1023	2513	546	1012
3071	0	1023	2743	609	1027
3327	0	1023	2972	672	1043
3583	0	1023	3202	736	1061
3839	0	1023	3431	799	1081
4095	0	1023	3661	863	1101
0	255	1023	168	262	942
255	255	1023	326	269	943
511	255	1023	510	282	944
767	255	1023	717	301	947
1023	255	1023	933	326	951
1279	255	1023	1155	358	956
1535	255	1023	1380	395	962
1791	255	1023	1606	437	970
2047	255	1023	1833	483	979
2303	255	1023	2061	531	990
2559	255	1023	2289	582	1002
2815	255	1023	2518	635	1016
3071	255	1023	2747	690	1031
3327	255	1023	2976	746	1047
3583	255	1023	3205	803	1065
3839	255	1023	3434	861	1084
4095	255	1023	3664	920	1105
0	511	1023	269	503	949
255	511	1023	395	507	950
511	511	1023	557	514	952
767	511	1023	751	525	954
1023	511	1023	959	541	958
1279	511	1023	1176	562	963
1535	511	1023	1396	587	970
1791	511	1023	1620	616	977
2047	511	1023	1845	649	986
2303	511	1023	2071	686	997
2559	511	1023	2298	726	1009
2815	511	1023	2526	769	1022
3071	511	1023	2754	814	1037
3327	511	1023	2982	862	1054
3583	511	1023	3211	911	1071
3839	511	1023	3440	962	1091
4095	511	1023	3669	1014	1111
0	767	1023	390	748	961
255	767	1023	488	751	962
511	767	1023	628	756	964
767	767	1023	804	764	966
1023	767	1023	1000	774	970
1279	767	1023	1208	789	975
1535	767	1023	1423	807	981
1791	767	1023	1642	828	989
2047	767	1023	1864	852	998
2303	767	1023	2087	880	1008
2559	767	1023	2312	911	1020
2815	767	1023	2538	945	1033
3071	767	1023	2765	981	1048
3327	767	1023	2992	1020	1064
3583	767	1023	3220	1061	1082
3839	767	1023	3448	1104	1101
4095	767	1023	3677	1149	1121
0	1023	1023	520	996	978
255	1023	1023	598	998	979
511	1023	1023	716	1001	980
767	1023	1023	873	1007	983
1023	1023	1023	1056	1015	987
1279	1023	1023	1253	1025	991
1535	1023	1023	1460	1039	998
1791	1023	1023	1673	1055	1005
2047	1023	1023	1891	1074	1014
2303	1023	1023	2111	1095	1024
2559	1023	1023	2333	1119	1036
2815	1023	1023	2557	1146	1049
3071	1023	1023	2781	1175	1063
3327	1023	1023	3007	1207	1079
3583	1023	1023	3234	1241	1096
3839	1023	1023	3460	1277	1115
4095	1023	1023	3688	1315	1135
0	1279	1023	656	1244	1000
255	1279	1023	719	1245	1001
511	1279	1023	819	1248	1002
767	1279	1023	958	1252	1005
1023	1279	1023	1125	1259	1008
1279	1279	1023	1310	1267	1013
1535	1279	1023	1508	1277	1019
1791	1279	1023	1714	1290	1026
2047	1279	1023	1926	1305	1035
2303	1279	1023	2141	1322	1045
2559	1279	1023	2360	1341	1056
2815	1279	1023	2581	1363	1069
3071	1279	1023	2803	1387	1083
3327	1279	1023	3027	1413	1099
3583	1279	1023	3251	1442	1116
3839	1279	1023	3477	1472	1134
4095	1279	1023	3703	1504	1154
0	1535	1023	794	1492	1027
255	1535	1023	846	1493	1028
511	1535	1023	931	1496	1029
767	1535	1023	1054	1499	1032
1023	1535	1023	1206	1504	1035
1279	1535	1023	1379	1511	1040
1535	1535	1023	1566	1519	1045
1791	1535	1023	1764	1530	1053
2047	1535	1023	1969	1542	1061
2303	1535	1023	2180	1556	1071
2559	1535	1023	2394	1572	1082
2815	1535	1023	2611	1590	1094
3071	1535	1023	2830	1610	1108
3327	1535	1023	3051	1632	1123
3583	1535	1023	3274	1655	1140
3839	1535	1023	3497	1681	1157
4095	1535	1023	3722	1709	1177
0	1791	1023	934	1741	1059
255	1791	1023	978	1742	1060
511	1791	1023	1051	1744	1061
767	1791	1023	1160	1747	1064
1023	1791	1023	1297	1751	1067
1279	1791	1023	1457	1756	1071
1535	1791	1023	1634	1763	1077
1791	1791	1023	1823	1772	1084
2047	1791	1023	2021	1782	1092
2303	1791	1023	2225	1794	1101
2559	1791	1023	2434	1807	1112
2815	1791	1023	2647	1823	1124
3071	1791	1023	2863	1839	1137
3327	1791	1023	3081	1858	1152
3583	1791	1023	3301	1878	1168
3839	1791	1023	3522	1900	1185
4095	1791	1023	3745	1924	1204
0	2047	1023	1075	1990	1096
255	2047	1023	1113	1991	1097
511	2047	1023	1176	1992	1098
767	2047	1023	1273	1995	1100
1023	2047	1023	1397	1998	1104
1279	2047	1023	1545	2003	1108
1535	2047	1023	1711	2009	1113
1791	2047	1023	1891	2016	1120
2047	2047	1023	2080	2025	1128
2303	2047	1023	2278	2035	1137
2559	2047	1023	2482	2046	1147
2815	2047	1023	2690	2059	1159
3071	2047	1023	2902	2074	1172
3327	2047	1023	3116	2090	1186
3583	2047	1023	3333	2107	1201
3839	2047	1023	3552	2126	1218
4095	2047	1023	3772	2147	1236
0	2303	1023	1217	2239	1137
255	2303	1023	1250	2240	1138
511	2303	1023	1306	2241	1139
767	2303	1023	1391	2243	1142
1023	2303	1023	1505	2246	1145
1279	2303	1023	1641	2250	1149
1535	2303	1023	1796	2255	1154
1791	2303	1023	1966	2261	1160
2047	2303	1023	2148	2269	1168
2303	2303	1023	2338	2278	1176
2559	2303	1023	2536	2288	1186
2815	2303	1023	2739	2299	1198
3071	2303	1023	2946	2312	1210
3327	2303	1023	3157	2326	1224
3583	2303	1023	3370	2341	1239
3839	2303	1023	3586	2358	1255
4095	2303	1023	3804	2376	1272
0	2559	1023	1359	2488	1183
255	2559	1023	1388	2488	1184
511	2559	1023	1438	2490	1185
767	2559	1023	1515	2491	1187
1023	2559	1023	1617	2494	1190
1279	2559	1023	1743	2498	1194
1535	2559	1023	1888	2502	1199
1791	2559	1023	2049	2508	1205
2047	2559	1023	2222	2514	1212
2303	2559	1023	2405	2522	1220
2559	2559	1023	2596	2531	1230
2815	2559	1023	2794	2541	1241
3071	2559	1023	2996	2552	1253
3327	2559	1023	3202	2564	1266
3583	2559	1023	3412	2578	1280
3839	2559	1023	3625	2592	1296
4095	2559	1023	3839	2608	1312
0	2815	1023	1502	2737	1233
255	2815	1023	1528	2737	1233
511	2815	1023	1572	2739	1235
767	2815	1023	1641	2740	1236
1023	2815	1023	1735	2743	1239
1279	2815	1023	1851	2746	1243
1535	2815	1023	1986	2750	1248
1791	2815	1023	2138	2755	1254
2047	2815	1023	2303	2760	1260
2303	2815	1023	2478	2767	1268
2559	2815	1023	2663	2775	1277
2815	2815	1023	2854	2784	1288
3071	2815	1023	3052	2794	1299
3327	2815	1023	3253	2805	1312
3583	2815	1023	3459	2817	1325
3839	2815	1023	3668	2830	1340
4095	2815	1023	3880	2844	1356
0	3071	1023	1645	2986	1286
255	3071	1023	1668	2987	1286
511	3071	1023	1708	2987	1288
767	3071	1023	1771	2989	1289
1023	3071	1023	1857	2991	1292
1279	3071	1023	1964	2994	1296
1535	3071	1023	2090	2997	1300
1791	3071	1023	2233	3002	1306
2047	3071	1023	2390	3007	1312
2303	3071	1023	2558	3013	1320
2559	3071	1023	2735	3020	1328
2815	3071	1023	2921	3028	1338
3071	3071	1023	3113	3037	1349
3327	3071	1023	3310	3047	1361
3583	3071	1023	3511	3057	1374
3839	3071	1023	3716	3069	1389
4095	3071	1023	3925	3082	1404
0	3327	1023	1789	3235	1342
255	3327	1023	1809	3236	1343
511	3327	1023	1846	3236	1344
767	3327	1023	1903	3238	1346
1023	3327	1023	1982	3240	1348
1279	3327	1023	2081	3242	1351
1535	3327	1023	2199	3245	1356
1791	3327	1023	2333	3249	1361
2047	3327	1023	2482	3254	1367
2303	3327	1023	2643	3260	1374
2559	3327	1023	2813	3266	1383
2815	3327	1023	2993	3273	1392
3071	3327	1023	3179	3281	1402
3327	3327	1023	3371	3290	1414
3583	3327	1023	3568	3300	1426
3839	3327	1023	3769	3310	1440
4095	3327	1023	3974	3322	1455
0	3583	1023	1932	3484	1401
255	3583	1023	1951	3485	1402
511	3583	1023	1984	3486	1403
767	3583	1023	2036	3487	1404
1023	3583	1023	2109	3488	1407
1279	3583	1023	2201	3491	1410
1535	3583	1023	2311	3494	1414
1791	3583	1023	2438	3497	1419
2047	3583	1023	2579	3502	1425
2303	3583	1023	2732	3506	1432
2559	3583	1023	2896	3512	1440
2815	3583	1023	3069	3519	1449
3071	3583	1023	3250	3526	1459
3327	3583	1023	3437	3534	1470
3583	3583	1023	3629	3543	1482
3839	3583	1023	3826	3553	1495
4095	3583	1023	4027	3563	1509
0	3839	1023	2076	3734	1463
255	3839	1023	2093	3734	1463
511	3839	1023	2123	3735	1464
767	3839	1023	2172	3736	1466
1023	3839	1023	2239	3737	1468
1279	3839	1023	2324	3739	1471
1535	3839	1023	2427	3742	1475
1791	3839	1023	2547	3745	1480
2047	3839	1023	2681	3749	1486
2303	3839	1023	2827	3754	1492
2559	3839	1023	2984	3759	1500
2815	3839	1023	3151	3765	1508
3071	3839	1023	3326	3772	1517
3327	3839	1023	3508	3779	1528
3583	3839	1023	3695	3787	1539
3839	3839	1023	3888	3796	1552
4095	3839	1023	4085	3806	1565
0	4095	1023	2220	3983	1527
255	4095	1023	2235	3983	1527
511	4095	1023	2263	3984	1528
767	4095	1023	2308	3985	1530
1023	4095	1023	2370	3986	1532
1279	4095	1023	2450	3988	1535
1535	4095	1023	2547	3991	1539
1791	4095	1023	2659	3994	1543
2047	4095	1023	2786	3997	1548
2303	4095	1023	2926	4001	1555
2559	4095	1023	3077	4006	1562
2815	4095	1023	3237	4012	1570
3071	4095	1023	3407	4018	1579
3327	4095	1023	3583	4025	1589
3583	4095	1023	3766	4032	1600
3839	4095	1023	3954	4040	1612
4095	4095	1023	4095	3999	1604
0	0	1279	155	42	1176
255	0	1279	318	52	1177
511	0	1279	505	70	1178
767	0	1279	713	98	1180
1023	0	1279	931	139	1183
1279	0	1279	1153	192	1187
1535	0	1279	1378	249	1192
1791	0	1279	1604	307	1198
2047	0	1279	1832	367	1205
2303	0	1279	2060	428	1214
2559	0	1279	2288	490	1223
2815	0	1279	2517	552	1234
3071	0	1279	2746	614	1246
3327	0	1279	2975	677	1259
3583	0	1279	3204	740	1274
3839	0	1279	3434	803	1289
4095	0	1279	3663	866	1306
0	255	1279	218	273	1179
255	255	1279	359	280	1180
511	255	1279	532	292	1181
767	255	1279	732	310	1183
1023	255	1279	945	335	1186
1279	255	1279	1165	367	1190
1535	255	1279	1387	403	1195
1791	255	1279	1612	444	1201
2047	255	1279	1838	489	1209
2303	255	1279	2065	537	1217
2559	255	1279	2293	588	1226
2815	255	1279	2521	640	1237
3071	255	1279	2750	695	1249
3327	255	1279	2979	750	1262
3583	255	1279	3208	807	1277
3839	255	1279	3437	865	1292
4095	255	1279	3666	923	1309
0	511	1279	307	509	1185
255	511	1279	423	513	1186
511	511	1279	578	520	1187
767	511	1279	766	531	1189
1023	511	1279	971	547	1192
1279	511	1279	1185	567	1196
1535	511	1279	1404	592	1201
1791	511	1279	1626	621	1207
2047	511	1279	1850	654	1214
2303	511	1279	2076	691	1222
2559	511	1279	2302	731	1232
2815	511	1279	2529	773	1243
3071	511	1279	2757	818	1254
3327	511	1279	2985	865	1268
3583	511	1279	3213	914	1282
3839	511	1279	3442	965	1297
4095	511	1279	3671	1017	1314
0	767	1279	418	753	1194
255	767	1279	511	755	1195
511	767	1279	646	760	1196
767	767	1279	818	768	1198
1023	767	1279	1011	778	1201
1279	767	1279	1217	793	1205
1535	767	1279	1430	810	1210
1791	767	1279	1648	831	1216
2047	767	1279	1869	856	1223
2303	767	1279	2092	884	1231
2559	767	1279	2316	914	1241
2815	767	1279	2542	948	1251
3071	767	1279	2768	984	1263
3327	767	1279	2995	1023	1276
3583	767	1279	3223	1064	1290
3839	767	1279	3451	1107	1306
4095	767	1279	3679	1152	1322
0	1023	1279	542	999	1207
255	1023	1279	617	1001	1208
511	1023	1279	732	1004	1209
767	1023	1279	886	1010	1211
1023	1023	1279	1066	1018	1214
1279	1023	1279	1262	1028	1218
1535	1023	1279	1467	1042	1223
1791	1023	1279	1679	1058	1229
2047	1023	1279	1896	1076	1236
2303	1023	1279	2115	1098	1244
2559	1023	1279	2337	1122	1253
2815	1023	1279	2560	1149	1264
3071	1023	1279	2785	1178	1275
3327	1023	1279	3010	1210	1288
3583	1023	1279	3236	1243	1302
3839	1023	1279	3463	1280	1318
4095	1023	1279	3690	1318	1334
0	1279	1279	673	1246	1225
255	1279	1279	734	1248	1225
511	1279	1279	832	1250	1227
767	1279	1279	969	1255	1229
1023	1279	1279	1134	1261	1231
1279	1279	1279	1318	1269	1235
1535	1279	1279	1515	1280	1240
1791	1279	1279	1720	1292	1246
2047	1279	1279	1931	1307	1253
2303	1279	1279	2146	1324	1261
2559	1279	1279	2364	1344	1270
2815	1279	1279	2584	1365	1280
3071	1279	1279	2806	1389	1292
3327	1279	1279	3030	1415	1304
3583	1279	1279	3254	1444	1318
3839	1279	1279	3479	1474	1333
4095	1279	1279	3705	1506	1349
0	1535	1279	808	1494	1246
255	1535	1279	859	1495	1247
511	1535	1279	943	1497	1248
767	1535	1279	1064	1501	1250
1023	1535	1279	1215	1506	1253
1279	1535	1279	1386	1513	1256
1535	1535	1279	1573	1521	1261
1791	1535	1279	1770	1531	1267
2047	1535	1279	1974	1543	1273
2303	1535	1279	2184	1558	1281
2559	1535	1279	2398	1574	1290
2815	1535	1279	2614	1592	1300
3071	1535	1279	2833	1611	1312
3327	1535	1279	3054	1633	1324
3583	1535	1279	3276	1657	1338
3839	1535	1279	3500	1683	1353
4095	1535	1279	3724	1710	1368
0	1791	1279	946	1743	1272
255	1791	1279	989	1744	1273
511	1791	1279	1062	1745	1274
767	1791	1279	1169	1748	1276
1023	1791	1279	1306	1752	1278
1279	1791	1279	1465	1758	1282
1535	1791	1279	1640	1765	1286
1791	1791	1279	1829	1773	1292
2047	1791	1279	2026	1784	1299
2303	1791	1279	2229	1795	1306
2559	1791	1279	2438	1809	1315
2815	1791	1279	2651	1824	1325
3071	1791	1279	2866	1841	1336
3327	1791	1279	3084	1859	1348
3583	1791	1279	3303	1880	1362
3839	1791	1279	3525	1902	1376
4095	1791	1279	3747	1925	1392
0	2047	1279	1085	1991	1302
255	2047	1279	1122	1992	1302
511	2047	1279	1186	1994	1304
767	2047	1279	1281	1996	1305
1023	2047	1279	1405	2000	1308
1279	2047	1279	1552	2004	1312
1535	2047	1279	1717	2010	1316
1791	2047	1279	1896	2017	1321
2047	2047	1279	2085	2026	1328
2303	2047	1279	2282	2036	1335
2559	2047	1279	2485	2048	1344
2815	2047	1279	2693	2061	1354
3071	2047	1279	2905	2075	1364
3327	2047	1279	3119	2091	1376
3583	2047	1279	3336	2109	1389
3839	2047	1279	3554	2128	1403
4095	2047	1279	3774	2148	1419
0	2303	1279	1226	2240	1336
255	2303	1279	1258	2241	1337
511	2303	1279	1314	2242	1338
767	2303	1279	1399	2244	1339
1023	2303	1279	1511	2247	1342
1279	2303	1279	1647	2251	1345
1535	2303	1279	1802	2256	1350
1791	2303	1279	1971	2263	1355
2047	2303	1279	2152	2270	1361
2303	2303	1279	2342	2279	1368
2559	2303	1279	2539	2289	1377
2815	2303	1279	2742	2300	1386
3071	2303	1279	2949	2313	1397
3327	2303	1279	3159	2327	1408
3583	2303	1279	3373	2342	1421
3839	2303	1279	3588	2359	1435
4095	2303	1279	3806	2377	1449
0	2559	1279	1367	2489	1374
255	2559	1279	1396	2489	1375
511	2559	1279	1445	2491	1376
767	2559	1279	1521	2492	1377
1023	2559	1279	1624	2495	1380
1279	2559	1279	1749	2499	1383
1535	2559	1279	1893	2503	1387
1791	2559	1279	2053	2509	1392
2047	2559	1279	2226	2515	1398
2303	2559	1279	2409	2523	1405
2559	2559	1279	2600	2532	1413
2815	2559	1279	2797	2542	1423
3071	2559	1279	2999	2553	1433
3327	2559	1279	3205	2565	1444
3583	2559	1279	3415	2579	1456
3839	2559	1279	3627	2593	1469
4095	2559	1279	3842	2609	1484
0	2815	1279	1509	2738	1416
255	2815	1279	1534	2738	1416
511	2815	1279	1579	2739	1417
767	2815	1279	1648	2741	1419
1023	2815	1279	1741	2743	1421
1279	2815	1279	1856	2747	1425
1535	2815	1279	1991	2751	1429
1791	2815	1279	2142	2755	1433
2047	2815	1279	2307	2761	1439
2303	2815	1279	2482	2768	1446
2559	2815	1279	2666	2776	1454
2815	2815	1279	2857	2785	1463
3071	2815	1279	3054	2794	1472
3327	2815	1279	3256	2805	1483
3583	2815	1279	3462	2817	1495
3839	2815	1279	3670	2831	1508
4095	2815	1279	3882	2845	1522
0	3071	1279	1651	2987	1461
255	3071	1279	1674	2987	1462
511	3071	1279	1714	2988	1463
767	3071	1279	1777	2990	1464
1023	3071	1279	1862	2992	1466
1279	3071	1279	1969	2995	1469
1535	3071	1279	2095	2998	1473
1791	3071	1279	2237	3003	1478
2047	3071	1279	2393	3008	1484
2303	3071	1279	2561	3014	1490
2559	3071	1279	2739	3021	1498
2815	3071	1279	2924	3029	1506
3071	3071	1279	3115	3038	1516
3327	3071	1279	3312	3047	1526
3583	3071	1279	3514	3058	1538
3839	3071	1279	3719	3070	1550
4095	3071	1279	3927	3083	1564
0	3327	1279	1794	3236	1510
255	3327	1279	1815	3236	1510
511	3327	1279	1851	3237	1511
767	3327	1279	1908	3239	1513
1023	3327	1279	1986	3240	1515
1279	3327	1279	2085	3243	1518
1535	3327	1279	2203	3246	1521
1791	3327	1279	2337	3250	1526
2047	3327	1279	2485	3255	1531
2303	3327	1279	2646	3260	1538
2559	3327	1279	2816	3267	1545
2815	3327	1279	2995	3274	1553
3071	3327	1279	3181	3282	1562
3327	3327	1279	3373	3291	1572
3583	3327	1279	3570	3300	1583
3839	3327	1279	3771	3311	1595
4095	3327	1279	3976	3323	1608
0	3583	1279	1937	3485	1561
255	3583	1279	1956	3485	1562
511	3583	1279	1989	3486	1563
767	3583	1279	2041	3487	1564
1023	3583	1279	2114	3489	1566
1279	3583	1279	2205	3491	1569
1535	3583	1279	2315	3494	1573
1791	3583	1279	2442	3498	1577
2047	3583	1279	2582	3502	1582
2303	3583	1279	2736	3507	1588
2559	3583	1279	2899	3513	1595
2815	3583	1279	3072	3519	1603
3071	3583	1279	3253	3527	1612
3327	3583	1279	3439	3535	1621
3583	3583	1279	3632	3544	1632
3839	3583	1279	3828	3553	1644
4095	3583	1279	4029	3564	1656
0	3839	1279	2080	3734	1615
255	3839	1279	2098	3735	1616
511	3839	1279	2128	3735	1617
767	3839	1279	2176	3736	1618
1023	3839	1279	2243	3738	1620
1279	3839	1279	2328	3740	1623
1535	3839	1279	2431	3743	1626
1791	3839	1279	2550	3746	1631
2047	3839	1279	2684	3750	1636
2303	3839	1279	2830	3754	1641
2559	3839	1279	2987	3760	1648
2815	3839	1279	3154	3766	1656
3071	3839	1279	3329	3772	1664
3327	3839	1279	3510	3780	1673
3583	3839	1279	3698	3788	1684
3839	3839	1279	3890	3797	1695
4095	3839	1279	4087	3806	1707
0	4095	1279	2224	3983	1672
255	4095	1279	2240	3984	1673
511	4095	1279	2267	3984	1674
767	4095	1279	2312	3985	1675
1023	4095	1279	2374	3987	1677
1279	4095	1279	2454	3989	1680
1535	4095	1279	2550	3991	1683
1791	4095	1279	2663	3994	1687
2047	4095	1279	2789	3998	1692
2303	4095	1279	2929	4002	1697
2559	4095	1279	3080	4007	1704
2815	4095	1279	3240	4012	1711
3071	4095	1279	3409	4018	1719
3327	4095	1279	3585	4025	1728
3583	4095	1279	3768	4033	1738
3839	4095	1279	3956	4041	1749
4095	4095	1279	4095	3998	1738
0	0	1535	220	62	1415
255	0	1535	360	71	1415
511	0	1535	533	89	1416
767	0	1535	733	117	1418
1023	0	1535	946	158	1420
1279	0	1535	1165	209	1423
1535	0	1535	1388	263	1427
1791	0	1535	1612	320	1432
2047	0	1535	1839	378	1438
2303	0	1535	2066	437	1445
2559	0	1535	2293	498	1453
2815	0	1535	2521	559	1462
3071	0	1535	2750	621	1471
3327	0	1535	2979	683	1482
3583	0	1535	3208	745	1494
3839	0	1535	3437	808	1507
4095	0	1535	3666	871	1521
0	255	1535	272	287	1417
255	255	1535	397	293	1418
511	255	1535	559	305	1419
767	255	1535	752	322	1420
1023	255	1535	960	347	1423
1279	255	1535	1176	377	1426
1535	255	1535	1397	413	1430
1791	255	1535	1620	453	1435
2047	255	1535	1845	497	1441
2303	255	1535	2071	545	1448
2559	255	1535	2298	595	1455
2815	255	1535	2526	647	1464
3071	255	1535	2754	700	1474
3327	255	1535	2982	756	1485
3583	255	1535	3211	812	1497
3839	255	1535	3440	869	1509
4095	255	1535	3669	928	1523
0	511	1535	350	517	1422
255	511	1535	456	521	1422
511	511	1535	603	528	1423
767	511	1535	785	539	1425
1023	511	1535	985	554	1427
1279	511	1535	1196	575	1431
1535	511	1535	1413	599	1435
1791	511	1535	1634	628	1439
2047	511	1535	1857	660	1445
2303	511	1535	2081	697	1452
2559	511	1535	2307	736	1460
2815	511	1535	2534	778	1468
3071	511	1535	2761	823	1478
3327	511	1535	2989	870	1489
3583	511	1535	3217	919	1501
3839	511	1535	3445	969	1514
4095	511	1535	3674	1021	1528
0	767	1535	452	758	1429
255	767	1535	539	761	1430
511	767	1535	668	765	1431
767	767	1535	835	773	1432
1023	767	1535	1025	784	1435
1279	767	1535	1228	798	1438
1535	767	1535	1440	815	1442
1791	767	1535	1656	836	1447
2047	767	1535	1876	860	1453
2303	767	1535	2098	888	1459
2559	767	1535	2322	918	1467
2815	767	1535	2546	952	1476
3071	767	1535	2772	988	1485
3327	767	1535	2999	1027	1496
3583	767	1535	3226	1067	1508
3839	767	1535	3454	1110	1521
4095	767	1535	3682	1155	1534
0	1023	1535	569	1003	1440
255	1023	1535	641	1005	1440
511	1023	1535	752	1008	1441
767	1023	1535	902	1014	1443
1023	1023	1535	1079	1022	1445
1279	1023	1535	1272	1032	1448
1535	1023	1535	1476	1045	1452
1791	1023	1535	1687	1061	1457
2047	1023	1535	1902	1080	1463
2303	1023	1535	2121	1101	1470
2559	1023	1535	2342	1125	1477
2815	1023	1535	2565	1152	1486
3071	1023	1535	2789	1181	1495
3327	1023	1535	3014	1213	1506
3583	1023	1535	3239	1246	1518
3839	1023	1535	3466	1282	1530
4095	1023	1535	3693	1320	1544
0	1279	1535	694	1249	1454
255	1279	1535	754	1251	1454
511	1279	1535	850	1253	1455
767	1279	1535	984	1258	1457
1023	1279	1535	1147	1264	1459
1279	1279	1535	1329	1272	1462
1535	1279	1535	1523	1282	1466
1791	1279	1535	1727	1295	1471
2047	1279	1535	1937	1310	1477
2303	1279	1535	2151	1327	1483
2559	1279	1535	2369	1346	1491
2815	1279	1535	2589	1368	1499
3071	1279	1535	2810	1392	1509
3327	1279	1535	3033	1418	1519
3583	1279	1535	3257	1446	1531
3839	1279	1535	3482	1476	1543
4095	1279	1535	3708	1508	1557
0	1535	1535	826	1497	1471
255	1535	1535	876	1498	1472
511	1535	1535	958	1500	1473
767	1535	1535	1077	1503	1475
1023	1535	1535	1226	1508	1477
1279	1535	1535	1396	1515	1480
1535	1535	1535	1581	1523	1484
1791	1535	1535	1777	1534	1488
2047	1535	1535	1980	1546	1494
2303	1535	1535	2189	1560	1500
2559	1535	1535	2402	1576	1508
2815	1535	1535	2619	1594	1516
3071	1535	1535	2837	1614	1526
3327	1535	1535	3058	1635	1536
3583	1535	1535	3280	1659	1547
3839	1535	1535	3503	1685	1560
4095	1535	1535	3727	1712	1573
0	1791	1535	961	1745	1493
255	1791	1535	1003	1746	1493
511	1791	1535	1075	1747	1494
767	1791	1535	1181	1750	1496
1023	1791	1535	1316	1754	1498
1279	1791	1535	1474	1760	1501
1535	1791	1535	1648	1767	1505
1791	1791	1535	1835	1775	1509
2047	1791	1535	2032	1786	1515
2303	1791	1535	2235	1797	1521
2559	1791	1535	2443	1811	1528
2815	1791	1535	2655	1826	1537
3071	1791	1535	2870	1843	1546
3327	1791	1535	3087	1861	1556
3583	1791	1535	3307	1882	1567
3839	1791	1535	3528	1903	1580
4095	1791	1535	3750	1927	1593
0	2047	1535	1098	1993	1517
255	2047	1535	1135	1994	1518
511	2047	1535	1197	1995	1519
767	2047	1535	1292	1998	1520
1023	2047	1535	1414	2001	1523
1279	2047	1535	1560	2006	1525
1535	2047	1535	1724	2012	1529
1791	2047	1535	1902	2019	1534
2047	2047	1535	2091	2028	1539
2303	2047	1535	2287	2038	1545
2559	2047	1535	2490	2049	1553
2815	2047	1535	2697	2062	1561
3071	2047	1535	2908	2077	1570
3327	2047	1535	3122	2093	1580
3583	2047	1535	3339	2110	1591
3839	2047	1535	3557	2129	1603
4095	2047	1535	3777	2150	1616
0	2303	1535	1237	2241	1546
255	2303	1535	1269	2242	1546
511	2303	1535	1324	2243	1547
767	2303	1535	1408	2246	1549
1023	2303	1535	1520	2249	1551
1279	2303	1535	1655	2253	1554
1535	2303	1535	1809	2258	1557
1791	2303	1535	1977	2264	1562
2047	2303	1535	2158	2272	1567
2303	2303	1535	2347	2280	1573
2559	2303	1535	2544	2290	1580
2815	2303	1535	2746	2301	1588
3071	2303	1535	2953	2314	1597
3327	2303	1535	3163	2328	1607
3583	2303	1535	3376	2343	1618
3839	2303	1535	3591	2360	1629
4095	2303	1535	3808	2378	1642
0	2559	1535	1377	2490	1578
255	2559	1535	1405	2491	1578
511	2559	1535	1454	2492	1579
767	2559	1535	1530	2494	1581
1023	2559	1535	1632	2496	1583
1279	2559	1535	1756	2500	1586
1535	2559	1535	1900	2504	1589
1791	2559	1535	2059	2510	1593
2047	2559	1535	2232	2516	1599
2303	2559	1535	2414	2524	1604
2559	2559	1535	2604	2533	1611
2815	2559	1535	2801	2543	1619
3071	2559	1535	3002	2554	1628
3327	2559	1535	3208	2566	1637
3583	2559	1535	3418	2580	1648
3839	2559	1535	3630	2595	1659
4095	2559	1535	3844	2611	1672
0	2815	1535	1518	2739	1613
255	2815	1535	1543	2739	1614
511	2815	1535	1587	2741	1615
767	2815	1535	1655	2742	1616
1023	2815	1535	1748	2745	1618
1279	2815	1535	1863	2748	1621
1535	2815	1535	1997	2752	1624
1791	2815	1535	2148	2756	1628
2047	2815	1535	2312	2762	1633
2303	2815	1535	2487	2769	1639
2559	2815	1535	2670	2777	1646
2815	2815	1535	2861	2786	1653
3071	2815	1535	3058	2796	1662
3327	2815	1535	3259	2807	1671
3583	2815	1535	3465	2819	1682
3839	2815	1535	3673	2832	1693
4095	2815	1535	3884	2846	1705
0	3071	1535	1659	2988	1652
255	3071	1535	1682	2988	1653
511	3071	1535	1721	2989	1653
767	3071	1535	1784	2991	1655
1023	3071	1535	1869	2993	1657
1279	3071	1535	1975	2996	1659
1535	3071	1535	2101	2999	1663
1791	3071	1535	2242	3004	1667
2047	3071	1535	2398	3009	1672
2303	3071	1535	2566	3015	1677
2559	3071	1535	2743	3022	1684
2815	3071	1535	2927	3030	1691
3071	3071	1535	3119	3039	1699
3327	3071	1535	3315	3048	1708
3583	3071	1535	3517	3059	1718
3839	3071	1535	3721	3071	1729
4095	3071	1535	3929	3084	1741
0	3327	1535	1801	3237	1694
255	3327	1535	1822	3237	1695
511	3327	1535	1858	3238	1695
767	3327	1535	1914	3239	1697
1023	3327	1535	1993	3241	1699
1279	3327	1535	2091	3244	1701
1535	3327	1535	2208	3247	1704
1791	3327	1535	2342	3251	1708
2047	3327	1535	2490	3256	1713
2303	3327	1535	2650	3261	1719
2559	3327	1535	2820	3267	1725
2815	3327	1535	2999	3275	1732
3071	3327	1535	3185	3283	1740
3327	3327	1535	3377	3291	1749
3583	3327	1535	3573	3301	1759
3839	3327	1535	3774	3312	1769
4095	3327	1535	3978	3324	1781
0	3583	1535	1944	3486	1739
255	3583	1535	1962	3486	1739
511	3583	1535	1995	3487	1740
767	3583	1535	2047	3488	1742
1023	3583	1535	2119	3490	1743
1279	3583	1535	2211	3492	1746
1535	3583	1535	2320	3495	1749
1791	3583	1535	2446	3499	1753
2047	3583	1535	2587	3503	1757
2303	3583	1535	2740	3508	1763
2559	3583	1535	2903	3514	1769
2815	3583	1535	3076	3520	1776
3071	3583	1535	3256	3527	1783
3327	3583	1535	3442	3536	1792
3583	3583	1535	3634	3544	1801
3839	3583	1535	3831	3554	1812
4095	3583	1535	4032	3565	1823
0	3839	1535	2086	3735	1787
255	3839	1535	2103	3735	1787
511	3839	1535	2133	3736	1788
767	3839	1535	2181	3737	1789
1023	3839	1535	2248	3739	1791
1279	3839	1535	2333	3741	1793
1535	3839	1535	2436	3743	1796
1791	3839	1535	2555	3747	1800
2047	3839	1535	2688	3751	1805
2303	3839	1535	2834	3755	1810
2559	3839	1535	2991	3760	1816
2815	3839	1535	3157	3766	1822
3071	3839	1535	3332	3773	1830
3327	3839	1535	3513	3780	1838
3583	3839	1535	3700	3788	1847
3839	3839	1535	3893	3797	1857
4095	3839	1535	4089	3807	1868
0	4095	1535	2229	3984	1837
255	4095	1535	2245	3984	1838
511	4095	1535	2273	3985	1838
767	4095	1535	2317	3986	1840
1023	4095	1535	2379	3987	1841
1279	4095	1535	2458	3989	1844
1535	4095	1535	2555	3992	1847
1791	4095	1535	2667	3995	1850
2047	4095	1535	2793	3998	1854
2303	4095	1535	2933	4003	1859
2559	4095	1535	3083	4007	1865
2815	4095	1535	3243	4013	1872
3071	4095	1535	3412	4019	1879
3327	4095	1535	3588	4026	1887
3583	4095	1535	3770	4033	1896
3839	4095	1535	3958	4042	1905
4095	4095	1535	4095	3996	1890
0	0	1791	285	85	1653
255	0	1791	406	95	1654
511	0	1791	566	113	1654
767	0	1791	757	141	1656
1023	0	1791	964	181	1658
1279	0	1791	1179	228	1660
1535	0	1791	1399	280	1664
1791	0	1791	1622	334	1668
2047	0	1791	1847	390	1673
2303	0	1791	2073	449	1678
2559	0	1791	2300	508	1685
2815	0	1791	2527	568	1692
3071	0	1791	2755	629	1700
3327	0	1791	2983	690	1710
3583	0	1791	3212	752	1720
3839	0	1791	3441	814	1730
4095	0	1791	3670	876	1742
0	255	1791	329	302	1655
255	255	1791	440	309	1656
511	255	1791	591	320	1657
767	255	1791	776	337	1658
1023	255	1791	978	360	1660
1279	255	1791	1191	390	1663
1535	255	1791	1409	425	1666
1791	255	1791	1630	464	1670
2047	255	1791	1853	507	1675
2303	255	1791	2078	554	1680
2559	255	1791	2305	603	1687
2815	255	1791	2531	654	1694
3071	255	1791	2759	707	1702
3327	255	1791	2987	762	1712
3583	255	1791	3215	818	1722
3839	255	1791	3444	875	1732
4095	255	1791	3672	933	1744
0	511	1791	397	526	1659
255	511	1791	494	530	1660
511	511	1791	632	537	1660
767	511	1791	807	548	1662
1023	511	1791	1003	563	1664
1279	511	1791	1210	583	1666
1535	511	1791	1425	607	1670
1791	511	1791	1643	636	1674
2047	511	1791	1865	668	1679
2303	511	1791	2089	704	1684
2559	511	1791	2313	743	1691
2815	511	1791	2539	784	1698
3071	511	1791	2766	829	1706
3327	511	1791	2993	875	1715
3583	511	1791	3221	924	1725
3839	511	1791	3449	974	1736
4095	511	1791	3677	1025	1748
0	767	1791	490	764	1665
255	767	1791	572	767	1666
511	767	1791	695	772	1667
767	767	1791	856	779	1668
1023	767	1791	1042	790	1670
1279	767	1791	1242	804	1672
1535	767	1791	1451	821	1676
1791	767	1791	1665	842	1680
2047	767	1791	1884	866	1685
2303	767	1791	2105	893	1690
2559	767	1791	2328	924	1697
2815	767	1791	2552	957	1704
3071	767	1791	2777	993	1712
3327	767	1791	3003	1031	1721
3583	767	1791	3230	1072	1731
3839	767	1791	3457	1114	1742
4095	767	1791	3685	1159	1754
0	1023	1791	600	1007	1674
255	1023	1791	668	1009	1675
511	1023	1791	775	1013	1675
767	1023	1791	922	1018	1677
1023	1023	1791	1095	1026	1679
1279	1023	1791	1285	1037	1681
1535	1023	1791	1487	1050	1685
1791	1023	1791	1696	1066	1689
2047	1023	1791	1910	1084	1693
2303	1023	1791	2128	1105	1699
2559	1023	1791	2348	1129	1705
2815	1023	1791	2570	1156	1713
3071	1023	1791	2794	1185	1721
3327	1023	1791	3018	1216	1730
3583	1023	1791	3244	1250	1739
3839	1023	1791	3470	1286	1750
4095	1023	1791	3696	1324	1762
0	1279	1791	720	1253	1686
255	1279	1791	777	1254	1686
511	1279	1791	870	1257	1687
767	1279	1791	1001	1261	1688
1023	1279	1791	1161	1267	1690
1279	1279	1791	1341	1276	1693
1535	1279	1791	1534	1286	1696
1791	1279	1791	1736	1298	1700
2047	1279	1791	1945	1313	1705
2303	1279	1791	2158	1330	1710
2559	1279	1791	2375	1350	1717
2815	1279	1791	2594	1371	1724
3071	1279	1791	2815	1395	1732
3327	1279	1791	3038	1421	1741
3583	1279	1791	3261	1449	1751
3839	1279	1791	3486	1479	1761
4095	1279	1791	3711	1511	1773
0	1535	1791	847	1499	1700
255	1535	1791	896	1501	1701
511	1535	1791	976	1503	1702
767	1535	1791	1093	1506	1703
1023	1535	1791	1240	1511	1705
1279	1535	1791	1408	1518	1707
1535	1535	1791	1591	1526	1711
1791	1535	1791	1786	1537	1715
2047	1535	1791	1988	1549	1719
2303	1535	1791	2196	1563	1725
2559	1535	1791	2408	1579	1731
2815	1535	1791	2624	1596	1738
3071	1535	1791	2842	1616	1746
3327	1535	1791	3062	1638	1755
3583	1535	1791	3284	1662	1765
3839	1535	1791	3506	1687	1775
4095	1535	1791	3730	1715	1787
0	1791	1791	979	1747	1718
255	1791	1791	1020	1748	1719
511	1791	1791	1091	1750	1719
767	1791	1791	1195	1753	1721
1023	1791	1791	1328	1757	1723
1279	1791	1791	1484	1762	1725
1535	1791	1791	1658	1769	1728
1791	1791	1791	1844	1778	1732
2047	1791	1791	2039	1788	1737
2303	1791	1791	2241	1800	1742
2559	1791	1791	2449	1813	1748
2815	1791	1791	2660	1828	1755
3071	1791	1791	2875	1845	1763
3327	1791	1791	3092	1864	1772
3583	1791	1791	3311	1884	1782
3839	1791	1791	3531	1906	1792
4095	1791	1791	3753	1929	1803
0	2047	1791	1113	1995	1739
255	2047	1791	1150	1996	1740
511	2047	1791	1211	1997	1740
767	2047	1791	1304	2000	1742
1023	2047	1791	1426	2003	1743
1279	2047	1791	1570	2008	1746
1535	2047	1791	1733	2014	1749
1791	2047	1791	1910	2021	1753
2047	2047	1791	2098	2030	1757
2303	2047	1791	2294	2040	1763
2559	2047	1791	2496	2051	1769
2815	2047	1791	2702	2064	1776
3071	2047	1791	2913	2079	1784
3327	2047	1791	3127	2095	1792
3583	2047	1791	3343	2112	1802
3839	2047	1791	3561	2131	1812
4095	2047	1791	3780	2152	1823
0	2303	1791	1250	2243	1763
255	2303	1791	1282	2244	1764
511	2303	1791	1336	2245	1764
767	2303	1791	1420	2247	1766
1023	2303	1791	1531	2250	1768
1279	2303	1791	1664	2254	1770
1535	2303	1791	1817	2260	1773
1791	2303	1791	1985	2266	1777
2047	2303	1791	2164	2273	1781
2303	2303	1791	2353	2282	1787
2559	2303	1791	2549	2292	1793
2815	2303	1791	2751	2303	1799
3071	2303	1791	2957	2316	1807
3327	2303	1791	3167	2330	1815
3583	2303	1791	3380	2345	1825
3839	2303	1791	3595	2362	1835
4095	2303	1791	3812	2380	1846
0	2559	1791	1389	2492	1791
255	2559	1791	1417	2492	1791
511	2559	1791	1465	2493	1792
767	2559	1791	1541	2495	1793
1023	2559	1791	1641	2498	1795
1279	2559	1791	1765	2501	1797
1535	2559	1791	1908	2506	1800
1791	2559	1791	2067	2511	1804
2047	2559	1791	2238	2518	1808
2303	2559	1791	2420	2526	1813
2559	2559	1791	2609	2534	1819
2815	2559	1791	2806	2544	1826
3071	2559	1791	3007	2555	1833
3327	2559	1791	3212	2568	1842
3583	2559	1791	3421	2581	1851
3839	2559	1791	3633	2596	1861
4095	2559	1791	3847	2612	1872
0	2815	1791	1528	2740	1821
255	2815	1791	1553	2741	1821
511	2815	1791	1597	2742	1822
767	2815	1791	1665	2744	1823
1023	2815	1791	1757	2746	1825
1279	2815	1791	1871	2749	1827
1535	2815	1791	2005	2753	1830
1791	2815	1791	2155	2758	1834
2047	2815	1791	2318	2764	1838
2303	2815	1791	2492	2770	1843
2559	2815	1791	2676	2778	1849
2815	2815	1791	2866	2787	1856
3071	2815	1791	3062	2797	1863
3327	2815	1791	3263	2808	1871
3583	2815	1791	3468	2820	1880
3839	2815	1791	3677	2833	1890
4095	2815	1791	3888	2847	1900
0	3071	1791	1669	2989	1854
255	3071	1791	1691	2990	1855
511	3071	1791	1731	2990	1856
767	3071	1791	1792	2992	1857
1023	3071	1791	1877	2994	1858
1279	3071	1791	1983	2997	1861
1535	3071	1791	2108	3000	1864
1791	3071	1791	2249	3005	1867
2047	3071	1791	2404	3010	1871
2303	3071	1791	2571	3016	1876
2559	3071	1791	2748	3023	1882
2815	3071	1791	2932	3031	1888
3071	3071	1791	3123	3040	1896
3327	3071	1791	3319	3050	1904
3583	3071	1791	3520	3060	1912
3839	3071	1791	3725	3072	1922
4095	3071	1791	3932	3085	1932
0	3327	1791	1810	3238	1891
255	3327	1791	1830	3238	1891
511	3327	1791	1866	3239	1892
767	3327	1791	1922	3241	1893
1023	3327	1791	2000	3242	1895
1279	3327	1791	2098	3245	1897
1535	3327	1791	2215	3248	1900
1791	3327	1791	2348	3252	1903
2047	3327	1791	2496	3257	1907
2303	3327	1791	2655	3262	1912
2559	3327	1791	2825	3269	1918
2815	3327	1791	3004	3276	1924
3071	3327	1791	3189	3284	1931
3327	3327	1791	3380	3293	1939
3583	3327	1791	3577	3302	1947
3839	3327	1791	3777	3313	1957
4095	3327	1791	3981	3325	1967
0	3583	1791	1951	3487	1930
255	3583	1791	1970	3487	1931
511	3583	1791	2003	3488	1931
767	3583	1791	2054	3489	1933
1023	3583	1791	2126	3491	1934
1279	3583	1791	2217	3493	1936
1535	3583	1791	2327	3496	1939
1791	3583	1791	2452	3500	1942
2047	3583	1791	2592	3504	1946
2303	3583	1791	2745	3509	1951
2559	3583	1791	2908	3515	1957
2815	3583	1791	3080	3521	1963
3071	3583	1791	3260	3528	1969
3327	3583	1791	3446	3536	1977
3583	3583	1791	3638	3545	1985
3839	3583	1791	3834	3555	1994
4095	3583	1791	4035	3566	2004
0	3839	1791	2093	3736	1972
255	3839	1791	2110	3736	1973
511	3839	1791	2140	3737	1973
767	3839	1791	2188	3738	1975
1023	3839	1791	2255	3740	1976
1279	3839	1791	2339	3742	1978
1535	3839	1791	2442	3744	1981
1791	3839	1791	2560	3748	1984
2047	3839	1791	2693	3751	1988
2303	3839	1791	2839	3756	1993
2559	3839	1791	2995	3761	1998
2815	3839	1791	3162	3767	2004
3071	3839	1791	3336	3774	2011
3327	3839	1791	3517	3781	2018
3583	3839	1791	3704	3789	2026
3839	3839	1791	3896	3798	2035
4095	3839	1791	4092	3808	2045
0	4095	1791	2236	3985	2017
255	4095	1791	2251	3985	2018
511	4095	1791	2279	3986	2018
767	4095	1791	2323	3987	2019
1023	4095	1791	2385	3988	2021
1279	4095	1791	2464	3990	2023
1535	4095	1791	2560	3993	2025
1791	4095	1791	2672	3996	2029
2047	4095	1791	2798	3999	2032
2303	4095	1791	2937	4003	2037
2559	4095	1791	3087	4008	2042
2815	4095	1791	3247	4014	2048
3071	4095	1791	3416	4020	2054
3327	4095	1791	3592	4027	2061
3583	4095	1791	3774	4034	2069
3839	4095	1791	3961	4042	2078
4095	4095	1791	4095	3994	2058
0	0	2047	350	114	1892
255	0	2047	456	124	1892
511	0	2047	603	141	1893
767	0	2047	785	169	1894
1023	0	2047	985	207	1896
1279	0	2047	1196	250	1898
1535	0	2047	1413	299	1901
1791	0	2047	1634	351	1904
2047	0	2047	1857	405	1908
2303	0	2047	2081	461	1913
2559	0	2047	2307	519	1919
2815	0	2047	2534	578	1925
3071	0	2047	2761	638	1932
3327	0	2047	2989	698	1940
3583	0	2047	3217	759	1948
3839	0	2047	3445	821	1957
4095	0	2047	3674	883	1968
0	255	2047	387	320	1893
255	255	2047	486	326	1894
511	255	2047	626	337	1895
767	255	2047	803	353	1896
1023	255	2047	999	376	1897
1279	255	2047	1207	404	1900
1535	255	2047	1422	438	1902
1791	255	2047	1641	476	1906
2047	255	2047	1863	519	1910
2303	255	2047	2087	564	1915
2559	255	2047	2312	613	1920
2815	255	2047	2538	663	1927
3071	255	2047	2765	716	1934
3327	255	2047	2992	770	1941
3583	255	2047	3220	825	1950
3839	255	2047	3448	881	1959
4095	255	2047	3676	939	1969
0	511	2047	448	538	1897
255	511	2047	536	541	1897
511	511	2047	665	548	1898
767	511	2047	833	559	1899
1023	511	2047	1023	574	1901
1279	511	2047	1227	593	1903
1535	511	2047	1438	617	1906
1791	511	2047	1655	645	1909
2047	511	2047	1875	676	1913
2303	511	2047	2097	712	1918
2559	511	2047	2321	750	1923
2815	511	2047	2546	792	1930
3071	511	2047	2772	836	1937
3327	511	2047	2998	882	1944
3583	511	2047	3226	930	1953
3839	511	2047	3453	980	1962
4095	511	2047	3681	1031	1972
0	767	2047	532	772	1902
255	767	2047	609	774	1902
511	767	2047	725	779	1903
767	767	2047	881	786	1904
1023	767	2047	1061	797	1906
1279	767	2047	1258	811	1908
1535	767	2047	1464	828	1911
1791	767	2047	1677	849	1914
2047	767	2047	1893	873	1918
2303	767	2047	2113	900	1923
2559	767	2047	2335	930	1929
2815	767	2047	2559	963	1935
3071	767	2047	2783	998	1942
3327	767	2047	3009	1037	1949
3583	767	2047	3235	1077	1958
3839	767	2047	3462	1119	1967
4095	767	2047	3689	1164	1977
0	1023	2047	635	1013	1909
255	1023	2047	700	1015	1910
511	1023	2047	802	1018	1910
767	1023	2047	944	1024	1912
1023	1023	2047	1113	1032	1913
1279	1023	2047	1301	1042	1915
1535	1023	2047	1500	1055	1918
1791	1023	2047	1707	1071	1922
2047	1023	2047	1920	1089	1926
2303	1023	2047	2136	1110	1931
2559	1023	2047	2355	1134	1936
2815	1023	2047	2577	1161	1942
3071	1023	2047	2799	1190	1949
3327	1023	2047	3023	1221	1957
3583	1023	2047	3248	1254	1965
3839	1023	2047	3474	1290	1974
4095	1023	2047	3700	1328	1984
0	1279	2047	749	1257	1919
255	1279	2047	804	1259	1920
511	1279	2047	894	1261	1920
767	1279	2047	1022	1266	1922
1023	1279	2047	1179	1272	1923
1279	1279	2047	1355	1280	1925
1535	1279	2047	1546	1290	1928
1791	1279	2047	1747	1303	1932
2047	1279	2047	1954	1317	1936
2303	1279	2047	2166	1334	1940
2559	1279	2047	2382	1354	1946
2815	1279	2047	2600	1375	1952
3071	1279	2047	2821	1399	1959
3327	1279	2047	3043	1425	1966
3583	1279	2047	3266	1453	1975
3839	1279	2047	3490	1483	1984
4095	1279	2047	3715	1515	1994
0	1535	2047	872	1503	1932
255	1535	2047	919	1504	1932
511	1535	2047	997	1506	1933
767	1535	2047	1112	1510	1934
1023	1535	2047	1256	1515	1936
1279	1535	2047	1421	1521	1938
1535	1535	2047	1603	1530	1941
1791	1535	2047	1796	1540	1944
2047	1535	2047	1997	1552	1948
2303	1535	2047	2204	1566	1953
2559	1535	2047	2415	1582	1958
2815	1535	2047	2630	1600	1964
3071	1535	2047	2848	1619	1971
3327	1535	2047	3067	1641	1978
3583	1535	2047	3288	1665	1987
3839	1535	2047	3511	1690	1996
4095	1535	2047	3734	1718	2006
0	1791	2047	1000	1750	1947
255	1791	2047	1040	1751	1947
511	1791	2047	1109	1753	1948
767	1791	2047	1212	1755	1949
1023	1791	2047	1343	1760	1951
1279	1791	2047	1497	1765	1953
1535	1791	2047	1669	1772	1956
1791	1791	2047	1854	1781	1959
2047	1791	2047	2048	1791	1963
2303	1791	2047	2249	1802	1968
2559	1791	2047	2456	1816	1973
2815	1791	2047	2666	1831	1979
3071	1791	2047	2880	1848	1986
3327	1791	2047	3097	1866	1993
3583	1791	2047	3315	1886	2001
3839	1791	2047	3535	1908	2011
4095	1791	2047	3757	1932	2020
0	2047	2047	1132	1997	1965
255	2047	2047	1167	1998	1965
511	2047	2047	1228	2000	1966
767	2047	2047	1319	2002	1967
1023	2047	2047	1439	2006	1969
1279	2047	2047	1583	2010	1971
1535	2047	2047	1744	2016	1973
1791	2047	2047	1920	2024	1977
2047	2047	2047	2106	2032	1981
2303	2047	2047	2301	2042	1985
2559	2047	2047	2502	2054	1991
2815	2047	2047	2709	2067	1997
3071	2047	2047	2919	2081	2003
3327	2047	2047	3132	2097	2011
3583	2047	2047	3347	2114	2019
3839	2047	2047	3565	2133	2028
4095	2047	2047	3784	2154	2037
0	2303	2047	1266	2245	1986
255	2303	2047	1297	2246	1986
511	2303	2047	1351	2247	1987
767	2303	2047	1434	2249	1988
1023	2303	2047	1543	2252	1989
1279	2303	2047	1676	2256	1991
1535	2303	2047	1827	2262	1994
1791	2303	2047	1994	2268	1997
2047	2303	2047	2173	2275	2001
2303	2303	2047	2361	2284	2006
2559	2303	2047	2556	2294	2011
2815	2303	2047	2757	2305	2017
3071	2303	2047	2963	2318	2023
3327	2303	2047	3172	2332	2031
3583	2303	2047	3384	2347	2039
3839	2303	2047	3599	2364	2048
4095	2303	2047	3815	2382	2057
0	2559	2047	1403	2493	2009
255	2559	2047	1430	2494	2010
511	2559	2047	1478	2495	2010
767	2559	2047	1553	2497	2011
1023	2559	2047	1653	2500	2013
1279	2559	2047	1775	2503	2015
1535	2559	2047	1917	2508	2018
1791	2559	2047	2075	2513	2021
2047	2559	2047	2246	2520	2025
2303	2559	2047	2427	2527	2029
2559	2559	2047	2616	2536	2034
2815	2559	2047	2811	2546	2040
3071	2559	2047	3012	2557	2047
3327	2559	2047	3217	2569	2054
3583	2559	2047	3426	2583	2062
3839	2559	2047	3637	2598	2070
4095	2559	2047	3851	2614	2080
0	2815	2047	1541	2742	2036
255	2815	2047	1566	2742	2036
511	2815	2047	1609	2744	2037
767	2815	2047	1676	2745	2038
1023	2815	2047	1768	2747	2039
1279	2815	2047	1881	2751	2041
1535	2815	2047	2014	2755	2044
1791	2815	2047	2163	2759	2047
2047	2815	2047	2326	2765	2051
2303	2815	2047	2499	2772	2055
2559	2815	2047	2682	2780	2060
2815	2815	2047	2872	2789	2066
3071	2815	2047	3067	2798	2072
3327	2815	2047	3268	2809	2079
3583	2815	2047	3473	2821	2087
3839	2815	2047	3681	2835	2096
4095	2815	2047	3891	2849	2105
0	3071	2047	1680	2991	2065
255	3071	2047	1702	2991	2065
511	3071	2047	1741	2992	2066
767	3071	2047	1803	2993	2067
1023	3071	2047	1887	2995	2068
1279	3071	2047	1992	2998	2070
1535	3071	2047	2116	3002	2073
1791	3071	2047	2257	3006	2076
2047	3071	2047	2411	3011	2080
2303	3071	2047	2578	3017	2084
2559	3071	2047	2754	3024	2089
2815	3071	2047	2938	3032	2095
3071	3071	2047	3128	3041	2101
3327	3071	2047	3324	3051	2108
3583	3071	2047	3524	3062	2116
3839	3071	2047	3729	3074	2124
4095	3071	2047	3936	3086	2133
0	3327	2047	1820	3239	2097
255	3327	2047	1840	3240	2097
511	3327	2047	1876	3241	2098
767	3327	2047	1932	3242	2099
1023	3327	2047	2009	3244	2100
1279	3327	2047	2107	3246	2102
1535	3327	2047	2223	3249	2105
1791	3327	2047	2356	3253	2108
2047	3327	2047	2503	3258	2111
2303	3327	2047	2662	3264	2116
2559	3327	2047	2831	3270	2120
2815	3327	2047	3009	3277	2126
3071	3327	2047	3194	3285	2132
3327	3327	2047	3385	3294	2139
3583	3327	2047	3581	3304	2147
3839	3327	2047	3781	3314	2155
4095	3327	2047	3985	3326	2164
0	3583	2047	1961	3488	2131
255	3583	2047	1979	3488	2132
511	3583	2047	2012	3489	2132
767	3583	2047	2063	3490	2133
1023	3583	2047	2135	3492	2135
1279	3583	2047	2225	3494	2137
1535	3583	2047	2334	3497	2139
1791	3583	2047	2459	3501	2142
2047	3583	2047	2599	3505	2146
2303	3583	2047	2751	3510	2150
2559	3583	2047	2914	3516	2155
2815	3583	2047	3085	3522	2160
3071	3583	2047	3265	3530	2166
3327	3583	2047	3451	3538	2173
3583	3583	2047	3642	3547	2180
3839	3583	2047	3838	3556	2188
4095	3583	2047	4038	3567	2197
0	3839	2047	2102	3737	2169
255	3839	2047	2119	3737	2169
511	3839	2047	2149	3738	2170
767	3839	2047	2196	3739	2171
1023	3839	2047	2262	3741	2172
1279	3839	2047	2347	3743	2174
1535	3839	2047	2449	3745	2176
1791	3839	2047	2567	3749	2179
2047	3839	2047	2699	3753	2183
2303	3839	2047	2845	3757	2187
2559	3839	2047	3001	3762	2191
2815	3839	2047	3166	3768	2197
3071	3839	2047	3340	3775	2203
3327	3839	2047	3521	3782	2209
3583	3839	2047	3708	3790	2216
3839	3839	2047	3899	3799	2224
4095	3839	2047	4095	3809	2233
0	4095	2047	2244	3986	2209
255	4095	2047	2259	3986	2209
511	4095	2047	2287	3987	2209
767	4095	2047	2331	3988	2210
1023	4095	2047	2392	3989	2212
1279	4095	2047	2471	3991	2214
1535	4095	2047	2567	3994	2216
1791	4095	2047	2678	3997	2219
2047	4095	2047	2804	4000	2222
2303	4095	2047	2943	4004	2226
2559	4095	2047	3092	4009	2231
2815	4095	2047	3252	4015	2236
3071	4095	2047	3420	4021	2242
3327	4095	2047	3596	4028	2248
3583	4095	2047	3778	4035	2255
3839	4095	2047	3965	4043	2263
4095	4095	2047	4095	3992	2237
0	0	2303	414	147	2130
255	0	2303	508	157	2131
511	0	2303	643	174	2131
767	0	2303	816	200	2132
1023	0	2303	1010	234	2134
1279	0	2303	1216	274	2135
1535	0	2303	1429	320	2138
1791	0	2303	1647	369	2141
2047	0	2303	1868	421	2144
2303	0	2303	2091	476	2149
2559	0	2303	2316	532	2153
2815	0	2303	2542	590	2159
3071	0	2303	2768	649	2165
3327	0	2303	2995	708	2172
3583	0	2303	3222	768	2179
3839	0	2303	3450	829	2187
4095	0	2303	3678	890	2196
0	255	2303	447	340	2132
255	255	2303	536	346	2132
511	255	2303	665	356	2133
767	255	2303	833	372	2134
1023	255	2303	1023	393	2135
1279	255	2303	1227	421	2137
1535	255	2303	1438	453	2139
1791	255	2303	1655	491	2142
2047	255	2303	1875	532	2146
2303	255	2303	2097	576	2150
2559	255	2303	2321	624	2155
2815	255	2303	2546	673	2160
3071	255	2303	2772	725	2166
3327	255	2303	2998	778	2173
3583	255	2303	3226	833	2180
3839	255	2303	3453	889	2189
4095	255	2303	3681	946	2197
0	511	2303	501	550	2134
255	511	2303	581	554	2135
511	511	2303	702	560	2135
767	511	2303	862	571	2136
1023	511	2303	1047	586	2138
1279	511	2303	1246	605	2140
1535	511	2303	1454	628	2142
1791	511	2303	1668	655	2145
2047	511	2303	1886	687	2149
2303	511	2303	2107	721	2153
2559	511	2303	2330	759	2158
2815	511	2303	2554	800	2163
3071	511	2303	2779	844	2169
3327	511	2303	3005	889	2176
3583	511	2303	3231	937	2183
3839	511	2303	3458	986	2191
4095	511	2303	3686	1037	2200
0	767	2303	578	781	2139
255	767	2303	649	783	2139
511	767	2303	759	788	2140
767	767	2303	908	795	2141
1023	767	2303	1084	805	2142
1279	767	2303	1276	819	2144
1535	767	2303	1479	836	2147
1791	767	2303	1690	857	2150
2047	767	2303	1905	880	2153
2303	767	2303	2123	907	2157
2559	767	2303	2344	937	2162
2815	767	2303	2566	970	2167
3071	767	2303	2790	1005	2173
3327	767	2303	3015	1043	2180
3583	767	2303	3241	1083	2188
3839	767	2303	3467	1125	2196
4095	767	2303	3694	1169	2204
0	1023	2303	673	1019	2145
255	1023	2303	735	1021	2146
511	1023	2303	833	1025	2146
767	1023	2303	970	1030	2147
1023	1023	2303	1135	1038	2149
1279	1023	2303	1318	1048	2151
1535	1023	2303	1515	1061	2153
1791	1023	2303	1720	1077	2156
2047	1023	2303	1931	1095	2160
2303	1023	2303	2146	1116	2164
2559	1023	2303	2364	1140	2168
2815	1023	2303	2584	1166	2174
3071	1023	2303	2806	1195	2180
3327	1023	2303	3030	1226	2186
3583	1023	2303	3254	1260	2194
3839	1023	2303	3479	1295	2202
4095	1023	2303	3705	1332	2211
0	1279	2303	782	1262	2154
255	1279	2303	835	1264	2154
511	1279	2303	921	1266	2155
767	1279	2303	1045	1271	2156
1023	1279	2303	1198	1277	2157
1279	1279	2303	1372	1285	2159
1535	1279	2303	1561	1295	2162
1791	1279	2303	1759	1307	2165
2047	1279	2303	1965	1322	2168
2303	1279	2303	2176	1339	2172
2559	1279	2303	2391	1358	2177
2815	1279	2303	2608	1380	2182
3071	1279	2303	2828	1403	2188
3327	1279	2303	3049	1429	2195
3583	1279	2303	3272	1457	2202
3839	1279	2303	3495	1487	2210
4095	1279	2303	3720	1519	2219
0	1535	2303	899	1507	2165
255	1535	2303	945	1508	2165
511	1535	2303	1021	1510	2166
767	1535	2303	1133	1514	2167
1023	1535	2303	1274	1519	2168
1279	1535	2303	1437	1525	2170
1535	1535	2303	1617	1534	2172
1791	1535	2303	1808	1544	2175
2047	1535	2303	2007	1556	2179
2303	1535	2303	2213	1570	2183
2559	1535	2303	2424	1586	2188
2815	1535	2303	2638	1603	2193
3071	1535	2303	2854	1623	2199
3327	1535	2303	3073	1645	2205
3583	1535	2303	3294	1668	2213
3839	1535	2303	3516	1694	2221
4095	1535	2303	3739	1721	2229
0	1791	2303	1024	1753	2178
255	1791	2303	1063	1754	2178
511	1791	2303	1130	1756	2179
767	1791	2303	1231	1759	2180
1023	1791	2303	1360	1763	2181
1279	1791	2303	1512	1768	2183
1535	1791	2303	1682	1775	2186
1791	1791	2303	1865	1784	2188
2047	1791	2303	2058	1794	2192
2303	1791	2303	2258	1806	2196
2559	1791	2303	2464	1819	2201
2815	1791	2303	2674	1834	2206
3071	1791	2303	2887	1851	2212
3327	1791	2303	3103	1869	2218
3583	1791	2303	3321	1889	2225
3839	1791	2303	3540	1911	2233
4095	1791	2303	3762	1935	2242
0	2047	2303	1152	2000	2194
255	2047	2303	1187	2001	2194
511	2047	2303	1247	2003	2194
767	2047	2303	1337	2005	2195
1023	2047	2303	1455	2009	2197
1279	2047	2303	1597	2013	2199
1535	2047	2303	1757	2019	2201
1791	2047	2303	1931	2026	2204
2047	2047	2303	2116	2035	2207
2303	2047	2303	2310	2045	2211
2559	2047	2303	2510	2056	2216
2815	2047	2303	2716	2069	2221
3071	2047	2303	2925	2084	2227
3327	2047	2303	3138	2100	2233
3583	2047	2303	3353	2117	2241
3839	2047	2303	3570	2136	2248
4095	2047	2303	3789	2156	2257
0	2303	2303	1284	2248	2212
255	2303	2303	1315	2248	2212
511	2303	2303	1368	2250	2213
767	2303	2303	1449	2252	2214
1023	2303	2303	1557	2255	2215
1279	2303	2303	1689	2259	2217
1535	2303	2303	1839	2264	2219
1791	2303	2303	2004	2270	2222
2047	2303	2303	2182	2278	2225
2303	2303	2303	2369	2286	2229
2559	2303	2303	2564	2296	2234
2815	2303	2303	2764	2308	2239
3071	2303	2303	2969	2320	2245
3327	2303	2303	3178	2334	2251
3583	2303	2303	3389	2349	2258
3839	2303	2303	3604	2366	2266
4095	2303	2303	3820	2384	2274
0	2559	2303	1419	2496	2232
255	2559	2303	1446	2496	2233
511	2559	2303	1494	2497	2233
767	2559	2303	1567	2499	2234
1023	2559	2303	1666	2502	2235
1279	2559	2303	1788	2505	2237
1535	2559	2303	1928	2510	2240
1791	2559	2303	2085	2515	2242
2047	2559	2303	2255	2522	2246
2303	2559	2303	2435	2530	2250
2559	2559	2303	2623	2538	2254
2815	2559	2303	2818	2548	2259
3071	2559	2303	3018	2559	2265
3327	2559	2303	3223	2572	2271
3583	2559	2303	3431	2585	2278
3839	2559	2303	3642	2600	2286
4095	2559	2303	3856	2616	2294
0	2815	2303	1555	2744	2255
255	2815	2303	1580	2744	2256
511	2815	2303	1622	2745	2256
767	2815	2303	1689	2747	2257
1023	2815	2303	1780	2749	2259
1279	2815	2303	1892	2753	2260
1535	2815	2303	2024	2757	2263
1791	2815	2303	2173	2761	2265
2047	2815	2303	2334	2767	2269
2303	2815	2303	2507	2774	2273
2559	2815	2303	2689	2782	2277
2815	2815	2303	2878	2790	2282
3071	2815	2303	3074	2800	2288
3327	2815	2303	3274	2811	2294
3583	2815	2303	3478	2823	2301
3839	2815	2303	3686	2836	2308
4095	2815	2303	3896	2851	2317
0	3071	2303	1693	2992	2281
255	3071	2303	1715	2993	2281
511	3071	2303	1754	2994	2282
767	3071	2303	1815	2995	2283
1023	3071	2303	1898	2997	2284
1279	3071	2303	2002	3000	2286
1535	3071	2303	2126	3004	2288
1791	3071	2303	2266	3008	2291
2047	3071	2303	2420	3013	2294
2303	3071	2303	2585	3019	2298
2559	3071	2303	2761	3026	2302
2815	3071	2303	2944	3034	2307
3071	3071	2303	3134	3043	2313
3327	3071	2303	3329	3053	2319
3583	3071	2303	3530	3063	2326
3839	3071	2303	3733	3075	2333
4095	3071	2303	3940	3088	2342
0	3327	2303	1832	3241	2309
255	3327	2303	1852	3241	2310
511	3327	2303	1887	3242	2310
767	3327	2303	1943	3243	2311
1023	3327	2303	2020	3245	2312
1279	3327	2303	2117	3248	2314
1535	3327	2303	2232	3251	2316
1791	3327	2303	2364	3255	2319
2047	3327	2303	2510	3260	2322
2303	3327	2303	2669	3265	2326
2559	3327	2303	2838	3271	2330
2815	3327	2303	3015	3278	2335
3071	3327	2303	3200	3286	2341
3327	3327	2303	3390	3295	2347
3583	3327	2303	3586	3305	2353
3839	3327	2303	3786	3316	2361
4095	3327	2303	3989	3327	2369
0	3583	2303	1971	3489	2340
255	3583	2303	1990	3490	2340
511	3583	2303	2022	3491	2341
767	3583	2303	2073	3492	2342
1023	3583	2303	2144	3494	2343
1279	3583	2303	2234	3496	2345
1535	3583	2303	2343	3499	2347
1791	3583	2303	2467	3502	2350
2047	3583	2303	2606	3507	2353
2303	3583	2303	2758	3511	2356
2559	3583	2303	2920	3517	2361
2815	3583	2303	3091	3524	2365
3071	3583	2303	3270	3531	2371
3327	3583	2303	3456	3539	2377
3583	3583	2303	3647	3548	2383
3839	3583	2303	3843	3558	2391
4095	3583	2303	4042	3568	2399
0	3839	2303	2112	3738	2373
255	3839	2303	2129	3739	2373
511	3839	2303	2158	3739	2374
767	3839	2303	2205	3740	2375
1023	3839	2303	2271	3742	2376
1279	3839	2303	2355	3744	2378
1535	3839	2303	2457	3747	2380
1791	3839	2303	2575	3750	2383
2047	3839	2303	2707	3754	2386
2303	3839	2303	2851	3758	2389
2559	3839	2303	3007	3764	2393
2815	3839	2303	3172	3769	2398
3071	3839	2303	3346	3776	2403
3327	3839	2303	3526	3784	2409
3583	3839	2303	3712	3792	2416
3839	3839	2303	3904	3801	2423
4095	3839	2303	4095	3806	2428
0	4095	2303	2253	3987	2409
255	4095	2303	2268	3987	2409
511	4095	2303	2295	3988	2410
767	4095	2303	2339	3989	2410
1023	4095	2303	2400	3990	2412
1279	4095	2303	2479	3992	2413
1535	4095	2303	2574	3995	2415
1791	4095	2303	2686	3998	2418
2047	4095	2303	2811	4001	2421
2303	4095	2303	2949	4006	2425
2559	4095	2303	3099	4010	2429
2815	4095	2303	3258	4016	2433
3071	4095	2303	3426	4022	2438
3327	4095	2303	3601	4029	2444
3583	4095	2303	3782	4036	2451
3839	4095	2303	3969	4044	2458
4095	4095	2303	4095	3989	2426
0	0	2559	479	184	2369
255	0	2559	563	193	2369
511	0	2559	687	208	2370
767	0	2559	850	232	2370
1023	0	2559	1037	263	2372
1279	0	2559	1238	300	2373
1535	0	2559	1448	343	2375
1791	0	2559	1663	390	2378
2047	0	2559	1881	440	2381
2303	0	2559	2103	492	2385
2559	0	2559	2326	547	2389
2815	0	2559	2550	603	2394
3071	0	2559	2776	661	2399
3327	0	2559	3002	719	2405
3583	0	2559	3229	778	2411
3839	0	2559	3456	838	2419
4095	0	2559	3684	899	2426
0	255	2559	508	362	2370
255	255	2559	588	367	2370
511	255	2559	707	377	2371
767	255	2559	866	392	2372
1023	255	2559	1050	413	2373
1279	255	2559	1249	439	2375
1535	255	2559	1456	470	2377
1791	255	2559	1670	506	2379
2047	255	2559	1888	546	2382
2303	255	2559	2108	590	2386
2559	255	2559	2331	636	2390
2815	255	2559	2555	685	2395
3071	255	2559	2780	736	2400
3327	255	2559	3006	788	2406
3583	255	2559	3232	842	2413
3839	255	2559	3459	898	2420
4095	255	2559	3687	954	2428
0	511	2559	556	564	2372
255	511	2559	629	568	2373
511	511	2559	742	574	2373
767	511	2559	895	585	2374
1023	511	2559	1073	599	2375
1279	511	2559	1267	618	2377
1535	511	2559	1472	640	2379
1791	511	2559	1683	667	2382
2047	511	2559	1899	698	2385
2303	511	2559	2118	732	2389
2559	511	2559	2340	770	2393
2815	511	2559	2563	810	2397
3071	511	2559	2787	853	2403
3327	511	2559	3012	898	2409
3583	511	2559	3238	945	2415
3839	511	2559	3464	994	2422
4095	511	2559	3691	1045	2430
0	767	2559	626	791	2376
255	767	2559	692	793	2377
511	767	2559	796	798	2377
767	767	2559	939	805	2378
1023	767	2559	1109	815	2379
1279	767	2559	1297	829	2381
1535	767	2559	1497	845	2383
1791	767	2559	1705	866	2386
2047	767	2559	1917	889	2389
2303	767	2559	2134	916	2392
2559	767	2559	2354	945	2397
2815	767	2559	2575	978	2401
3071	767	2559	2798	1013	2407
3327	767	2559	3022	1050	2412
3583	767	2559	3247	1090	2419
3839	767	2559	3473	1132	2426
4095	767	2559	3699	1175	2434
0	1023	2559	715	1027	2382
255	1023	2559	773	1029	2382
511	1023	2559	866	1032	2383
767	1023	2559	998	1037	2384
1023	1023	2559	1158	1045	2385
1279	1023	2559	1338	1055	2387
1535	1023	2559	1532	1068	2389
1791	1023	2559	1734	1084	2391
2047	1023	2559	1943	1102	2394
2303	1023	2559	2157	1123	2398
2559	1023	2559	2374	1147	2402
2815	1023	2559	2593	1173	2407
3071	1023	2559	2814	1201	2412
3327	1023	2559	3037	1232	2418
3583	1023	2559	3260	1265	2425
3839	1023	2559	3485	1301	2432
4095	1023	2559	3710	1338	2439
0	1279	2559	818	1268	2390
255	1279	2559	868	1269	2390
511	1279	2559	951	1272	2390
767	1279	2559	1071	1276	2391
1023	1279	2559	1221	1282	2392
1279	1279	2559	1391	1290	2394
1535	1279	2559	1577	1301	2396
1791	1279	2559	1773	1313	2399
2047	1279	2559	1977	1328	2402
2303	1279	2559	2187	1344	2405
2559	1279	2559	2400	1363	2410
2815	1279	2559	2617	1385	2414
3071	1279	2559	2835	1408	2420
3327	1279	2559	3056	1434	2425
3583	1279	2559	3278	1462	2432
3839	1279	2559	3501	1492	2439
4095	1279	2559	3725	1523	2447
0	1535	2559	930	1512	2399
255	1535	2559	974	1513	2399
511	1535	2559	1048	1515	2400
767	1535	2559	1157	1518	2401
1023	1535	2559	1295	1523	2402
1279	1535	2559	1455	1530	2404
1535	1535	2559	1632	1538	2406
1791	1535	2559	1822	1548	2408
2047	1535	2559	2019	1560	2411
2303	1535	2559	2224	1574	2415
2559	1535	2559	2433	1590	2419
2815	1535	2559	2646	1608	2424
3071	1535	2559	2862	1627	2429
3327	1535	2559	3080	1649	2435
3583	1535	2559	3300	1673	2441
3839	1535	2559	3522	1698	2448
4095	1535	2559	3744	1725	2456
0	1791	2559	1050	1757	2411
255	1791	2559	1089	1758	2411
511	1791	2559	1154	1760	2411
767	1791	2559	1253	1763	2412
1023	1791	2559	1379	1767	2413
1279	1791	2559	1529	1772	2415
1535	1791	2559	1697	1779	2417
1791	1791	2559	1878	1788	2420
2047	1791	2559	2070	1798	2423
2303	1791	2559	2268	1809	2426
2559	1791	2559	2473	1823	2430
2815	1791	2559	2682	1838	2435
3071	1791	2559	2894	1854	2440
3327	1791	2559	3110	1873	2446
3583	1791	2559	3327	1893	2452
3839	1791	2559	3546	1915	2459
4095	1791	2559	3767	1938	2467
0	2047	2559	1176	2003	2424
255	2047	2559	1210	2004	2425
511	2047	2559	1268	2006	2425
767	2047	2559	1357	2008	2426
1023	2047	2559	1473	2012	2427
1279	2047	2559	1612	2016	2429
1535	2047	2559	1771	2022	2431
1791	2047	2559	1943	2030	2433
2047	2047	2559	2127	2038	2436
2303	2047	2559	2320	2048	2440
2559	2047	2559	2519	2060	2444
2815	2047	2559	2724	2072	2449
3071	2047	2559	2932	2087	2454
3327	2047	2559	3144	2103	2459
3583	2047	2559	3359	2120	2466
3839	2047	2559	3576	2139	2473
4095	2047	2559	3794	2159	2480
0	2303	2559	1305	2251	2440
255	2303	2559	1335	2251	2440
511	2303	2559	1387	2253	2441
767	2303	2559	1467	2255	2442
1023	2303	2559	1574	2258	2443
1279	2303	2559	1704	2262	2445
1535	2303	2559	1852	2267	2447
1791	2303	2559	2016	2273	2449
2047	2303	2559	2193	2281	2452
2303	2303	2559	2379	2289	2456
2559	2303	2559	2572	2299	2460
2815	2303	2559	2772	2310	2464
3071	2303	2559	2976	2323	2469
3327	2303	2559	3184	2337	2475
3583	2303	2559	3396	2352	2481
3839	2303	2559	3609	2369	2488
4095	2303	2559	3825	2387	2496
0	2559	2559	1437	2498	2458
255	2559	2559	1464	2499	2459
511	2559	2559	1511	2500	2459
767	2559	2559	1583	2502	2460
1023	2559	2559	1681	2504	2461
1279	2559	2559	1801	2508	2463
1535	2559	2559	1941	2512	2465
1791	2559	2559	2097	2518	2467
2047	2559	2559	2265	2524	2470
2303	2559	2559	2444	2532	2474
2559	2559	2559	2632	2541	2478
2815	2559	2559	2826	2551	2482
3071	2559	2559	3026	2562	2487
3327	2559	2559	3230	2574	2493
3583	2559	2559	3437	2587	2499
3839	2559	2559	3648	2602	2506
4095	2559	2559	3861	2618	2513
0	2815	2559	1572	2746	2479
255	2815	2559	1596	2747	2479
511	2815	2559	1638	2748	2480
767	2815	2559	1704	2749	2481
1023	2815	2559	1794	2752	2482
1279	2815	2559	1905	2755	2483
1535	2815	2559	2036	2759	2485
1791	2815	2559	2183	2764	2488
2047	2815	2559	2344	2769	2491
2303	2815	2559	2516	2776	2494
2559	2815	2559	2697	2784	2498
2815	2815	2559	2886	2793	2503
3071	2815	2559	3081	2802	2508
3327	2815	2559	3280	2813	2513
3583	2815	2559	3484	2825	2519
3839	2815	2559	3691	2839	2526
4095	2815	2559	3901	2853	2533
0	3071	2559	1708	2994	2502
255	3071	2559	1730	2995	2502
511	3071	2559	1768	2996	2502
767	3071	2559	1828	2997	2503
1023	3071	2559	1911	2999	2504
1279	3071	2559	2014	3002	2506
1535	3071	2559	2137	3006	2508
1791	3071	2559	2276	3010	2510
2047	3071	2559	2429	3015	2513
2303	3071	2559	2594	3021	2517
2559	3071	2559	2769	3028	2521
2815	3071	2559	2951	3036	2525
3071	3071	2559	3141	3045	2530
3327	3071	2559	3336	3055	2536
3583	3071	2559	3535	3065	2542
3839	3071	2559	3739	3077	2548
4095	3071	2559	3945	3090	2556
0	3327	2559	1845	3243	2527
255	3327	2559	1865	3243	2527
511	3327	2559	1900	3244	2528
767	3327	2559	1955	3245	2528
1023	3327	2559	2031	3247	2530
1279	3327	2559	2128	3250	2531
1535	3327	2559	2243	3253	2533
1791	3327	2559	2374	3257	2535
2047	3327	2559	2520	3261	2538
2303	3327	2559	2677	3267	2542
2559	3327	2559	2845	3273	2546
2815	3327	2559	3022	3280	2550
3071	3327	2559	3206	3288	2555
3327	3327	2559	3396	3297	2560
3583	3327	2559	3592	3307	2566
3839	3327	2559	3791	3318	2573
4095	3327	2559	3994	3329	2580
0	3583	2559	1984	3491	2554
255	3583	2559	2002	3491	2554
511	3583	2559	2034	3492	2555
767	3583	2559	2085	3493	2556
1023	3583	2559	2155	3495	2557
1279	3583	2559	2245	3497	2558
1535	3583	2559	2353	3500	2560
1791	3583	2559	2477	3504	2563
2047	3583	2559	2615	3508	2566
2303	3583	2559	2766	3513	2569
2559	3583	2559	2927	3519	2573
2815	3583	2559	3098	3525	2577
3071	3583	2559	3277	3533	2582
3327	3583	2559	3462	3541	2587
3583	3583	2559	3653	3550	2593
3839	3583	2559	3848	3559	2600
4095	3583	2559	4047	3570	2607
0	3839	2559	2123	3740	2584
255	3839	2559	2140	3740	2584
511	3839	2559	2169	3741	2585
767	3839	2559	2216	3742	2585
1023	3839	2559	2282	3743	2587
1279	3839	2559	2365	3745	2588
1535	3839	2559	2466	3748	2590
1791	3839	2559	2583	3751	2592
2047	3839	2559	2715	3755	2595
2303	3839	2559	2859	3760	2598
2559	3839	2559	3014	3765	2602
2815	3839	2559	3179	3771	2606
3071	3839	2559	3352	3778	2611
3327	3839	2559	3532	3785	2616
3583	3839	2559	3718	3793	2622
3839	3839	2559	3909	3802	2629
4095	3839	2559	4095	3803	2630
0	4095	2559	2263	3988	2616
255	4095	2559	2278	3989	2616
511	4095	2559	2306	3989	2617
767	4095	2559	2349	3990	2617
1023	4095	2559	2410	3992	2618
1279	4095	2559	2488	3994	2620
1535	4095	2559	2583	3996	2622
1791	4095	2559	2694	3999	2624
2047	4095	2559	2819	4003	2627
2303	4095	2559	2956	4007	2630
2559	4095	2559	3105	4012	2634
2815	4095	2559	3264	4017	2638
3071	4095	2559	3432	4023	2643
3327	4095	2559	3606	4030	2648
3583	4095	2559	3788	4038	2654
3839	4095	2559	3974	4046	2660
4095	4095	2559	4095	3986	2621
0	0	2815	544	222	2607
255	0	2815	619	230	2607
511	0	2815	734	243	2608
767	0	2815	888	265	2609
1023	0	2815	1067	293	2610
1279	0	2815	1262	327	2611
1535	0	2815	1468	367	2613
1791	0	2815	1680	412	2615
2047	0	2815	1896	460	2618
2303	0	2815	2116	510	2621
2559	0	2815	2337	563	2625
2815	0	2815	2561	618	2629
3071	0	2815	2785	674	2634
3327	0	2815	3010	731	2639
3583	0	2815	3236	790	2645
3839	0	2815	3463	849	2651
4095	0	2815	3690	909	2658
0	255	2815	570	386	2608
255	255	2815	642	391	2609
511	255	2815	753	400	2609
767	255	2815	903	414	2610
1023	255	2815	1080	434	2611
1279	255	2815	1273	459	2612
1535	255	2815	1477	489	2614
1791	255	2815	1687	524	2617
2047	255	2815	1903	563	2619
2303	255	2815	2121	605	2623
2559	255	2815	2342	650	2626
2815	255	2815	2565	698	2631
3071	255	2815	2789	748	2635
3327	255	2815	3014	800	2640
3583	255	2815	3240	853	2646
3839	255	2815	3466	907	2653
4095	255	2815	3693	963	2659
0	511	2815	613	580	2610
255	511	2815	680	584	2611
511	511	2815	785	590	2611
767	511	2815	930	600	2612
1023	511	2815	1102	614	2613
1279	511	2815	1291	632	2615
1535	511	2815	1492	654	2616
1791	511	2815	1700	681	2619
2047	511	2815	1914	711	2622
2303	511	2815	2131	744	2625
2559	511	2815	2351	781	2628
2815	511	2815	2573	821	2633
3071	511	2815	2796	863	2637
3327	511	2815	3020	908	2643
3583	511	2815	3245	954	2648
3839	511	2815	3471	1003	2655
4095	511	2815	3698	1053	2662
0	767	2815	677	802	2614
255	767	2815	738	804	2614
511	767	2815	836	809	2615
767	767	2815	972	816	2615
1023	767	2815	1137	826	2617
1279	767	2815	1320	839	2618
1535	767	2815	1516	856	2620
1791	767	2815	1721	876	2622
2047	767	2815	1932	899	2625
2303	767	2815	2147	925	2628
2559	767	2815	2365	954	2632
2815	767	2815	2585	986	2636
3071	767	2815	2807	1021	2641
3327	767	2815	3030	1058	2646
3583	767	2815	3255	1098	2652
3839	767	2815	3480	1139	2658
4095	767	2815	3705	1183	2665
0	1023	2815	760	1035	2619
255	1023	2815	814	1037	2619
511	1023	2815	903	1040	2620
767	1023	2815	1029	1046	2620
1023	1023	2815	1185	1053	2622
1279	1023	2815	1361	1064	2623
1535	1023	2815	1551	1076	2625
1791	1023	2815	1751	1092	2627
2047	1023	2815	1958	1110	2630
2303	1023	2815	2169	1131	2633
2559	1023	2815	2385	1154	2637
2815	1023	2815	2603	1180	2641
3071	1023	2815	2823	1208	2646
3327	1023	2815	3045	1239	2651
3583	1023	2815	3268	1272	2657
3839	1023	2815	3492	1307	2663
4095	1023	2815	3717	1344	2670
0	1279	2815	856	1274	2626
255	1279	2815	905	1276	2626
511	1279	2815	984	1278	2626
767	1279	2815	1100	1283	2627
1023	1279	2815	1246	1289	2628
1279	1279	2815	1413	1297	2630
1535	1279	2815	1596	1307	2632
1791	1279	2815	1789	1319	2634
2047	1279	2815	1991	1334	2637
2303	1279	2815	2199	1350	2640
2559	1279	2815	2411	1369	2643
2815	1279	2815	2626	1391	2648
3071	1279	2815	2844	1414	2652
3327	1279	2815	3064	1440	2657
3583	1279	2815	3285	1467	2663
3839	1279	2815	3508	1497	2669
4095	1279	2815	3731	1529	2676
0	1535	2815	964	1517	2634
255	1535	2815	1007	1518	2634
511	1535	2815	1078	1520	2635
767	1535	2815	1183	1524	2636
1023	1535	2815	1318	1529	2637
1279	1535	2815	1476	1535	2638
1535	1535	2815	1650	1543	2640
1791	1535	2815	1837	1554	2642
2047	1535	2815	2033	1565	2645
2303	1535	2815	2236	1579	2648
2559	1535	2815	2444	1595	2652
2815	1535	2815	2656	1613	2656
3071	1535	2815	2871	1632	2661
3327	1535	2815	3088	1654	2666
3583	1535	2815	3307	1677	2671
3839	1535	2815	3528	1703	2678
4095	1535	2815	3750	1730	2685
0	1791	2815	1080	1761	2644
255	1791	2815	1117	1762	2645
511	1791	2815	1181	1764	2645
767	1791	2815	1277	1767	2646
1023	1791	2815	1401	1771	2647
1279	1791	2815	1548	1777	2648
1535	1791	2815	1714	1784	2650
1791	1791	2815	1893	1792	2652
2047	1791	2815	2083	1802	2655
2303	1791	2815	2280	1814	2658
2559	1791	2815	2483	1827	2662
2815	1791	2815	2691	1842	2666
3071	1791	2815	2903	1859	2671
3327	1791	2815	3117	1877	2676
3583	1791	2815	3334	1897	2682
3839	1791	2815	3553	1919	2688
4095	1791	2815	3773	1942	2695
0	2047	2815	1202	2007	2656
255	2047	2815	1235	2008	2657
511	2047	2815	1292	2010	2657
767	2047	2815	1379	2012	2658
1023	2047	2815	1493	2016	2659
1279	2047	2815	1630	2020	2660
1535	2047	2815	1787	2026	2662
1791	2047	2815	1958	2033	2665
2047	2047	2815	2140	2042	2667
2303	2047	2815	2331	2052	2670
2559	2047	2815	2530	2063	2674
2815	2047	2815	2733	2076	2678
3071	2047	2815	2941	2090	2683
3327	2047	2815	3152	2106	2688
3583	2047	2815	3366	2124	2693
3839	2047	2815	3582	2142	2700
4095	2047	2815	3800	2163	2706
0	2303	2815	1328	2254	2671
255	2303	2815	1358	2255	2671
511	2303	2815	1409	2256	2671
767	2303	2815	1487	2258	2672
1023	2303	2815	1592	2261	2673
1279	2303	2815	1720	2265	2675
1535	2303	2815	1867	2270	2676
1791	2303	2815	2030	2276	2679
2047	2303	2815	2205	2284	2681
2303	2303	2815	2390	2292	2684
2559	2303	2815	2582	2302	2688
2815	2303	2815	2781	2313	2692
3071	2303	2815	2984	2326	2697
3327	2303	2815	3192	2340	2702
3583	2303	2815	3403	2355	2707
3839	2303	2815	3616	2372	2714
4095	2303	2815	3831	2390	2720
0	2559	2815	1458	2501	2687
255	2559	2815	1484	2502	2687
511	2559	2815	1530	2503	2688
767	2559	2815	1602	2505	2688
1023	2559	2815	1698	2507	2689
1279	2559	2815	1817	2511	2691
1535	2559	2815	1955	2515	2693
1791	2559	2815	2110	2521	2695
2047	2559	2815	2277	2527	2697
2303	2559	2815	2455	2535	2701
2559	2559	2815	2641	2544	2704
2815	2559	2815	2835	2553	2708
3071	2559	2815	3034	2564	2713
3327	2559	2815	3237	2577	2718
3583	2559	2815	3444	2590	2723
3839	2559	2815	3654	2605	2729
4095	2559	2815	3867	2621	2736
0	2815	2815	1590	2749	2705
255	2815	2815	1614	2749	2705
511	2815	2815	1656	2750	2706
767	2815	2815	1721	2752	2707
1023	2815	2815	1810	2754	2708
1279	2815	2815	1920	2757	2709
1535	2815	2815	2050	2761	2711
1791	2815	2815	2196	2766	2713
2047	2815	2815	2355	2772	2716
2303	2815	2815	2526	2779	2719
2559	2815	2815	2707	2786	2722
2815	2815	2815	2894	2795	2726
3071	2815	2815	3088	2805	2731
3327	2815	2815	3287	2816	2736
3583	2815	2815	3491	2828	2741
3839	2815	2815	3697	2841	2747
4095	2815	2815	3907	2855	2754
0	3071	2815	1724	2996	2726
255	3071	2815	1746	2997	2726
511	3071	2815	1784	2998	2726
767	3071	2815	1844	2999	2727
1023	3071	2815	1925	3001	2728
1279	3071	2815	2028	3004	2729
1535	3071	2815	2150	3008	2731
1791	3071	2815	2288	3012	2733
2047	3071	2815	2440	3017	2736
2303	3071	2815	2604	3023	2739
2559	3071	2815	2778	3030	2743
2815	3071	2815	2960	3038	2746
3071	3071	2815	3149	3047	2751
3327	3071	2815	3343	3057	2756
3583	3071	2815	3542	3068	2761
3839	3071	2815	3745	3079	2767
4095	3071	2815	3951	3092	2774
0	3327	2815	1860	3245	2748
255	3327	2815	1880	3245	2748
511	3327	2815	1915	3246	2749
767	3327	2815	1969	3247	2749
1023	3327	2815	2045	3249	2751
1279	3327	2815	2141	3252	2752
1535	3327	2815	2255	3255	2754
1791	3327	2815	2385	3259	2756
2047	3327	2815	2530	3263	2758
2303	3327	2815	2687	3269	2761
2559	3327	2815	2854	3275	2765
2815	3327	2815	3030	3282	2769
3071	3327	2815	3214	3290	2773
3327	3327	2815	3403	3299	2778
3583	3327	2815	3598	3309	2784
3839	3327	2815	3797	3320	2789
4095	3327	2815	4000	3331	2796
0	3583	2815	1998	3493	2773
255	3583	2815	2016	3493	2773
511	3583	2815	2047	3494	2773
767	3583	2815	2098	3495	2774
1023	3583	2815	2168	3497	2775
1279	3583	2815	2257	3499	2776
1535	3583	2815	2364	3502	2778
1791	3583	2815	2487	3506	2780
2047	3583	2815	2625	3510	2783
2303	3583	2815	2775	3515	2786
2559	3583	2815	2936	3521	2789
2815	3583	2815	3106	3527	2793
3071	3583	2815	3284	3534	2798
3327	3583	2815	3469	3542	2802
3583	3583	2815	3659	3551	2808
3839	3583	2815	3854	3561	2814
4095	3583	2815	4053	3572	2820
0	3839	2815	2136	3741	2799
255	3839	2815	2152	3742	2800
511	3839	2815	2182	3742	2800
767	3839	2815	2228	3743	2801
1023	3839	2815	2293	3745	2802
1279	3839	2815	2376	3747	2803
1535	3839	2815	2477	3750	2805
1791	3839	2815	2593	3753	2807
2047	3839	2815	2724	3757	2810
2303	3839	2815	2868	3761	2812
2559	3839	2815	3022	3767	2816
2815	3839	2815	3187	3773	2820
3071	3839	2815	3359	3779	2824
3327	3839	2815	3539	3787	2829
3583	3839	2815	3724	3795	2834
3839	3839	2815	3915	3804	2840
4095	3839	2815	4095	3800	2836
0	4095	2815	2275	3990	2828
255	4095	2815	2290	3990	2828
511	4095	2815	2317	3991	2829
767	4095	2815	2360	3992	2830
1023	4095	2815	2421	3993	2831
1279	4095	2815	2499	3995	2832
1535	4095	2815	2593	3998	2834
1791	4095	2815	2703	4001	2836
2047	4095	2815	2828	4004	2838
2303	4095	2815	2965	4008	2841
2559	4095	2815	3113	4013	2844
2815	4095	2815	3272	4019	2848
3071	4095	2815	3439	4025	2852
3327	4095	2815	3613	4032	2857
3583	4095	2815	3794	4039	2862
3839	4095	2815	3980	4047	2868
4095	4095	2815	4095	3982	2822
0	0	3071	609	260	2846
255	0	3071	676	267	2846
511	0	3071	782	279	2846
767	0	3071	927	298	2847
1023	0	3071	1100	324	2848
1279	0	3071	1289	356	2849
1535	0	3071	1490	393	2851
1791	0	3071	1699	435	2853
2047	0	3071	1913	481	2856
2303	0	3071	2130	530	2858
2559	0	3071	2350	581	2862
2815	0	3071	2572	634	2865
3071	0	3071	2795	689	2870
3327	0	3071	3019	745	2874
3583	0	3071	3245	802	2880
3839	0	3071	3471	860	2885
4095	0	3071	3697	919	2891
0	255	3071	632	411	2847
255	255	3071	697	416	2847
511	255	3071	800	424	2847
767	255	3071	942	438	2848
1023	255	3071	1112	456	2849
1279	255	3071	1299	481	2850
1535	255	3071	1499	510	2852
1791	255	3071	1706	543	2854
2047	255	3071	1919	581	2857
2303	255	3071	2136	622	2859
2559	255	3071	2355	666	2863
2815	255	3071	2576	712	2867
3071	255	3071	2799	761	2871
3327	255	3071	3023	812	2875
3583	255	3071	3248	864	2881
3839	255	3071	3474	918	2886
4095	255	3071	3700	973	2892
0	511	3071	671	597	2849
255	511	3071	732	601	2849
511	511	3071	831	607	2849
767	511	3071	968	616	2850
1023	511	3071	1133	630	2851
1279	511	3071	1317	648	2852
1535	511	3071	1514	670	2854
1791	511	3071	1719	695	2856
2047	511	3071	1930	725	2859
2303	511	3071	2145	758	2861
2559	511	3071	2363	794	2865
2815	511	3071	2584	833	2868
3071	511	3071	2806	875	2873
3327	511	3071	3029	918	2877
3583	511	3071	3254	965	2883
3839	511	3071	3479	1012	2888
4095	511	3071	3705	1062	2894
0	767	3071	730	814	2852
255	767	3071	787	817	2852
511	767	3071	878	821	2852
767	767	3071	1008	828	2853
1023	767	3071	1167	838	2854
1279	767	3071	1346	851	2855
1535	767	3071	1538	867	2857
1791	767	3071	1740	887	2859
2047	767	3071	1948	910	2862
2303	767	3071	2161	936	2864
2559	767	3071	2377	964	2868
2815	767	3071	2596	996	2872
3071	767	3071	2817	1031	2876
3327	767	3071	3039	1067	2880
3583	767	3071	3263	1106	2886
3839	767	3071	3487	1147	2891
4095	767	3071	3712	1191	2897
0	1023	3071	807	1044	2856
255	1023	3071	858	1046	2856
511	1023	3071	942	1050	2857
767	1023	3071	1063	1055	2858
1023	1023	3071	1214	1063	2859
1279	1023	3071	1385	1073	2860
1535	1023	3071	1572	1085	2862
1791	1023	3071	1769	1100	2864
2047	1023	3071	1974	1118	2866
2303	1023	3071	2183	1139	2869
2559	1023	3071	2397	1162	2872
2815	1023	3071	2614	1188	2876
3071	1023	3071	2833	1216	2880
3327	1023	3071	3054	1246	2885
3583	1023	3071	3276	1279	2890
3839	1023	3071	3499	1314	2896
4095	1023	3071	3724	1351	2902
0	1279	3071	898	1282	2862
255	1279	3071	944	1283	2862
511	1279	3071	1020	1286	2863
767	1279	3071	1132	1290	2864
1023	1279	3071	1273	1296	2864
1279	1279	3071	1436	1304	2866
1535	1279	3071	1616	1314	2867
1791	1279	3071	1807	1326	2870
2047	1279	3071	2007	1341	2872
2303	1279	3071	2213	1357	2875
2559	1279	3071	2423	1376	2878
2815	1279	3071	2637	1397	2882
3071	1279	3071	2854	1421	2886
3327	1279	3071	3073	1446	2891
3583	1279	3071	3294	1474	2896
3839	1279	3071	3515	1503	2901
4095	1279	3071	3738	1535	2908
0	1535	3071	1001	1523	2870
255	1535	3071	1041	1524	2870
511	1535	3071	1110	1526	2870
767	1535	3071	1212	1530	2871
1023	1535	3071	1344	1535	2872
1279	1535	3071	1498	1541	2873
1535	1535	3071	1670	1549	2875
1791	1535	3071	1854	1559	2877
2047	1535	3071	2048	1571	2879
2303	1535	3071	2249	1585	2882
2559	1535	3071	2456	1601	2886
2815	1535	3071	2667	1618	2889
3071	1535	3071	2881	1638	2893
3327	1535	3071	3097	1659	2898
3583	1535	3071	3316	1683	2903
3839	1535	3071	3536	1708	2909
4095	1535	3071	3757	1735	2915
0	1791	3071	1112	1766	2879
255	1791	3071	1148	1767	2879
511	1791	3071	1210	1769	2880
767	1791	3071	1303	1772	2880
1023	1791	3071	1425	1776	2881
1279	1791	3071	1570	1782	2882
1535	1791	3071	1733	1788	2884
1791	1791	3071	1910	1797	2886
2047	1791	3071	2097	1807	2889
2303	1791	3071	2293	1818	2891
2559	1791	3071	2495	1832	2895
2815	1791	3071	2702	1847	2898
3071	1791	3071	2913	1863	2903
3327	1791	3071	3126	1882	2907
3583	1791	3071	3342	1902	2912
3839	1791	3071	3560	1923	2918
4095	1791	3071	3780	1947	2924
0	2047	3071	1230	2011	2890
255	2047	3071	1263	2012	2890
511	2047	3071	1318	2014	2890
767	2047	3071	1403	2016	2891
1023	2047	3071	1515	2020	2892
1279	2047	3071	1650	2024	2893
1535	2047	3071	1804	2030	2895
1791	2047	3071	1974	2037	2897
2047	2047	3071	2154	2046	2899
2303	2047	3071	2344	2056	2902
2559	2047	3071	2541	2067	2906
2815	2047	3071	2744	2080	2909
3071	2047	3071	2950	2094	2913
3327	2047	3071	3161	2110	2918
3583	2047	3071	3374	2128	2923
3839	2047	3071	3589	2146	2929
4095	2047	3071	3807	2167	2935
0	2303	3071	1354	2257	2903
255	2303	3071	1382	2258	2903
511	2303	3071	1432	2259	2903
767	2303	3071	1510	2262	2904
1023	2303	3071	1613	2265	2905
1279	2303	3071	1739	2269	2906
1535	2303	3071	1884	2274	2908
1791	2303	3071	2045	2280	2910
2047	2303	3071	2219	2287	2912
2303	2303	3071	2402	2296	2915
2559	2303	3071	2594	2306	2918
2815	2303	3071	2791	2317	2922
3071	2303	3071	2994	2329	2926
3327	2303	3071	3200	2343	2931
3583	2303	3071	3410	2359	2936
3839	2303	3071	3623	2375	2941
4095	2303	3071	3838	2393	2947
0	2559	3071	1481	2504	2917
255	2559	3071	1507	2505	2917
511	2559	3071	1552	2506	2918
767	2559	3071	1622	2508	2918
1023	2559	3071	1717	2510	2919
1279	2559	3071	1834	2514	2921
1535	2559	3071	1971	2518	2922
1791	2559	3071	2124	2524	2924
2047	2559	3071	2290	2530	2927
2303	2559	3071	2467	2538	2929
2559	2559	3071	2652	2547	2933
2815	2559	3071	2845	2556	2936
3071	2559	3071	3043	2568	2940
3327	2559	3071	3245	2580	2945
3583	2559	3071	3452	2593	2950
3839	2559	3071	3661	2608	2955
4095	2559	3071	3873	2624	2961
0	2815	3071	1611	2751	2934
255	2815	3071	1634	2752	2934
511	2815	3071	1675	2753	2934
767	2815	3071	1739	2755	2935
1023	2815	3071	1827	2757	2936
1279	2815	3071	1936	2760	2937
1535	2815	3071	2065	2764	2939
1791	2815	3071	2209	2769	2941
2047	2815	3071	2368	2775	2943
2303	2815	3071	2538	2781	2946
2559	2815	3071	2717	2789	2949
2815	2815	3071	2904	2798	2953
3071	2815	3071	3097	2808	2957
3327	2815	3071	3296	2819	2961
3583	2815	3071	3498	2831	2966
3839	2815	3071	3704	2844	2972
4095	2815	3071	3913	2858	2978
0	3071	3071	1743	2999	2952
255	3071	3071	1764	2999	2952
511	3071	3071	1802	3000	2953
767	3071	3071	1861	3002	2953
1023	3071	3071	1942	3004	2954
1279	3071	3071	2043	3007	2955
1535	3071	3071	2164	3010	2957
1791	3071	3071	2301	3015	2959
2047	3071	3071	2452	3020	2961
2303	3071	3071	2615	3026	2964
2559	3071	3071	2788	3033	2967
2815	3071	3071	2969	3041	2971
3071	3071	3071	3157	3049	2975
3327	3071	3071	3351	3059	2979
3583	3071	3071	3549	3070	2984
3839	3071	3071	3752	3082	2990
4095	3071	3071	3958	3095	2996
0	3327	3071	1877	3247	2972
255	3327	3071	1897	3247	2972
511	3327	3071	1931	3248	2973
767	3327	3071	1985	3249	2974
1023	3327	3071	2060	3251	2974
1279	3327	3071	2155	3254	2976
1535	3327	3071	2268	3257	2977
1791	3327	3071	2397	3261	2979
2047	3327	3071	2541	3266	2982
2303	3327	3071	2697	3271	2984
2559	3327	3071	2864	3277	2987
2815	3327	3071	3039	3284	2991
3071	3327	3071	3222	3292	2995
3327	3327	3071	3411	3301	2999
3583	3327	3071	3605	3311	3004
3839	3327	3071	3804	3322	3010
4095	3327	3071	4006	3333	3016
0	3583	3071	2013	3495	2994
255	3583	3071	2031	3495	2995
511	3583	3071	2062	3496	2995
767	3583	3071	2112	3497	2996
1023	3583	3071	2182	3499	2997
1279	3583	3071	2270	3501	2998
1535	3583	3071	2376	3504	2999
1791	3583	3071	2499	3508	3001
2047	3583	3071	2636	3512	3004
2303	3583	3071	2785	3517	3006
2559	3583	3071	2945	3523	3010
2815	3583	3071	3115	3529	3013
3071	3583	3071	3292	3536	3017
3327	3583	3071	3476	3544	3021
3583	3583	3071	3666	3553	3026
3839	3583	3071	3860	3563	3032
4095	3583	3071	4059	3574	3037
0	3839	3071	2150	3743	3019
255	3839	3071	2166	3744	3019
511	3839	3071	2195	3744	3019
767	3839	3071	2242	3745	3020
1023	3839	3071	2306	3747	3021
1279	3839	3071	2389	3749	3022
1535	3839	3071	2489	3752	3024
1791	3839	3071	2604	3755	3026
2047	3839	3071	2735	3759	3028
2303	3839	3071	2877	3763	3031
2559	3839	3071	3031	3769	3034
2815	3839	3071	3195	3774	3037
3071	3839	3071	3367	3781	3041
3327	3839	3071	3546	3788	3045
3583	3839	3071	3731	3797	3050
3839	3839	3071	3921	3806	3055
4095	3839	3071	4095	3796	3045
0	4095	3071	2288	3992	3045
255	4095	3071	2303	3992	3045
511	4095	3071	2330	3993	3045
767	4095	3071	2373	3994	3046
1023	4095	3071	2433	3995	3047
1279	4095	3071	2510	3997	3048
1535	4095	3071	2604	3999	3050
1791	4095	3071	2714	4002	3052
2047	4095	3071	2838	4006	3054
2303	4095	3071	2974	4010	3057
2559	4095	3071	3122	4015	3060
2815	4095	3071	3280	4020	3063
3071	4095	3071	3446	4026	3067
3327	4095	3071	3620	4033	3071
3583	4095	3071	3800	4041	3076
3839	4095	3071	3986	4049	3081
4095	4095	3071	4095	3978	3026
0	0	3327	674	297	3084
255	0	3327	735	304	3084
511	0	3327	833	315	3085
767	0	3327	970	332	3085
1023	0	3327	1135	356	3086
1279	0	3327	1319	386	3087
1535	0	3327	1515	421	3089
1791	0	3327	1720	461	3091
2047	0	3327	1931	504	3093
2303	0	3327	2146	551	3096
2559	0	3327	2364	600	3099
2815	0	3327	2584	652	3102
3071	0	3327	2806	705	3106
3327	0	3327	3030	760	3110
3583	0	3327	3254	816	3115
3839	0	3327	3479	873	3120
4095	0	3327	3705	931	3125
0	255	3327	694	437	3085
255	255	3327	754	442	3085
511	255	3327	849	450	3086
767	255	3327	984	463	3086
1023	255	3327	1146	481	3087
1279	255	3327	1328	504	3088
1535	255	3327	1523	531	3090
1791	255	3327	1727	563	3092
2047	255	3327	1937	600	3094
2303	255	3327	2151	639	3097
2559	255	3327	2369	682	3100
2815	255	3327	2589	728	3103
3071	255	3327	2810	776	3107
3327	255	3327	3033	826	3111
3583	255	3327	3257	877	3116
3839	255	3327	3482	930	3121
4095	255	3327	3708	984	3126
0	511	3327	730	616	3087
255	511	3327	787	619	3087
511	511	3327	878	625	3087
767	511	3327	1008	635	3088
1023	511	3327	1167	648	3089
1279	511	3327	1346	665	3090
1535	511	3327	1538	686	3092
1791	511	3327	1740	711	3094
2047	511	3327	1948	740	3096
2303	511	3327	2161	772	3098
2559	511	3327	2377	808	3101
2815	511	3327	2596	846	3105
3071	511	3327	2817	887	3108
3327	511	3327	3039	930	3113
3583	511	3327	3263	976	3117
3839	511	3327	3487	1023	3123
4095	511	3327	3712	1072	3128
0	767	3327	784	828	3090
255	767	3327	837	830	3090
511	767	3327	923	834	3090
767	767	3327	1047	841	3091
1023	767	3327	1200	851	3092
1279	767	3327	1374	864	3093
1535	767	3327	1562	880	3094
1791	767	3327	1760	899	3096
2047	767	3327	1966	922	3099
2303	767	3327	2177	947	3101
2559	767	3327	2391	976	3104
2815	767	3327	2609	1007	3107
3071	767	3327	2828	1041	3111
3327	767	3327	3049	1077	3115
3583	767	3327	3272	1116	3120
3839	767	3327	3496	1157	3125
4095	767	3327	3720	1199	3131
0	1023	3327	856	1055	3094
255	1023	3327	904	1057	3094
511	1023	3327	984	1060	3094
767	1023	3327	1100	1065	3095
1023	1023	3327	1245	1073	3096
1279	1023	3327	1412	1083	3097
1535	1023	3327	1595	1095	3098
1791	1023	3327	1789	1110	3100
2047	1023	3327	1991	1128	3103
2303	1023	3327	2199	1148	3105
2559	1023	3327	2411	1171	3108
2815	1023	3327	2626	1197	3111
3071	1023	3327	2844	1225	3115
3327	1023	3327	3064	1255	3119
3583	1023	3327	3285	1287	3124
3839	1023	3327	3508	1322	3129
4095	1023	3327	3731	1359	3135
0	1279	3327	942	1290	3099
255	1279	3327	985	1291	3099
511	1279	3327	1058	1294	3100
767	1279	3327	1166	1298	3100
1023	1279	3327	1303	1304	3101
1279	1279	3327	1462	1312	3102
1535	1279	3327	1638	1322	3104
1791	1279	3327	1827	1334	3106
2047	1279	3327	2024	1348	3108
2303	1279	3327	2228	1365	3110
2559	1279	3327	2437	1384	3113
2815	1279	3327	2649	1405	3117
3071	1279	3327	2865	1428	3121
3327	1279	3327	3083	1453	3125
3583	1279	3327	3303	1480	3129
3839	1279	3327	3524	1510	3135
4095	1279	3327	3746	1541	3140
0	1535	3327	1040	1529	3106
255	1535	3327	1079	1531	3106
511	1535	3327	1145	1533	3106
767	1535	3327	1244	1536	3107
1023	1535	3327	1372	1541	3108
1279	1535	3327	1523	1548	3109
1535	1535	3327	1691	1556	3111
1791	1535	3327	1873	1566	3112
2047	1535	3327	2065	1578	3115
2303	1535	3327	2264	1591	3117
2559	1535	3327	2469	1607	3120
2815	1535	3327	2679	1624	3124
3071	1535	3327	2891	1644	3127
3327	1535	3327	3107	1665	3131
3583	1535	3327	3325	1688	3136
3839	1535	3327	3544	1713	3141
4095	1535	3327	3765	1740	3147
0	1791	3327	1147	1772	3114
255	1791	3327	1182	1773	3114
511	1791	3327	1242	1775	3115
767	1791	3327	1332	1777	3115
1023	1791	3327	1451	1782	3116
1279	1791	3327	1593	1787	3117
1535	1791	3327	1753	1794	3119
1791	1791	3327	1928	1802	3121
2047	1791	3327	2114	1812	3123
2303	1791	3327	2308	1824	3125
2559	1791	3327	2508	1837	3128
2815	1791	3327	2714	1852	3132
3071	1791	3327	2923	1868	3135
3327	1791	3327	3136	1887	3140
3583	1791	3327	3351	1907	3144
3839	1791	3327	3568	1928	3149
4095	1791	3327	3787	1951	3155
0	2047	3327	1261	2016	3124
255	2047	3327	1293	2017	3124
511	2047	3327	1347	2018	3125
767	2047	3327	1429	2021	3125
1023	2047	3327	1539	2024	3126
1279	2047	3327	1672	2029	3127
1535	2047	3327	1824	2035	3129
1791	2047	3327	1991	2042	3131
2047	2047	3327	2170	2050	3133
2303	2047	3327	2358	2060	3135
2559	2047	3327	2554	2072	3138
2815	2047	3327	2755	2085	3142
3071	2047	3327	2961	2099	3145
3327	2047	3327	3170	2115	3149
3583	2047	3327	3383	2132	3154
3839	2047	3327	3597	2151	3159
4095	2047	3327	3814	2171	3165
0	2303	3327	1381	2261	3135
255	2303	3327	1409	2262	3136
511	2303	3327	1458	2263	3136
767	2303	3327	1534	2266	3137
1023	2303	3327	1635	2269	3138
1279	2303	3327	1759	2273	3139
1535	2303	3327	1903	2278	3140
1791	2303	3327	2062	2284	3142
2047	2303	3327	2234	2291	3144
2303	2303	3327	2416	2300	3147
2559	2303	3327	2606	2310	3150
2815	2303	3327	2802	2321	3153
3071	2303	3327	3004	2333	3157
3327	2303	3327	3210	2347	3161
3583	2303	3327	3419	2362	3165
3839	2303	3327	3631	2379	3170
4095	2303	3327	3845	2397	3176
0	2559	3327	1505	2508	3149
255	2559	3327	1531	2508	3149
511	2559	3327	1575	2509	3149
767	2559	3327	1644	2511	3150
1023	2559	3327	1738	2514	3151
1279	2559	3327	1854	2517	3152
1535	2559	3327	1989	2522	3153
1791	2559	3327	2140	2527	3155
2047	2559	3327	2305	2534	3157
2303	2559	3327	2480	2541	3160
2559	2559	3327	2664	2550	3163
2815	2559	3327	2856	2560	3166
3071	2559	3327	3053	2571	3170
3327	2559	3327	3255	2583	3174
3583	2559	3327	3460	2597	3178
3839	2559	3327	3669	2611	3183
4095	2559	3327	3881	2627	3189
0	2815	3327	1633	2754	3164
255	2815	3327	1656	2755	3164
511	2815	3327	1696	2756	3164
767	2815	3327	1760	2758	3165
1023	2815	3327	1846	2760	3166
1279	2815	3327	1954	2763	3167
1535	2815	3327	2081	2767	3168
1791	2815	3327	2225	2772	3170
2047	2815	3327	2382	2778	3172
2303	2815	3327	2551	2784	3175
2559	2815	3327	2729	2792	3178
2815	2815	3327	2915	2801	3181
3071	2815	3327	3107	2811	3185
3327	2815	3327	3305	2822	3189
3583	2815	3327	3507	2834	3193
3839	2815	3327	3712	2847	3198
4095	2815	3327	3921	2861	3204
0	3071	3327	1763	3002	3180
255	3071	3327	1784	3002	3180
511	3071	3327	1821	3003	3181
767	3071	3327	1879	3005	3181
1023	3071	3327	1959	3007	3182
1279	3071	3327	2060	3009	3183
1535	3071	3327	2179	3013	3185
1791	3071	3327	2315	3017	3187
2047	3071	3327	2465	3023	3189
2303	3071	3327	2627	3029	3191
2559	3071	3327	2799	3035	3194
2815	3071	3327	2980	3043	3197
3071	3071	3327	3167	3052	3201
3327	3071	3327	3360	3062	3205
3583	3071	3327	3558	3073	3210
3839	3071	3327	3759	3084	3215
4095	3071	3327	3965	3097	3220
0	3327	3327	1896	3249	3199
255	3327	3327	1915	3250	3199
511	3327	3327	1949	3251	3199
767	3327	3327	2003	3252	3200
1023	3327	3327	2077	3254	3201
1279	3327	3327	2170	3256	3202
1535	3327	3327	2282	3260	3203
1791	3327	3327	2411	3263	3205
2047	3327	3327	2554	3268	3207
2303	3327	3327	2709	3274	3210
2559	3327	3327	2875	3280	3212
2815	3327	3327	3050	3287	3216
3071	3327	3327	3232	3295	3219
3327	3327	3327	3420	3304	3223
3583	3327	3327	3613	3313	3228
3839	3327	3327	3811	3324	3233
4095	3327	3327	4013	3336	3238
0	3583	3327	2030	3497	3219
255	3583	3327	2048	3498	3219
511	3583	3327	2079	3498	3219
767	3583	3327	2128	3500	3220
1023	3583	3327	2197	3501	3221
1279	3583	3327	2285	3504	3222
1535	3583	3327	2390	3506	3223
1791	3583	3327	2512	3510	3225
2047	3583	3327	2648	3514	3227
2303	3583	3327	2796	3519	3230
2559	3583	3327	2956	3525	3233
2815	3583	3327	3125	3531	3236
3071	3583	3327	3301	3539	3239
3327	3583	3327	3485	3547	3243
3583	3583	3327	3674	3556	3248
3839	3583	3327	3868	3565	3253
4095	3583	3327	4066	3576	3258
0	3839	3327	2166	3745	3241
255	3839	3327	2182	3746	3241
511	3839	3327	2211	3746	3242
767	3839	3327	2257	3747	3242
1023	3839	3327	2321	3749	3243
1279	3839	3327	2403	3751	3244
1535	3839	3327	2502	3754	3245
1791	3839	3327	2617	3757	3247
2047	3839	3327	2746	3761	3249
2303	3839	3327	2888	3765	3252
2559	3839	3327	3042	3771	3255
2815	3839	3327	3205	3777	3258
3071	3839	3327	3376	3783	3261
3327	3839	3327	3554	3791	3265
3583	3839	3327	3739	3799	3270
3839	3839	3327	3929	3808	3274
4095	3839	3327	4095	3792	3258
0	4095	3327	2302	3994	3265
255	4095	3327	2317	3994	3265
511	4095	3327	2344	3995	3265
767	4095	3327	2387	3996	3266
1023	4095	3327	2446	3997	3267
1279	4095	3327	2523	3999	3268
1535	4095	3327	2617	4001	3269
1791	4095	3327	2725	4004	3271
2047	4095	3327	2849	4008	3273
2303	4095	3327	2985	4012	3275
2559	4095	3327	3132	4017	3278
2815	4095	3327	3289	4022	3281
3071	4095	3327	3455	4028	3285
3327	4095	3327	3628	4035	3289
3583	4095	3327	3808	4043	3293
3839	4095	3327	3993	4051	3298
4095	4095	3327	4095	3974	3233
0	0	3583	738	335	3323
255	0	3583	794	341	3323
511	0	3583	885	351	3323
767	0	3583	1014	367	3324
1023	0	3583	1172	389	3325
1279	0	3583	1350	416	3326
1535	0	3583	1542	449	3327
1791	0	3583	1743	487	3329
2047	0	3583	1951	528	3331
2303	0	3583	2163	573	3333
2559	0	3583	2379	621	3336
2815	0	3583	2598	671	3339
3071	0	3583	2819	723	3342
3327	0	3583	3041	776	3346
3583	0	3583	3264	831	3350
3839	0	3583	3489	887	3355
4095	0	3583	3714	944	3360
0	255	3583	757	465	3324
255	255	3583	812	469	3324
511	255	3583	901	477	3324
767	255	3583	1028	489	3325
1023	255	3583	1183	506	3325
1279	255	3583	1360	528	3327
1535	255	3583	1550	554	3328
1791	255	3583	1750	585	3330
2047	255	3583	1957	620	3332
2303	255	3583	2169	659	3334
2559	255	3583	2384	700	3337
2815	255	3583	2602	745	3340
3071	255	3583	2823	791	3343
3327	255	3583	3044	840	3347
3583	255	3583	3267	891	3351
3839	255	3583	3491	943	3356
4095	255	3583	3716	996	3361
0	511	3583	790	636	3325
255	511	3583	842	639	3325
511	511	3583	928	645	3326
767	511	3583	1051	654	3326
1023	511	3583	1203	667	3327
1279	511	3583	1377	684	3328
1535	511	3583	1564	704	3329
1791	511	3583	1762	729	3331
2047	511	3583	1968	757	3333
2303	511	3583	2178	788	3336
2559	511	3583	2393	823	3338
2815	511	3583	2610	860	3341
3071	511	3583	2829	901	3345
3327	511	3583	3050	943	3349
3583	511	3583	3273	988	3353
3839	511	3583	3497	1035	3357
4095	511	3583	3721	1083	3363
0	767	3583	840	842	3328
255	767	3583	889	845	3328
511	767	3583	970	849	3328
767	767	3583	1088	856	3329
1023	767	3583	1235	865	3330
1279	767	3583	1404	878	3331
1535	767	3583	1588	894	3332
1791	767	3583	1783	913	3334
2047	767	3583	1985	935	3336
2303	767	3583	2194	960	3338
2559	767	3583	2406	988	3341
2815	767	3583	2622	1019	3344
3071	767	3583	2840	1052	3347
3327	767	3583	3061	1088	3351
3583	767	3583	3282	1126	3355
3839	767	3583	3505	1167	3360
4095	767	3583	3729	1209	3365
0	1023	3583	907	1066	3331
255	1023	3583	952	1068	3331
511	1023	3583	1027	1071	3332
767	1023	3583	1138	1076	3332
1023	1023	3583	1279	1084	3333
1279	1023	3583	1441	1093	3334
1535	1023	3583	1620	1106	3336
1791	1023	3583	1811	1121	3337
2047	1023	3583	2010	1138	3339
2303	1023	3583	2216	1158	3342
2559	1023	3583	2426	1181	3344
2815	1023	3583	2640	1206	3347
3071	1023	3583	2856	1234	3351
3327	1023	3583	3075	1264	3355
3583	1023	3583	3295	1296	3359
3839	1023	3583	3517	1331	3364
4095	1023	3583	3740	1367	3369
0	1279	3583	988	1299	3336
255	1279	3583	1029	1300	3336
511	1279	3583	1099	1303	3337
767	1279	3583	1202	1307	3337
1023	1279	3583	1335	1313	3338
1279	1279	3583	1490	1321	3339
1535	1279	3583	1663	1331	3341
1791	1279	3583	1848	1343	3342
2047	1279	3583	2043	1357	3344
2303	1279	3583	2245	1373	3347
2559	1279	3583	2452	1392	3349
2815	1279	3583	2663	1413	3352
3071	1279	3583	2877	1436	3356
3327	1279	3583	3094	1461	3360
3583	1279	3583	3313	1488	3364
3839	1279	3583	3533	1517	3368
4095	1279	3583	3755	1548	3373
0	1535	3583	1081	1537	3342
255	1535	3583	1118	1538	3343
511	1535	3583	1182	1540	3343
767	1535	3583	1277	1543	3343
1023	1535	3583	1402	1548	3344
1279	1535	3583	1549	1555	3345
1535	1535	3583	1714	1563	3347
1791	1535	3583	1894	1573	3348
2047	1535	3583	2083	1584	3350
2303	1535	3583	2280	1598	3353
2559	1535	3583	2484	1614	3355
2815	1535	3583	2692	1631	3358
3071	1535	3583	2903	1650	3362
3327	1535	3583	3118	1672	3366
3583	1535	3583	3334	1695	3370
3839	1535	3583	3553	1720	3374
4095	1535	3583	3773	1746	3380
0	1791	3583	1184	1778	3350
255	1791	3583	1218	1779	3350
511	1791	3583	1275	1781	3350
767	1791	3583	1363	1784	3351
1023	1791	3583	1479	1788	3352
1279	1791	3583	1618	1793	3353
1535	1791	3583	1776	1800	3354
1791	1791	3583	1948	1808	3356
2047	1791	3583	2131	1818	3358
2303	1791	3583	2324	1830	3360
2559	1791	3583	2523	1843	3363
2815	1791	3583	2727	1858	3366
3071	1791	3583	2935	1874	3369
3327	1791	3583	3147	1892	3373
3583	1791	3583	3361	1912	3377
3839	1791	3583	3577	1934	3382
4095	1791	3583	3796	1957	3387
0	2047	3583	1294	2021	3359
255	2047	3583	1325	2022	3359
511	2047	3583	1377	2024	3359
767	2047	3583	1458	2026	3360
1023	2047	3583	1565	2029	3361
1279	2047	3583	1696	2034	3362
1535	2047	3583	1845	2040	3363
1791	2047	3583	2010	2047	3365
2047	2047	3583	2187	2056	3367
2303	2047	3583	2374	2065	3369
2559	2047	3583	2568	2077	3372
2815	2047	3583	2768	2089	3375
3071	2047	3583	2972	2104	3378
3327	2047	3583	3181	2119	3382
3583	2047	3583	3392	2137	3386
3839	2047	3583	3606	2155	3391
4095	2047	3583	3823	2176	3396
0	2303	3583	1411	2266	3369
255	2303	3583	1438	2267	3369
511	2303	3583	1486	2268	3370
767	2303	3583	1560	2270	3370
1023	2303	3583	1660	2273	3371
1279	2303	3583	1782	2277	3372
1535	2303	3583	1923	2282	3374
1791	2303	3583	2080	2288	3375
2047	2303	3583	2250	2296	3377
2303	2303	3583	2431	2304	3380
2559	2303	3583	2620	2314	3382
2815	2303	3583	2815	2325	3385
3071	2303	3583	3015	2338	3389
3327	2303	3583	3220	2351	3392
3583	2303	3583	3429	2367	3397
3839	2303	3583	3640	2383	3401
4095	2303	3583	3854	2401	3406
0	2559	3583	1532	2512	3381
255	2559	3583	1557	2512	3381
511	2559	3583	1601	2513	3382
767	2559	3583	1669	2515	3382
1023	2559	3583	1760	2518	3383
1279	2559	3583	1875	2521	3384
1535	2559	3583	2008	2526	3386
1791	2559	3583	2157	2531	3387
2047	2559	3583	2321	2538	3389
2303	2559	3583	2495	2545	3391
2559	2559	3583	2678	2554	3394
2815	2559	3583	2868	2564	3397
3071	2559	3583	3064	2575	3400
3327	2559	3583	3265	2587	3404
3583	2559	3583	3470	2600	3408
3839	2559	3583	3678	2615	3413
4095	2559	3583	3889	2631	3418
0	2815	3583	1657	2758	3395
255	2815	3583	1680	2759	3395
511	2815	3583	1720	2760	3395
767	2815	3583	1782	2761	3396
1023	2815	3583	1867	2763	3397
1279	2815	3583	1974	2767	3398
1535	2815	3583	2099	2771	3399
1791	2815	3583	2241	2775	3401
2047	2815	3583	2397	2781	3403
2303	2815	3583	2565	2788	3405
2559	2815	3583	2742	2796	3408
2815	2815	3583	2927	2804	3411
3071	2815	3583	3118	2814	3414
3327	2815	3583	3315	2825	3418
3583	2815	3583	3516	2837	3422
3839	2815	3583	3721	2850	3426
4095	2815	3583	3929	2864	3431
0	3071	3583	1786	3005	3410
255	3071	3583	1806	3005	3410
511	3071	3583	1843	3006	3411
767	3071	3583	1900	3008	3411
1023	3071	3583	1979	3010	3412
1279	3071	3583	2078	3013	3413
1535	3071	3583	2196	3016	3414
1791	3071	3583	2331	3020	3416
2047	3071	3583	2480	3026	3418
2303	3071	3583	2641	3032	3420
2559	3071	3583	2812	3039	3423
2815	3071	3583	2991	3046	3426
3071	3071	3583	3177	3055	3429
3327	3071	3583	3370	3065	3433
3583	3071	3583	3567	3076	3437
3839	3071	3583	3768	3087	3441
4095	3071	3583	3973	3100	3446
0	3327	3583	1916	3252	3427
255	3327	3583	1935	3253	3427
511	3327	3583	1969	3253	3427
767	3327	3583	2022	3255	3428
1023	3327	3583	2095	3257	3429
1279	3327	3583	2188	3259	3430
1535	3327	3583	2299	3262	3431
1791	3327	3583	2426	3266	3433
2047	3327	3583	2568	3271	3435
2303	3327	3583	2722	3276	3437
2559	3327	3583	2887	3283	3440
2815	3327	3583	3061	3290	3442
3071	3327	3583	3242	3298	3446
3327	3327	3583	3429	3306	3449
3583	3327	3583	3622	3316	3454
3839	3327	3583	3820	3327	3458
4095	3327	3583	4021	3338	3463
0	3583	3583	2049	3500	3445
255	3583	3583	2066	3500	3446
511	3583	3583	2097	3501	3446
767	3583	3583	2146	3502	3446
1023	3583	3583	2214	3504	3447
1279	3583	3583	2301	3506	3448
1535	3583	3583	2405	3509	3450
1791	3583	3583	2526	3513	3451
2047	3583	3583	2661	3517	3453
2303	3583	3583	2809	3522	3455
2559	3583	3583	2967	3527	3458
2815	3583	3583	3135	3534	3461
3071	3583	3583	3311	3541	3464
3327	3583	3583	3494	3549	3468
3583	3583	3583	3683	3558	3472
3839	3583	3583	3876	3568	3476
4095	3583	3583	4074	3578	3481
0	3839	3583	2183	3748	3466
255	3839	3583	2199	3748	3466
511	3839	3583	2227	3749	3466
767	3839	3583	2273	3750	3467
1023	3839	3583	2336	3751	3467
1279	3839	3583	2418	3753	3468
1535	3839	3583	2516	3756	3470
1791	3839	3583	2630	3759	3471
2047	3839	3583	2759	3763	3473
2303	3839	3583	2900	3768	3475
2559	3839	3583	3053	3773	3478
2815	3839	3583	3215	3779	3481
3071	3839	3583	3386	3785	3484
3327	3839	3583	3563	3793	3488
3583	3839	3583	3747	3801	3492
3839	3839	3583	3937	3810	3496
4095	3839	3583	4095	3787	3471
0	4095	3583	2318	3996	3487
255	4095	3583	2333	3996	3488
511	4095	3583	2360	3997	3488
767	4095	3583	2402	3998	3489
1023	4095	3583	2461	3999	3489
1279	4095	3583	2537	4001	3490
1535	4095	3583	2630	4003	3492
1791	4095	3583	2738	4006	3493
2047	4095	3583	2861	4010	3495
2303	4095	3583	2996	4014	3497
2559	4095	3583	3142	4019	3500
2815	4095	3583	3299	4024	3503
3071	4095	3583	3464	4030	3506
3327	4095	3583	3637	4037	3510
3583	4095	3583	3816	4045	3514
3839	4095	3583	4001	4053	3518
4095	4095	3583	4095	3969	3442
0	0	3839	803	373	3561
255	0	3839	855	378	3561
511	0	3839	939	387	3562
767	0	3839	1061	402	3562
1023	0	3839	1212	422	3563
1279	0	3839	1384	448	3564
1535	0	3839	1571	479	3565
1791	0	3839	1768	514	3567
2047	0	3839	1972	554	3569
2303	0	3839	2182	597	3571
2559	0	3839	2396	642	3573
2815	0	3839	2613	691	3576
3071	0	3839	2832	741	3579
3327	0	3839	3053	793	3583
3583	0	3839	3275	847	3587
3839	0	3839	3499	902	3591
4095	0	3839	3723	958	3595
0	255	3839	820	493	3562
255	255	3839	871	497	3562
511	255	3839	954	505	3562
767	255	3839	1073	516	3563
1023	255	3839	1223	532	3564
1279	255	3839	1393	553	3565
1535	255	3839	1578	579	3566
1791	255	3839	1775	608	3567
2047	255	3839	1978	642	3569
2303	255	3839	2188	679	3571
2559	255	3839	2401	720	3574
2815	255	3839	2617	763	3577
3071	255	3839	2836	808	3580
3327	255	3839	3057	856	3583
3583	255	3839	3279	906	3587
3839	255	3839	3502	957	3592
4095	255	3839	3726	1010	3596
0	511	3839	850	657	3563
255	511	3839	899	660	3564
511	511	3839	979	666	3564
767	511	3839	1096	675	3564
1023	511	3839	1242	687	3565
1279	511	3839	1409	703	3566
1535	511	3839	1593	723	3567
1791	511	3839	1787	747	3569
2047	511	3839	1989	774	3571
2303	511	3839	2197	805	3573
2559	511	3839	2409	839	3575
2815	511	3839	2625	876	3578
3071	511	3839	2843	915	3581
3327	511	3839	3063	957	3585
3583	511	3839	3284	1001	3589
3839	511	3839	3507	1047	3593
4095	511	3839	3730	1095	3598
0	767	3839	897	858	3566
255	767	3839	943	860	3566
511	767	3839	1019	865	3566
767	767	3839	1131	871	3567
1023	767	3839	1272	881	3567
1279	767	3839	1436	893	3568
1535	767	3839	1615	909	3570
1791	767	3839	1807	927	3571
2047	767	3839	2006	949	3573
2303	767	3839	2212	974	3575
2559	767	3839	2423	1001	3578
2815	767	3839	2637	1032	3580
3071	767	3839	2854	1065	3584
3327	767	3839	3073	1100	3587
3583	767	3839	3293	1138	3591
3839	767	3839	3515	1178	3595
4095	767	3839	3738	1220	3600
0	1023	3839	959	1078	3569
255	1023	3839	1002	1080	3569
511	1023	3839	1073	1083	3570
767	1023	3839	1179	1088	3570
1023	1023	3839	1315	1096	3571
1279	1023	3839	1473	1105	3572
1535	1023	3839	1647	1117	3573
1791	1023	3839	1835	1132	3575
2047	1023	3839	2031	1150	3576
2303	1023	3839	2234	1169	3579
2559	1023	3839	2442	1192	3581
2815	1023	3839	2654	1217	3584
3071	1023	3839	2869	1244	3587
3327	1023	3839	3087	1274	3590
3583	1023	3839	3306	1306	3594
3839	1023	3839	3527	1340	3599
4095	1023	3839	3749	1376	3603
0	1279	3839	1036	1308	3573
255	1279	3839	1075	1310	3574
511	1279	3839	1141	1312	3574
767	1279	3839	1240	1316	3574
1023	1279	3839	1369	1322	3575
1279	1279	3839	1520	1330	3576
1535	1279	3839	1689	1340	3577
1791	1279	3839	1871	1352	3579
2047	1279	3839	2063	1366	3581
2303	1279	3839	2263	1382	3583
2559	1279	3839	2468	1401	3585
2815	1279	3839	2677	1421	3588
3071	1279	3839	2890	1444	3591
3327	1279	3839	3106	1469	3595
3583	1279	3839	3324	1496	3599
3839	1279	3839	3543	1525	3603
4095	1279	3839	3764	1556	3608
0	1535	3839	1124	1545	3579
255	1535	3839	1160	1546	3579
511	1535	3839	1221	1548	3580
767	1535	3839	1313	1551	3580
1023	1535	3839	1434	1556	3581
1279	1535	3839	1578	1562	3582
1535	1535	3839	1740	1571	3583
1791	1535	3839	1916	1580	3585
2047	1535	3839	2103	1592	3586
2303	1535	3839	2298	1606	3589
2559	1535	3839	2500	1621	3591
2815	1535	3839	2706	1638	3594
3071	1535	3839	2916	1658	3597
3327	1535	3839	3130	1679	3600
3583	1535	3839	3345	1702	3604
3839	1535	3839	3563	1727	3609
4095	1535	3839	3782	1753	3613
0	1791	3839	1223	1785	3586
255	1791	3839	1255	1786	3586
511	1791	3839	1311	1787	3586
767	1791	3839	1397	1790	3587
1023	1791	3839	1509	1794	3588
1279	1791	3839	1645	1800	3589
1535	1791	3839	1800	1806	3590
1791	1791	3839	1969	1815	3591
2047	1791	3839	2151	1824	3593
2303	1791	3839	2341	1836	3595
2559	1791	3839	2538	1849	3598
2815	1791	3839	2741	1864	3601
3071	1791	3839	2948	1880	3604
3327	1791	3839	3158	1898	3607
3583	1791	3839	3372	1918	3611
3839	1791	3839	3587	1940	3615
4095	1791	3839	3805	1963	3620
0	2047	3839	1330	2027	3594
255	2047	3839	1359	2028	3594
511	2047	3839	1410	2029	3595
767	2047	3839	1489	2032	3595
1023	2047	3839	1593	2035	3596
1279	2047	3839	1721	2040	3597
1535	2047	3839	1868	2045	3598
1791	2047	3839	2031	2053	3600
2047	2047	3839	2206	2061	3601
2303	2047	3839	2391	2071	3604
2559	2047	3839	2583	2082	3606
2815	2047	3839	2782	2095	3609
3071	2047	3839	2985	2109	3612
3327	2047	3839	3192	2125	3615
3583	2047	3839	3403	2142	3619
3839	2047	3839	3616	2161	3623
4095	2047	3839	3832	2181	3628
0	2303	3839	1443	2271	3604
255	2303	3839	1470	2272	3604
511	2303	3839	1516	2273	3604
767	2303	3839	1588	2275	3605
1023	2303	3839	1686	2278	3605
1279	2303	3839	1806	2282	3606
1535	2303	3839	1945	2287	3608
1791	2303	3839	2100	2293	3609
2047	2303	3839	2268	2300	3611
2303	2303	3839	2447	2309	3613
2559	2303	3839	2634	2319	3616
2815	2303	3839	2828	2330	3618
3071	2303	3839	3028	2342	3621
3327	2303	3839	3232	2356	3625
3583	2303	3839	3439	2371	3629
3839	2303	3839	3650	2388	3633
4095	2303	3839	3863	2405	3638
0	2559	3839	1561	2516	3615
255	2559	3839	1586	2516	3615
511	2559	3839	1628	2518	3615
767	2559	3839	1695	2519	3616
1023	2559	3839	1785	2522	3616
1279	2559	3839	1897	2526	3617
1535	2559	3839	2029	2530	3619
1791	2559	3839	2176	2535	3620
2047	2559	3839	2338	2542	3622
2303	2559	3839	2510	2549	3624
2559	2559	3839	2692	2558	3627
2815	2559	3839	2881	2568	3629
3071	2559	3839	3076	2579	3632
3327	2559	3839	3276	2591	3636
3583	2559	3839	3480	2604	3640
3839	2559	3839	3688	2619	3644
4095	2559	3839	3898	2635	3648
0	2815	3839	1684	2762	3627
255	2815	3839	1706	2762	3627
511	2815	3839	1745	2763	3628
767	2815	3839	1806	2765	3628
1023	2815	3839	1890	2767	3629
1279	2815	3839	1995	2770	3630
1535	2815	3839	2119	2774	3631
1791	2815	3839	2259	2779	3633
2047	2815	3839	2414	2785	3634
2303	2815	3839	2580	2792	3637
2559	2815	3839	2756	2799	3639
2815	2815	3839	2939	2808	3642
3071	2815	3839	3130	2818	3645
3327	2815	3839	3326	2829	3648
3583	2815	3839	3526	2841	3652
3839	2815	3839	3730	2854	3656
4095	2815	3839	3937	2868	3661
0	3071	3839	1810	3008	3641
255	3071	3839	1830	3009	3641
511	3071	3839	1866	3010	3642
767	3071	3839	1922	3011	3642
1023	3071	3839	2000	3013	3643
1279	3071	3839	2098	3016	3644
1535	3071	3839	2215	3019	3645
1791	3071	3839	2348	3024	3647
2047	3071	3839	2496	3029	3648
2303	3071	3839	2655	3035	3650
2559	3071	3839	2825	3042	3653
2815	3071	3839	3003	3050	3656
3071	3071	3839	3189	3058	3659
3327	3071	3839	3380	3068	3662
3583	3071	3839	3577	3079	3666
3839	3071	3839	3777	3091	3670
4095	3071	3839	3981	3103	3674
0	3327	3839	1938	3255	3657
255	3327	3839	1957	3256	3657
511	3327	3839	1990	3256	3657
767	3327	3839	2042	3258	3658
1023	3327	3839	2114	3260	3658
1279	3327	3839	2206	3262	3659
1535	3327	3839	2316	3265	3660
1791	3327	3839	2442	3269	3662
2047	3327	3839	2583	3274	3664
2303	3327	3839	2736	3279	3666
2559	3327	3839	2900	3286	3668
2815	3327	3839	3073	3293	3671
3071	3327	3839	3253	3301	3674
3327	3327	3839	3440	3309	3677
3583	3327	3839	3632	3319	3681
3839	3327	3839	3829	3330	3685
4095	3327	3839	4029	3341	3690
0	3583	3839	2069	3503	3674
255	3583	3839	2086	3503	3674
511	3583	3839	2117	3504	3674
767	3583	3839	2165	3505	3675
1023	3583	3839	2232	3507	3675
1279	3583	3839	2318	3509	3676
1535	3583	3839	2422	3512	3677
1791	3583	3839	2542	3515	3679
2047	3583	3839	2676	3520	3681
2303	3583	3839	2822	3524	3683
2559	3583	3839	2980	3530	3685
2815	3583	3839	3147	3537	3688
3071	3583	3839	3322	3544	3691
3327	3583	3839	3504	3552	3694
3583	3583	3839	3692	3561	3698
3839	3583	3839	3885	3570	3702
4095	3583	3839	4082	3581	3707
0	3839	3839	2202	3750	3692
255	3839	3839	2218	3751	3692
511	3839	3839	2246	3751	3693
767	3839	3839	2291	3752	3693
1023	3839	3839	2354	3754	3694
1279	3839	3839	2434	3756	3695
1535	3839	3839	2532	3759	3696
1791	3839	3839	2645	3762	3697
2047	3839	3839	2773	3766	3699
2303	3839	3839	2913	3770	3701
2559	3839	3839	3065	3775	3704
2815	3839	3839	3226	3781	3706
3071	3839	3839	3396	3788	3709
3327	3839	3839	3573	3795	3713
3583	3839	3839	3757	3803	3716
3839	3839	3839	3945	3812	3720
4095	3839	3839	4095	3782	3686
0	4095	3839	2336	3998	3712
255	4095	3839	2350	3998	3712
511	4095	3839	2377	3999	3713
767	4095	3839	2419	4000	3713
1023	4095	3839	2477	4001	3714
1279	4095	3839	2553	4003	3715
1535	4095	3839	2645	4006	3716
1791	4095	3839	2752	4009	3718
2047	4095	3839	2874	4012	3719
2303	4095	3839	3008	4016	3721
2559	4095	3839	3154	4021	3724
2815	4095	3839	3310	4027	3726
3071	4095	3839	3475	4033	3729
3327	4095	3839	3647	4040	3733
3583	4095	3839	3825	4047	3736
3839	4095	3839	4010	4055	3740
4095	4095	3839	4095	3963	3652
0	0	4095	868	410	3800
255	0	4095	915	415	3800
511	0	4095	994	424	3800
767	0	4095	1109	437	3801
1023	0	4095	1253	456	3801
1279	0	4095	1419	480	3802
1535	0	4095	1601	509	3803
1791	0	4095	1794	543	3805
2047	0	4095	1996	580	3806
2303	0	4095	2203	621	3808
2559	0	4095	2414	665	3811
2815	0	4095	2629	712	3813
3071	0	4095	2847	761	3816
3327	0	4095	3066	812	3819
3583	0	4095	3288	864	3823
3839	0	4095	3510	918	3827
4095	0	4095	3733	973	3831
0	255	4095	884	523	3800
255	255	4095	930	527	3801
511	255	4095	1008	534	3801
767	255	4095	1121	545	3801
1023	255	4095	1264	560	3802
1279	255	4095	1428	580	3803
1535	255	4095	1609	604	3804
1791	255	4095	1801	633	3805
2047	255	4095	2001	665	3807
2303	255	4095	2208	701	3809
2559	255	4095	2419	740	3811
2815	255	4095	2634	782	3814
3071	255	4095	2851	826	3817
3327	255	4095	3070	873	3820
3583	255	4095	3291	922	3824
3839	255	4095	3513	972	3828
4095	255	4095	3736	1024	3832
0	511	4095	911	680	3802
255	511	4095	956	683	3802
511	511	4095	1032	688	3802
767	511	4095	1142	696	3803
1023	511	4095	1282	708	3803
1279	511	4095	1444	724	3804
1535	511	4095	1623	744	3805
1791	511	4095	1813	767	3807
2047	511	4095	2012	793	3808
2303	511	4095	2217	823	3810
2559	511	4095	2427	856	3813
2815	511	4095	2641	892	3815
3071	511	4095	2857	931	3818
3327	511	4095	3076	972	3821
3583	511	4095	3296	1016	3825
3839	511	4095	3518	1061	3829
4095	511	4095	3741	1108	3833
0	767	4095	954	875	3804
255	767	4095	997	877	3804
511	767	4095	1069	881	3804
767	767	4095	1176	888	3805
1023	767	4095	1311	897	3805
1279	767	4095	1470	909	3806
1535	767	4095	1645	924	3807
1791	767	4095	1832	943	3809
2047	767	4095	2029	964	3811
2303	767	4095	2232	988	3813
2559	767	4095	2441	1016	3815
2815	767	4095	2653	1045	3817
3071	767	4095	2868	1078	3820
3327	767	4095	3086	1113	3824
3583	767	4095	3305	1150	3827
3839	767	4095	3526	1190	3831
4095	767	4095	3748	1231	3835
0	1023	4095	1013	1091	3807
255	1023	4095	1053	1093	3807
511	1023	4095	1121	1096	3807
767	1023	4095	1222	1101	3808
1023	1023	4095	1352	1108	3809
1279	1023	4095	1506	1118	3809
1535	1023	4095	1676	1130	3811
1791	1023	4095	1860	1145	3812
2047	1023	4095	2053	1162	3814
2303	1023	4095	2254	1181	3816
2559	1023	4095	2460	1204	3818
2815	1023	4095	2670	1228	3820
3071	1023	4095	2884	1255	3823
3327	1023	4095	3100	1285	3827
3583	1023	4095	3318	1316	3830
3839	1023	4095	3538	1350	3834
4095	1023	4095	3759	1386	3838
0	1279	4095	1085	1319	3811
255	1279	4095	1122	1320	3811
511	1279	4095	1185	1323	3811
767	1279	4095	1281	1327	3812
1023	1279	4095	1405	1333	3813
1279	1279	4095	1552	1340	3813
1535	1279	4095	1717	1350	3815
1791	1279	4095	1896	1362	3816
2047	1279	4095	2085	1376	3818
2303	1279	4095	2282	1392	3820
2559	1279	4095	2485	1410	3822
2815	1279	4095	2693	1431	3825
3071	1279	4095	2905	1453	3827
3327	1279	4095	3119	1478	3831
3583	1279	4095	3335	1505	3834
3839	1279	4095	3554	1534	3838
4095	1279	4095	3774	1565	3842
0	1535	4095	1169	1553	3816
255	1535	4095	1204	1554	3816
511	1535	4095	1262	1556	3817
767	1535	4095	1351	1560	3817
1023	1535	4095	1468	1565	3818
1279	1535	4095	1608	1571	3819
1535	1535	4095	1767	1579	3820
1791	1535	4095	1940	1589	3821
2047	1535	4095	2124	1600	3823
2303	1535	4095	2317	1614	3825
2559	1535	4095	2517	1629	3827
2815	1535	4095	2722	1646	3830
3071	1535	4095	2930	1666	3833
3327	1535	4095	3142	1687	3836
3583	1535	4095	3357	1709	3839
3839	1535	4095	3574	1734	3843
4095	1535	4095	3792	1761	3847
0	1791	4095	1264	1792	3822
255	1791	4095	1295	1793	3823
511	1791	4095	1349	1794	3823
767	1791	4095	1432	1797	3823
1023	1791	4095	1541	1801	3824
1279	1791	4095	1674	1807	3825
1535	1791	4095	1826	1813	3826
1791	1791	4095	1993	1822	3828
2047	1791	4095	2171	1831	3829
2303	1791	4095	2360	1843	3831
2559	1791	4095	2555	1856	3833
2815	1791	4095	2756	1871	3836
3071	1791	4095	2962	1887	3839
3327	1791	4095	3171	1905	3842
3583	1791	4095	3383	1925	3846
3839	1791	4095	3598	1946	3849
4095	1791	4095	3815	1969	3854
0	2047	4095	1367	2033	3830
255	2047	4095	1395	2034	3830
511	2047	4095	1445	2035	3830
767	2047	4095	1521	2038	3831
1023	2047	4095	1624	2041	3832
1279	2047	4095	1749	2046	3833
1535	2047	4095	1893	2052	3834
1791	2047	4095	2053	2059	3835
2047	2047	4095	2226	2067	3837
2303	2047	4095	2409	2077	3839
2559	2047	4095	2600	2088	3841
2815	2047	4095	2797	2101	3843
3071	2047	4095	2999	2115	3846
3327	2047	4095	3205	2131	3850
3583	2047	4095	3415	2148	3853
3839	2047	4095	3627	2166	3857
4095	2047	4095	3841	2186	3861
0	2303	4095	1477	2276	3839
255	2303	4095	1503	2277	3839
511	2303	4095	1548	2278	3839
767	2303	4095	1619	2280	3840
1023	2303	4095	1714	2283	3840
1279	2303	4095	1832	2287	3841
1535	2303	4095	1969	2292	3842
1791	2303	4095	2122	2298	3844
2047	2303	4095	2288	2306	3845
2303	2303	4095	2465	2314	3847
2559	2303	4095	2650	2324	3850
2815	2303	4095	2843	2335	3852
3071	2303	4095	3041	2347	3855
3327	2303	4095	3244	2361	3858
3583	2303	4095	3451	2376	3862
3839	2303	4095	3660	2393	3866
4095	2303	4095	3872	2410	3870
0	2559	4095	1592	2521	3849
255	2559	4095	1616	2521	3849
511	2559	4095	1657	2522	3849
767	2559	4095	1723	2524	3850
1023	2559	4095	1811	2527	3851
1279	2559	4095	1922	2530	3851
1535	2559	4095	2051	2535	3853
1791	2559	4095	2197	2540	3854
2047	2559	4095	2357	2546	3856
2303	2559	4095	2528	2554	3858
2559	2559	4095	2708	2563	3860
2815	2559	4095	2895	2572	3862
3071	2559	4095	3089	2583	3865
3327	2559	4095	3288	2595	3868
3583	2559	4095	3491	2609	3872
3839	2559	4095	3698	2623	3876
4095	2559	4095	3907	2639	3880
0	2815	4095	1712	2766	3860
255	2815	4095	1734	2766	3861
511	2815	4095	1772	2767	3861
767	2815	4095	1832	2769	3861
1023	2815	4095	1914	2771	3862
1279	2815	4095	2018	2774	3863
1535	2815	4095	2140	2778	3864
1791	2815	4095	2279	2783	3865
2047	2815	4095	2432	2789	3867
2303	2815	4095	2596	2796	3869
2559	2815	4095	2771	2803	3871
2815	2815	4095	2953	2812	3874
3071	2815	4095	3143	2822	3877
3327	2815	4095	3338	2833	3880
3583	2815	4095	3537	2845	3883
3839	2815	4095	3740	2858	3887
4095	2815	4095	3947	2872	3891
0	3071	4095	1835	3012	3873
255	3071	4095	1855	3012	3873
511	3071	4095	1891	3013	3874
767	3071	4095	1946	3015	3874
1023	3071	4095	2023	3017	3875
1279	3071	4095	2120	3020	3876
1535	3071	4095	2235	3023	3877
1791	3071	4095	2367	3027	3878
2047	3071	4095	2513	3033	3880
2303	3071	4095	2671	3039	3882
2559	3071	4095	2840	3046	3884
2815	3071	4095	3017	3053	3886
3071	3071	4095	3202	3062	3889
3327	3071	4095	3392	3072	3892
3583	3071	4095	3587	3083	3896
3839	3071	4095	3787	3094	3900
4095	3071	4095	3991	3107	3904
0	3327	4095	1962	3259	3887
255	3327	4095	1980	3259	3888
511	3327	4095	2013	3260	3888
767	3327	4095	2064	3261	3888
1023	3327	4095	2136	3263	3889
1279	3327	4095	2226	3265	3890
1535	3327	4095	2335	3269	3891
1791	3327	4095	2460	3273	3892
2047	3327	4095	2600	3277	3894
2303	3327	4095	2752	3283	3896
2559	3327	4095	2914	3289	3898
2815	3327	4095	3086	3296	3901
3071	3327	4095	3265	3304	3903
3327	3327	4095	3451	3313	3907
3583	3327	4095	3643	3322	3910
3839	3327	4095	3839	3333	3914
4095	3327	4095	4039	3345	3918
0	3583	4095	2091	3506	3903
255	3583	4095	2108	3506	3903
511	3583	4095	2138	3507	3904
767	3583	4095	2186	3508	3904
1023	3583	4095	2252	3510	3905
1279	3583	4095	2337	3512	3906
1535	3583	4095	2440	3515	3907
1791	3583	4095	2558	3518	3908
2047	3583	4095	2691	3523	3910
2303	3583	4095	2837	3527	3912
2559	3583	4095	2994	3533	3914
2815	3583	4095	3160	3540	3916
3071	3583	4095	3334	3547	3919
3327	3583	4095	3515	3555	3922
3583	3583	4095	3702	3564	3926
3839	3583	4095	3895	3573	3929
4095	3583	4095	4091	3584	3934
0	3839	4095	2222	3753	3920
255	3839	4095	2238	3753	3920
511	3839	4095	2265	3754	3921
767	3839	4095	2310	3755	3921
1023	3839	4095	2372	3757	3922
1279	3839	4095	2452	3759	3923
1535	3839	4095	2549	3761	3924
1791	3839	4095	2661	3765	3925
2047	3839	4095	2788	3768	3927
2303	3839	4095	2927	3773	3929
2559	3839	4095	3078	3778	3931
2815	3839	4095	3239	3784	3933
3071	3839	4095	3408	3791	3936
3327	3839	4095	3584	3798	3939
3583	3839	4095	3767	3806	3943
3839	3839	4095	3955	3815	3946
4095	3839	4095	4095	3776	3901
0	4095	4095	2354	4001	3939
255	4095	4095	2369	4001	3939
511	4095	4095	2395	4002	3939
767	4095	4095	2437	4003	3940
1023	4095	4095	2495	4004	3940
1279	4095	4095	2570	4006	3941
1535	4095	4095	2661	4008	3942
1791	4095	4095	2768	4011	3944
2047	4095	4095	2888	4015	3945
2303	4095	4095	3022	4019	3947
2559	4095	4095	3167	4024	3949
2815	4095	4095	3322	4029	3952
3071	4095	4095	3486	4035	3955
3327	4095	4095	3657	4042	3958
3583	4095	4095	3835	4050	3961
3839	4095	4095	4019	4058	3965
4095	4095	4095	4095	3958	3862
